
COMMAND ["C:\\Program Files\\Git\\cmd\\git.exe","rev-parse","HEAD"]
7ffafd3fd157208ec3af4ee10e644e846064f120
RESULT {"executable":"C:\\Program Files\\Git\\cmd\\git.exe","arguments":["rev-parse","HEAD"],"cwd":"C:\\Users\\requi\\.omp\\wt\\t64b25565c\\m","started_at":"2026-10-09T14:28:56.113Z","exit_code":0,"signal":null,"timed_out":false,"error":null,"duration_ms":18}

COMMAND ["C:\\Program Files\\Git\\cmd\\git.exe","hash-object","src/js/lexer.zig","engineering/evidence/FP-0082/raw/mutation-M1.diff"]
ae785b64df9c0d84603019be6316bdd0224ba056
d6b884bd0707699168764f0d658d3b31c97bb51f
RESULT {"executable":"C:\\Program Files\\Git\\cmd\\git.exe","arguments":["hash-object","src/js/lexer.zig","engineering/evidence/FP-0082/raw/mutation-M1.diff"],"cwd":"C:\\Users\\requi\\.omp\\wt\\t64b25565c\\m","started_at":"2026-10-09T14:28:56.185Z","exit_code":0,"signal":null,"timed_out":false,"error":null,"duration_ms":19}

COMMAND ["C:\\Program Files\\Git\\cmd\\git.exe","apply","engineering/evidence/FP-0082/raw/mutation-M1.diff"]
RESULT {"executable":"C:\\Program Files\\Git\\cmd\\git.exe","arguments":["apply","engineering/evidence/FP-0082/raw/mutation-M1.diff"],"cwd":"C:\\Users\\requi\\.omp\\wt\\t64b25565c\\m","started_at":"2026-10-09T14:28:56.259Z","exit_code":0,"signal":null,"timed_out":false,"error":null,"duration_ms":18}

COMMAND ["C:\\Program Files\\Git\\cmd\\git.exe","hash-object","src/js/lexer.zig"]
fc564f3fe5057fdd0961ec3bf5dc5c5ac03dbc61
RESULT {"executable":"C:\\Program Files\\Git\\cmd\\git.exe","arguments":["hash-object","src/js/lexer.zig"],"cwd":"C:\\Users\\requi\\.omp\\wt\\t64b25565c\\m","started_at":"2026-10-09T14:28:56.330Z","exit_code":0,"signal":null,"timed_out":false,"error":null,"duration_ms":19}

COMMAND ["C:\\src\\fairpane\\.tools\\zig\\0.18.0-dev.120+9fe22a29b\\x86_64-windows\\zig.exe","test","src/root.zig","--test-filter","FP-0082 case 2:","--cache-dir","out/fp0082-mutation-cache"]
1/6 root.test_0...OK
2/6 css.css.test_0...OK
3/6 font.opentype.test_0...OK
4/6 html.root.test_0...OK
5/6 js.runtime.test_0...OK
6/6 js.parser.test.FP-0082 case 2: each source produces exactly its syntax-tree dump...case T31 LS
expected: (script sloppy (var-declared-names) (functions-to-initialize) (expression (identifier a)) (expression (identifier b)))
actual:   syntax-error unexpected_token @2
FAIL (TestExpectedEqual)
C:\Users\requi\.omp\wt\t64b25565c\m\src\js\parser.zig:2686:24: 0x7ff7dcc23249 in expectCases (test_zcu.obj)
    if (failures != 0) return error.TestExpectedEqual;
                       ^
C:\Users\requi\.omp\wt\t64b25565c\m\src\js\parser.zig:2761:5: 0x7ff7dcc232b2 in test.FP-0082 case 2: each source produces exactly its syntax-tree dump (test_zcu.obj)
    try expectCases(&t_cases);
    ^
5 passed; 0 skipped; 1 failed.
error: the following test command failed with exit code 1:
out\fp0082-mutation-cache\o\6f9e0f8fd45366cda34f0d25c90d2c06\test.exe --seed=0xd0a0205c
RESULT {"executable":"C:\\src\\fairpane\\.tools\\zig\\0.18.0-dev.120+9fe22a29b\\x86_64-windows\\zig.exe","arguments":["test","src/root.zig","--test-filter","FP-0082 case 2:","--cache-dir","out/fp0082-mutation-cache"],"cwd":"C:\\Users\\requi\\.omp\\wt\\t64b25565c\\m","started_at":"2026-10-09T14:28:56.402Z","exit_code":1,"signal":null,"timed_out":false,"error":null,"duration_ms":2305,"environment_overrides":{"ZIG_GLOBAL_CACHE_DIR":"C:\\src\\fairpane\\.zig-cache\\global"}}

COMMAND ["C:\\src\\fairpane\\.tools\\zig\\0.18.0-dev.120+9fe22a29b\\x86_64-windows\\zig.exe","test","src/root.zig","--test-filter","FP-0082 case 14:","--cache-dir","out/fp0082-mutation-cache"]
1/6 root.test_0...OK
2/6 css.css.test_0...OK
3/6 font.opentype.test_0...OK
4/6 html.root.test_0...OK
5/6 js.runtime.test_0...OK
6/6 js.parser.test.FP-0082 case 14: random sources, prefixes, and deletions yield outcomes without a panic or a leak...OK
All 6 tests passed.
RESULT {"executable":"C:\\src\\fairpane\\.tools\\zig\\0.18.0-dev.120+9fe22a29b\\x86_64-windows\\zig.exe","arguments":["test","src/root.zig","--test-filter","FP-0082 case 14:","--cache-dir","out/fp0082-mutation-cache"],"cwd":"C:\\Users\\requi\\.omp\\wt\\t64b25565c\\m","started_at":"2026-10-09T14:28:58.776Z","exit_code":0,"signal":null,"timed_out":false,"error":null,"duration_ms":3509,"environment_overrides":{"ZIG_GLOBAL_CACHE_DIR":"C:\\src\\fairpane\\.zig-cache\\global"}}

COMMAND ["C:\\Program Files\\Git\\cmd\\git.exe","apply","-R","engineering/evidence/FP-0082/raw/mutation-M1.diff"]
RESULT {"executable":"C:\\Program Files\\Git\\cmd\\git.exe","arguments":["apply","-R","engineering/evidence/FP-0082/raw/mutation-M1.diff"],"cwd":"C:\\Users\\requi\\.omp\\wt\\t64b25565c\\m","started_at":"2026-10-09T14:29:02.347Z","exit_code":0,"signal":null,"timed_out":false,"error":null,"duration_ms":28}

COMMAND ["C:\\Program Files\\Git\\cmd\\git.exe","hash-object","src/js/lexer.zig"]
ae785b64df9c0d84603019be6316bdd0224ba056
RESULT {"executable":"C:\\Program Files\\Git\\cmd\\git.exe","arguments":["hash-object","src/js/lexer.zig"],"cwd":"C:\\Users\\requi\\.omp\\wt\\t64b25565c\\m","started_at":"2026-10-09T14:29:02.450Z","exit_code":0,"signal":null,"timed_out":false,"error":null,"duration_ms":18}

COMMAND ["C:\\Program Files\\Git\\cmd\\git.exe","rev-parse","HEAD"]
7ffafd3fd157208ec3af4ee10e644e846064f120
RESULT {"executable":"C:\\Program Files\\Git\\cmd\\git.exe","arguments":["rev-parse","HEAD"],"cwd":"C:\\Users\\requi\\.omp\\wt\\t64b25565c\\m","started_at":"2026-10-09T14:29:02.519Z","exit_code":0,"signal":null,"timed_out":false,"error":null,"duration_ms":18}

COMMAND ["C:\\Program Files\\Git\\cmd\\git.exe","hash-object","src/js/lexer.zig","engineering/evidence/FP-0082/raw/mutation-M4.diff"]
ae785b64df9c0d84603019be6316bdd0224ba056
85bb65f118ea8e43abe22794b0b48beda7a5ca47
RESULT {"executable":"C:\\Program Files\\Git\\cmd\\git.exe","arguments":["hash-object","src/js/lexer.zig","engineering/evidence/FP-0082/raw/mutation-M4.diff"],"cwd":"C:\\Users\\requi\\.omp\\wt\\t64b25565c\\m","started_at":"2026-10-09T14:29:02.596Z","exit_code":0,"signal":null,"timed_out":false,"error":null,"duration_ms":17}

COMMAND ["C:\\Program Files\\Git\\cmd\\git.exe","apply","engineering/evidence/FP-0082/raw/mutation-M4.diff"]
RESULT {"executable":"C:\\Program Files\\Git\\cmd\\git.exe","arguments":["apply","engineering/evidence/FP-0082/raw/mutation-M4.diff"],"cwd":"C:\\Users\\requi\\.omp\\wt\\t64b25565c\\m","started_at":"2026-10-09T14:29:02.673Z","exit_code":0,"signal":null,"timed_out":false,"error":null,"duration_ms":20}

COMMAND ["C:\\Program Files\\Git\\cmd\\git.exe","hash-object","src/js/lexer.zig"]
caeacafb59785cc0bb3d28c01c614d3de729c98e
RESULT {"executable":"C:\\Program Files\\Git\\cmd\\git.exe","arguments":["hash-object","src/js/lexer.zig"],"cwd":"C:\\Users\\requi\\.omp\\wt\\t64b25565c\\m","started_at":"2026-10-09T14:29:02.745Z","exit_code":0,"signal":null,"timed_out":false,"error":null,"duration_ms":18}

COMMAND ["C:\\src\\fairpane\\.tools\\zig\\0.18.0-dev.120+9fe22a29b\\x86_64-windows\\zig.exe","test","src/root.zig","--test-filter","FP-0082 case 2:","--cache-dir","out/fp0082-mutation-cache"]
1/6 root.test_0...OK
2/6 css.css.test_0...OK
3/6 font.opentype.test_0...OK
4/6 html.root.test_0...OK
5/6 js.runtime.test_0...OK
6/6 js.parser.test.FP-0082 case 2: each source produces exactly its syntax-tree dump...case T26
expected: (script sloppy (var-declared-names) (functions-to-initialize) (expression (identifier a)) (expression (identifier b)) (expression (identifier c)))
actual:   syntax-error unexpected_token @35
case T27
expected: (script sloppy (var-declared-names) (functions-to-initialize) (expression (assign = (identifier x) (number 1))))
actual:   (script sloppy (var-declared-names) (functions-to-initialize) (expression (assign = (identifier x) (binary < (number 1) (unary ! (prefix -- (identifier y)))))))
case T29 first
expected: (script sloppy (var-declared-names) (functions-to-initialize))
actual:   syntax-error unexpected_token @2
case T29 second
expected: (script sloppy (var-declared-names) (functions-to-initialize))
actual:   syntax-error unexpected_token @4
case T29 third
expected: (script sloppy (var-declared-names) (functions-to-initialize))
actual:   syntax-error unexpected_token @8
case T29 fourth
expected: (script sloppy (var-declared-names) (functions-to-initialize) (expression (identifier a)))
actual:   syntax-error unexpected_token @10
FAIL (TestExpectedEqual)
C:\Users\requi\.omp\wt\t64b25565c\m\src\js\parser.zig:2686:24: 0x7ff6dae83249 in expectCases (test_zcu.obj)
    if (failures != 0) return error.TestExpectedEqual;
                       ^
C:\Users\requi\.omp\wt\t64b25565c\m\src\js\parser.zig:2761:5: 0x7ff6dae832b2 in test.FP-0082 case 2: each source produces exactly its syntax-tree dump (test_zcu.obj)
    try expectCases(&t_cases);
    ^
5 passed; 0 skipped; 1 failed.
error: the following test command failed with exit code 1:
out\fp0082-mutation-cache\o\1d260abd5a1ed40d054866a41cc5f3af\test.exe --seed=0xe411886f
RESULT {"executable":"C:\\src\\fairpane\\.tools\\zig\\0.18.0-dev.120+9fe22a29b\\x86_64-windows\\zig.exe","arguments":["test","src/root.zig","--test-filter","FP-0082 case 2:","--cache-dir","out/fp0082-mutation-cache"],"cwd":"C:\\Users\\requi\\.omp\\wt\\t64b25565c\\m","started_at":"2026-10-09T14:29:02.815Z","exit_code":1,"signal":null,"timed_out":false,"error":null,"duration_ms":2350,"environment_overrides":{"ZIG_GLOBAL_CACHE_DIR":"C:\\src\\fairpane\\.zig-cache\\global"}}

COMMAND ["C:\\Program Files\\Git\\cmd\\git.exe","apply","-R","engineering/evidence/FP-0082/raw/mutation-M4.diff"]
RESULT {"executable":"C:\\Program Files\\Git\\cmd\\git.exe","arguments":["apply","-R","engineering/evidence/FP-0082/raw/mutation-M4.diff"],"cwd":"C:\\Users\\requi\\.omp\\wt\\t64b25565c\\m","started_at":"2026-10-09T14:29:05.233Z","exit_code":0,"signal":null,"timed_out":false,"error":null,"duration_ms":19}

COMMAND ["C:\\Program Files\\Git\\cmd\\git.exe","hash-object","src/js/lexer.zig"]
ae785b64df9c0d84603019be6316bdd0224ba056
RESULT {"executable":"C:\\Program Files\\Git\\cmd\\git.exe","arguments":["hash-object","src/js/lexer.zig"],"cwd":"C:\\Users\\requi\\.omp\\wt\\t64b25565c\\m","started_at":"2026-10-09T14:29:05.327Z","exit_code":0,"signal":null,"timed_out":false,"error":null,"duration_ms":20}

COMMAND ["C:\\Program Files\\Git\\cmd\\git.exe","rev-parse","HEAD"]
7ffafd3fd157208ec3af4ee10e644e846064f120
RESULT {"executable":"C:\\Program Files\\Git\\cmd\\git.exe","arguments":["rev-parse","HEAD"],"cwd":"C:\\Users\\requi\\.omp\\wt\\t64b25565c\\m","started_at":"2026-10-09T14:29:05.401Z","exit_code":0,"signal":null,"timed_out":false,"error":null,"duration_ms":19}

COMMAND ["C:\\Program Files\\Git\\cmd\\git.exe","hash-object","src/js/parser.zig","engineering/evidence/FP-0082/raw/mutation-M5.diff"]
a6246a63d01bab5f6590c156cabdf9855e7051a0
5b0efdafc282b2aa2f58efc24b752228ad585eb4
RESULT {"executable":"C:\\Program Files\\Git\\cmd\\git.exe","arguments":["hash-object","src/js/parser.zig","engineering/evidence/FP-0082/raw/mutation-M5.diff"],"cwd":"C:\\Users\\requi\\.omp\\wt\\t64b25565c\\m","started_at":"2026-10-09T14:29:05.482Z","exit_code":0,"signal":null,"timed_out":false,"error":null,"duration_ms":20}

COMMAND ["C:\\Program Files\\Git\\cmd\\git.exe","apply","engineering/evidence/FP-0082/raw/mutation-M5.diff"]
RESULT {"executable":"C:\\Program Files\\Git\\cmd\\git.exe","arguments":["apply","engineering/evidence/FP-0082/raw/mutation-M5.diff"],"cwd":"C:\\Users\\requi\\.omp\\wt\\t64b25565c\\m","started_at":"2026-10-09T14:29:05.560Z","exit_code":0,"signal":null,"timed_out":false,"error":null,"duration_ms":20}

COMMAND ["C:\\Program Files\\Git\\cmd\\git.exe","hash-object","src/js/parser.zig"]
819b341ba6fdc4d175da0c5a45ad142eb1e5a6ee
RESULT {"executable":"C:\\Program Files\\Git\\cmd\\git.exe","arguments":["hash-object","src/js/parser.zig"],"cwd":"C:\\Users\\requi\\.omp\\wt\\t64b25565c\\m","started_at":"2026-10-09T14:29:05.633Z","exit_code":0,"signal":null,"timed_out":false,"error":null,"duration_ms":19}

COMMAND ["C:\\src\\fairpane\\.tools\\zig\\0.18.0-dev.120+9fe22a29b\\x86_64-windows\\zig.exe","test","src/root.zig","--test-filter","FP-0082 case 10:","--cache-dir","out/fp0082-mutation-cache"]
1/6 root.test_0...OK
2/6 css.css.test_0...OK
3/6 font.opentype.test_0...OK
4/6 html.root.test_0...OK
5/6 js.runtime.test_0...OK
6/6 js.parser.test.FP-0082 case 10: the depth bound holds at its boundaries on a 1 MiB stack...FAIL (TestExpectedScript)
C:\Users\requi\.omp\wt\t64b25565c\m\src\js\parser.zig:2969:34: 0x7ff7633834f2 in runOnSmallStack (test_zcu.obj)
    if (depth_run.failure) |err| return err;
                                 ^
C:\Users\requi\.omp\wt\t64b25565c\m\src\js\parser.zig:3015:25: 0x7ff763383995 in test.FP-0082 case 10: the depth bound holds at its boundaries on a 1 MiB stack (test_zcu.obj)
    const terms_stack = try runOnSmallStack(accepted_terms, false);
                        ^
5 passed; 0 skipped; 1 failed.
error: the following test command failed with exit code 1:
out\fp0082-mutation-cache\o\dbc6d7dfe38705e0c48e24e3bac6e15d\test.exe --seed=0x6f4e899c
RESULT {"executable":"C:\\src\\fairpane\\.tools\\zig\\0.18.0-dev.120+9fe22a29b\\x86_64-windows\\zig.exe","arguments":["test","src/root.zig","--test-filter","FP-0082 case 10:","--cache-dir","out/fp0082-mutation-cache"],"cwd":"C:\\Users\\requi\\.omp\\wt\\t64b25565c\\m","started_at":"2026-10-09T14:29:05.714Z","exit_code":1,"signal":null,"timed_out":false,"error":null,"duration_ms":2236,"environment_overrides":{"ZIG_GLOBAL_CACHE_DIR":"C:\\src\\fairpane\\.zig-cache\\global"}}

COMMAND ["C:\\Program Files\\Git\\cmd\\git.exe","apply","-R","engineering/evidence/FP-0082/raw/mutation-M5.diff"]
RESULT {"executable":"C:\\Program Files\\Git\\cmd\\git.exe","arguments":["apply","-R","engineering/evidence/FP-0082/raw/mutation-M5.diff"],"cwd":"C:\\Users\\requi\\.omp\\wt\\t64b25565c\\m","started_at":"2026-10-09T14:29:08.005Z","exit_code":0,"signal":null,"timed_out":false,"error":null,"duration_ms":22}

COMMAND ["C:\\Program Files\\Git\\cmd\\git.exe","hash-object","src/js/parser.zig"]
a6246a63d01bab5f6590c156cabdf9855e7051a0
RESULT {"executable":"C:\\Program Files\\Git\\cmd\\git.exe","arguments":["hash-object","src/js/parser.zig"],"cwd":"C:\\Users\\requi\\.omp\\wt\\t64b25565c\\m","started_at":"2026-10-09T14:29:08.081Z","exit_code":0,"signal":null,"timed_out":false,"error":null,"duration_ms":19}

COMMAND ["C:\\Program Files\\Git\\cmd\\git.exe","rev-parse","HEAD"]
7ffafd3fd157208ec3af4ee10e644e846064f120
RESULT {"executable":"C:\\Program Files\\Git\\cmd\\git.exe","arguments":["rev-parse","HEAD"],"cwd":"C:\\Users\\requi\\.omp\\wt\\t64b25565c\\m","started_at":"2026-10-09T14:29:08.151Z","exit_code":0,"signal":null,"timed_out":false,"error":null,"duration_ms":27}

COMMAND ["C:\\Program Files\\Git\\cmd\\git.exe","hash-object","src/js/parser.zig","engineering/evidence/FP-0082/raw/mutation-M6.diff"]
a6246a63d01bab5f6590c156cabdf9855e7051a0
8c2325ad802d892abdd2e06ece01ab9c18940f99
RESULT {"executable":"C:\\Program Files\\Git\\cmd\\git.exe","arguments":["hash-object","src/js/parser.zig","engineering/evidence/FP-0082/raw/mutation-M6.diff"],"cwd":"C:\\Users\\requi\\.omp\\wt\\t64b25565c\\m","started_at":"2026-10-09T14:29:08.230Z","exit_code":0,"signal":null,"timed_out":false,"error":null,"duration_ms":19}

COMMAND ["C:\\Program Files\\Git\\cmd\\git.exe","apply","engineering/evidence/FP-0082/raw/mutation-M6.diff"]
RESULT {"executable":"C:\\Program Files\\Git\\cmd\\git.exe","arguments":["apply","engineering/evidence/FP-0082/raw/mutation-M6.diff"],"cwd":"C:\\Users\\requi\\.omp\\wt\\t64b25565c\\m","started_at":"2026-10-09T14:29:08.302Z","exit_code":0,"signal":null,"timed_out":false,"error":null,"duration_ms":20}

COMMAND ["C:\\Program Files\\Git\\cmd\\git.exe","hash-object","src/js/parser.zig"]
51d75453687b56a7f81f18aa5e92fd109fb2380d
RESULT {"executable":"C:\\Program Files\\Git\\cmd\\git.exe","arguments":["hash-object","src/js/parser.zig"],"cwd":"C:\\Users\\requi\\.omp\\wt\\t64b25565c\\m","started_at":"2026-10-09T14:29:08.376Z","exit_code":0,"signal":null,"timed_out":false,"error":null,"duration_ms":19}

COMMAND ["C:\\src\\fairpane\\.tools\\zig\\0.18.0-dev.120+9fe22a29b\\x86_64-windows\\zig.exe","test","src/root.zig","--test-filter","FP-0082 case 2:","--cache-dir","out/fp0082-mutation-cache"]
1/6 root.test_0...OK
2/6 css.css.test_0...OK
3/6 font.opentype.test_0...OK
4/6 html.root.test_0...OK
5/6 js.runtime.test_0...OK
6/6 js.parser.test.FP-0082 case 2: each source produces exactly its syntax-tree dump...case T8
expected: (script sloppy (var-declared-names f g) (functions-to-initialize g#2 f#3) (function-declaration #1 f (params) sloppy (var-declared-names) (functions-to-initialize)) (function-declaration #2 g (params) sloppy (var-declared-names) (functions-to-initialize)) (function-declaration #3 f (params) sloppy (var-declared-names) (functions-to-initialize)))
actual:   (script sloppy (var-declared-names f g) (functions-to-initialize f#1 g#2) (function-declaration #1 f (params) sloppy (var-declared-names) (functions-to-initialize)) (function-declaration #2 g (params) sloppy (var-declared-names) (functions-to-initialize)) (function-declaration #3 f (params) sloppy (var-declared-names) (functions-to-initialize)))
FAIL (TestExpectedEqual)
C:\Users\requi\.omp\wt\t64b25565c\m\src\js\parser.zig:2682:24: 0x7ff76e823249 in expectCases (test_zcu.obj)
    if (failures != 0) return error.TestExpectedEqual;
                       ^
C:\Users\requi\.omp\wt\t64b25565c\m\src\js\parser.zig:2757:5: 0x7ff76e8232b2 in test.FP-0082 case 2: each source produces exactly its syntax-tree dump (test_zcu.obj)
    try expectCases(&t_cases);
    ^
5 passed; 0 skipped; 1 failed.
error: the following test command failed with exit code 1:
out\fp0082-mutation-cache\o\29730375f057a7bce8e393c410504495\test.exe --seed=0x5b5a0063
RESULT {"executable":"C:\\src\\fairpane\\.tools\\zig\\0.18.0-dev.120+9fe22a29b\\x86_64-windows\\zig.exe","arguments":["test","src/root.zig","--test-filter","FP-0082 case 2:","--cache-dir","out/fp0082-mutation-cache"],"cwd":"C:\\Users\\requi\\.omp\\wt\\t64b25565c\\m","started_at":"2026-10-09T14:29:08.449Z","exit_code":1,"signal":null,"timed_out":false,"error":null,"duration_ms":2347,"environment_overrides":{"ZIG_GLOBAL_CACHE_DIR":"C:\\src\\fairpane\\.zig-cache\\global"}}

COMMAND ["C:\\Program Files\\Git\\cmd\\git.exe","apply","-R","engineering/evidence/FP-0082/raw/mutation-M6.diff"]
RESULT {"executable":"C:\\Program Files\\Git\\cmd\\git.exe","arguments":["apply","-R","engineering/evidence/FP-0082/raw/mutation-M6.diff"],"cwd":"C:\\Users\\requi\\.omp\\wt\\t64b25565c\\m","started_at":"2026-10-09T14:29:10.864Z","exit_code":0,"signal":null,"timed_out":false,"error":null,"duration_ms":19}

COMMAND ["C:\\Program Files\\Git\\cmd\\git.exe","hash-object","src/js/parser.zig"]
a6246a63d01bab5f6590c156cabdf9855e7051a0
RESULT {"executable":"C:\\Program Files\\Git\\cmd\\git.exe","arguments":["hash-object","src/js/parser.zig"],"cwd":"C:\\Users\\requi\\.omp\\wt\\t64b25565c\\m","started_at":"2026-10-09T14:29:10.941Z","exit_code":0,"signal":null,"timed_out":false,"error":null,"duration_ms":19}

COMMAND ["C:\\Program Files\\Git\\cmd\\git.exe","rev-parse","HEAD"]
7ffafd3fd157208ec3af4ee10e644e846064f120
RESULT {"executable":"C:\\Program Files\\Git\\cmd\\git.exe","arguments":["rev-parse","HEAD"],"cwd":"C:\\Users\\requi\\.omp\\wt\\t64b25565c\\m","started_at":"2026-10-09T14:29:11.013Z","exit_code":0,"signal":null,"timed_out":false,"error":null,"duration_ms":19}

COMMAND ["C:\\Program Files\\Git\\cmd\\git.exe","hash-object","src/js/parser.zig","engineering/evidence/FP-0082/raw/mutation-M8.diff"]
a6246a63d01bab5f6590c156cabdf9855e7051a0
82bd353b08f13445c4ba15c9d690d757bd6f5e75
RESULT {"executable":"C:\\Program Files\\Git\\cmd\\git.exe","arguments":["hash-object","src/js/parser.zig","engineering/evidence/FP-0082/raw/mutation-M8.diff"],"cwd":"C:\\Users\\requi\\.omp\\wt\\t64b25565c\\m","started_at":"2026-10-09T14:29:11.086Z","exit_code":0,"signal":null,"timed_out":false,"error":null,"duration_ms":18}

COMMAND ["C:\\Program Files\\Git\\cmd\\git.exe","apply","engineering/evidence/FP-0082/raw/mutation-M8.diff"]
RESULT {"executable":"C:\\Program Files\\Git\\cmd\\git.exe","arguments":["apply","engineering/evidence/FP-0082/raw/mutation-M8.diff"],"cwd":"C:\\Users\\requi\\.omp\\wt\\t64b25565c\\m","started_at":"2026-10-09T14:29:11.161Z","exit_code":0,"signal":null,"timed_out":false,"error":null,"duration_ms":30}

COMMAND ["C:\\Program Files\\Git\\cmd\\git.exe","hash-object","src/js/parser.zig"]
01b40e3badacfb9846cbf67ddfbed14c92d21f84
RESULT {"executable":"C:\\Program Files\\Git\\cmd\\git.exe","arguments":["hash-object","src/js/parser.zig"],"cwd":"C:\\Users\\requi\\.omp\\wt\\t64b25565c\\m","started_at":"2026-10-09T14:29:11.251Z","exit_code":0,"signal":null,"timed_out":false,"error":null,"duration_ms":20}

COMMAND ["C:\\src\\fairpane\\.tools\\zig\\0.18.0-dev.120+9fe22a29b\\x86_64-windows\\zig.exe","test","src/root.zig","--test-filter","FP-0082 case 10:","--cache-dir","out/fp0082-mutation-cache"]
1/6 root.test_0...OK
2/6 css.css.test_0...OK
3/6 font.opentype.test_0...OK
4/6 html.root.test_0...OK
5/6 js.runtime.test_0...OK
6/6 js.parser.test.FP-0082 case 10: the depth bound holds at its boundaries on a 1 MiB stack...the run used at least 1030968 bytes of its 1 MiB stack
FAIL (TestStackExceeded)
C:\Users\requi\.omp\wt\t64b25565c\m\src\js\parser.zig:2976:9: 0x7ff78fb73529 in runOnSmallStack (test_zcu.obj)
        return error.TestStackExceeded;
        ^
C:\Users\requi\.omp\wt\t64b25565c\m\src\js\parser.zig:3020:26: 0x7ff78fb73b2d in test.FP-0082 case 10: the depth bound holds at its boundaries on a 1 MiB stack (test_zcu.obj)
    const parens_stack = try runOnSmallStack(accepted_parens, false);
                         ^
5 passed; 0 skipped; 1 failed.
error: the following test command failed with exit code 1:
out\fp0082-mutation-cache\o\265a3521ef02086b3902afc488d2733d\test.exe --seed=0xfa1b48dd
RESULT {"executable":"C:\\src\\fairpane\\.tools\\zig\\0.18.0-dev.120+9fe22a29b\\x86_64-windows\\zig.exe","arguments":["test","src/root.zig","--test-filter","FP-0082 case 10:","--cache-dir","out/fp0082-mutation-cache"],"cwd":"C:\\Users\\requi\\.omp\\wt\\t64b25565c\\m","started_at":"2026-10-09T14:29:11.324Z","exit_code":1,"signal":null,"timed_out":false,"error":null,"duration_ms":2416,"environment_overrides":{"ZIG_GLOBAL_CACHE_DIR":"C:\\src\\fairpane\\.zig-cache\\global"}}

COMMAND ["C:\\Program Files\\Git\\cmd\\git.exe","apply","-R","engineering/evidence/FP-0082/raw/mutation-M8.diff"]
RESULT {"executable":"C:\\Program Files\\Git\\cmd\\git.exe","arguments":["apply","-R","engineering/evidence/FP-0082/raw/mutation-M8.diff"],"cwd":"C:\\Users\\requi\\.omp\\wt\\t64b25565c\\m","started_at":"2026-10-09T14:29:13.794Z","exit_code":0,"signal":null,"timed_out":false,"error":null,"duration_ms":19}

COMMAND ["C:\\Program Files\\Git\\cmd\\git.exe","hash-object","src/js/parser.zig"]
a6246a63d01bab5f6590c156cabdf9855e7051a0
RESULT {"executable":"C:\\Program Files\\Git\\cmd\\git.exe","arguments":["hash-object","src/js/parser.zig"],"cwd":"C:\\Users\\requi\\.omp\\wt\\t64b25565c\\m","started_at":"2026-10-09T14:29:13.870Z","exit_code":0,"signal":null,"timed_out":false,"error":null,"duration_ms":18}

COMMAND ["C:\\Program Files\\Git\\cmd\\git.exe","rev-parse","HEAD"]
7ffafd3fd157208ec3af4ee10e644e846064f120
RESULT {"executable":"C:\\Program Files\\Git\\cmd\\git.exe","arguments":["rev-parse","HEAD"],"cwd":"C:\\Users\\requi\\.omp\\wt\\t64b25565c\\m","started_at":"2026-10-09T14:29:46.580Z","exit_code":0,"signal":null,"timed_out":false,"error":null,"duration_ms":20}

COMMAND ["C:\\Program Files\\Git\\cmd\\git.exe","hash-object","src/js/parser.zig","engineering/evidence/FP-0082/raw/mutation-M2.diff"]
a6246a63d01bab5f6590c156cabdf9855e7051a0
a209c5de3d94ffc76e40da8b6588634e4fc781ef
RESULT {"executable":"C:\\Program Files\\Git\\cmd\\git.exe","arguments":["hash-object","src/js/parser.zig","engineering/evidence/FP-0082/raw/mutation-M2.diff"],"cwd":"C:\\Users\\requi\\.omp\\wt\\t64b25565c\\m","started_at":"2026-10-09T14:29:46.660Z","exit_code":0,"signal":null,"timed_out":false,"error":null,"duration_ms":22}

COMMAND ["C:\\Program Files\\Git\\cmd\\git.exe","apply","engineering/evidence/FP-0082/raw/mutation-M2.diff"]
RESULT {"executable":"C:\\Program Files\\Git\\cmd\\git.exe","arguments":["apply","engineering/evidence/FP-0082/raw/mutation-M2.diff"],"cwd":"C:\\Users\\requi\\.omp\\wt\\t64b25565c\\m","started_at":"2026-10-09T14:29:46.741Z","exit_code":0,"signal":null,"timed_out":false,"error":null,"duration_ms":20}

COMMAND ["C:\\Program Files\\Git\\cmd\\git.exe","hash-object","src/js/parser.zig"]
da08de0f22cd7a54003912442b7211cb6531676c
RESULT {"executable":"C:\\Program Files\\Git\\cmd\\git.exe","arguments":["hash-object","src/js/parser.zig"],"cwd":"C:\\Users\\requi\\.omp\\wt\\t64b25565c\\m","started_at":"2026-10-09T14:29:46.833Z","exit_code":0,"signal":null,"timed_out":false,"error":null,"duration_ms":20}

COMMAND ["C:\\src\\fairpane\\.tools\\zig\\0.18.0-dev.120+9fe22a29b\\x86_64-windows\\zig.exe","test","src/root.zig","--test-filter","FP-0082 case 6:","--cache-dir","out/fp0082-mutation-cache"]
1/6 root.test_0...OK
2/6 css.css.test_0...OK
3/6 font.opentype.test_0...OK
4/6 html.root.test_0...OK
5/6 js.runtime.test_0...OK
6/6 js.parser.test.FP-0082 case 6: each source produces exactly its syntax error...case E19
expected: syntax-error strict_octal @14
actual:   (script strict (var-declared-names) (functions-to-initialize) (expression (string "use strict")) (expression (number 8)))
case E20
expected: syntax-error strict_octal @14
actual:   (script strict (var-declared-names) (functions-to-initialize) (expression (string "use strict")) (expression (number 8)))
case E21
expected: syntax-error strict_octal @14
actual:   (script strict (var-declared-names) (functions-to-initialize) (expression (string "use strict")) (expression (number 9.5)))
case E22
expected: syntax-error strict_octal @30
actual:   (script sloppy (var-declared-names f) (functions-to-initialize f#1) (function-declaration #1 f (params a) strict (var-declared-names) (functions-to-initialize) (expression (string "use strict")) (expression (number 8))))
FAIL (TestExpectedEqual)
C:\Users\requi\.omp\wt\t64b25565c\m\src\js\parser.zig:2685:24: 0x7ff7b46b3249 in expectCases (test_zcu.obj)
    if (failures != 0) return error.TestExpectedEqual;
                       ^
C:\Users\requi\.omp\wt\t64b25565c\m\src\js\parser.zig:2839:5: 0x7ff7b46b32b2 in test.FP-0082 case 6: each source produces exactly its syntax error (test_zcu.obj)
    try expectCases(&e_cases);
    ^
5 passed; 0 skipped; 1 failed.
error: the following test command failed with exit code 1:
out\fp0082-mutation-cache\o\7b9d7fd21f0d32f1ce57db2ce6ad3e85\test.exe --seed=0x7a7aedab
RESULT {"executable":"C:\\src\\fairpane\\.tools\\zig\\0.18.0-dev.120+9fe22a29b\\x86_64-windows\\zig.exe","arguments":["test","src/root.zig","--test-filter","FP-0082 case 6:","--cache-dir","out/fp0082-mutation-cache"],"cwd":"C:\\Users\\requi\\.omp\\wt\\t64b25565c\\m","started_at":"2026-10-09T14:29:46.908Z","exit_code":1,"signal":null,"timed_out":false,"error":null,"duration_ms":2241,"environment_overrides":{"ZIG_GLOBAL_CACHE_DIR":"C:\\src\\fairpane\\.zig-cache\\global"}}

COMMAND ["C:\\src\\fairpane\\.tools\\zig\\0.18.0-dev.120+9fe22a29b\\x86_64-windows\\zig.exe","build","js-tools","-Doptimize=ReleaseSafe","--summary","all","--cache-dir","out/fp0082-mutation-cache"]
Build Summary: 4/4 steps succeeded
js-tools success
+- install fairpane-js-parse success
   +- compile exe fairpane-js-parse safe native success 9s MaxRSS:377M
      +- WriteFile src success

RESULT {"executable":"C:\\src\\fairpane\\.tools\\zig\\0.18.0-dev.120+9fe22a29b\\x86_64-windows\\zig.exe","arguments":["build","js-tools","-Doptimize=ReleaseSafe","--summary","all","--cache-dir","out/fp0082-mutation-cache"],"cwd":"C:\\Users\\requi\\.omp\\wt\\t64b25565c\\m","started_at":"2026-10-09T14:29:49.205Z","exit_code":0,"signal":null,"timed_out":false,"error":null,"duration_ms":12763,"environment_overrides":{"ZIG_GLOBAL_CACHE_DIR":"C:\\src\\fairpane\\.zig-cache\\global"}}

COMMAND ["C:\\Users\\requi\\.omp\\wt\\t64b25565c\\m\\zig-out\\bin\\fairpane-js-parse.exe","census","out/fp0082-test262","out/fp0082-census-M2.jsonl"]
{"format":"fairpane-js-parse-census","version":1,"commit":"2e0a56762801e275a9fdf96dc49d90ba0cddcf63"}
{"violation":"false_accept","path":"test/language/literals/numeric/7.8.3-1gs.js","mode":"strict","outcome":"script"}
{"violation":"false_accept","path":"test/language/literals/numeric/7.8.3-2gs.js","mode":"strict","outcome":"script"}
{"violation":"false_accept","path":"test/language/literals/numeric/legacy-octal-integer-strict.js","mode":"strict","outcome":"script"}
{"violation":"false_accept","path":"test/language/literals/numeric/legacy-octal-integery-000-strict.js","mode":"strict","outcome":"script"}
{"violation":"false_accept","path":"test/language/literals/numeric/legacy-octal-integery-005-strict.js","mode":"strict","outcome":"script"}
{"violation":"false_accept","path":"test/language/literals/numeric/legacy-octal-integery-01-strict.js","mode":"strict","outcome":"script"}
{"violation":"false_accept","path":"test/language/literals/numeric/legacy-octal-integery-010-strict.js","mode":"strict","outcome":"script"}
{"violation":"false_accept","path":"test/language/literals/numeric/legacy-octal-integery-06-strict.js","mode":"strict","outcome":"script"}
{"violation":"false_accept","path":"test/language/literals/numeric/legacy-octal-integery-07-strict.js","mode":"strict","outcome":"script"}
{"violation":"false_accept","path":"test/language/literals/numeric/non-octal-decimal-integer-strict.js","mode":"strict","outcome":"script"}
{"summary":{"discovered":53616,"module":843,"proposal_files":2450,"runs":102151,"agree_valid":28777,"agree_error":1939,"unsupported":71421,"limit":0,"proposal_mismatch":4,"false_accept":10,"false_syntax_error":0,"metadata_error":0,"input_error":0},"unsupported_by_code":{"arguments_object":1165,"array_literal":11226,"arrow_function":2547,"async_function":4436,"bigint_literal":748,"block_function_declaration":333,"class":14850,"coalesce":66,"default_parameter":129,"destructuring_assignment":210,"destructuring_binding":1226,"for_in":757,"for_of":318,"generator":3811,"import":822,"lexical_declaration":20544,"logical_assignment":130,"method_definition":4030,"new_target":62,"non_ascii_identifier":178,"object_spread":126,"optional_chain":19,"regular_expression":2731,"rest_parameter":41,"spread":78,"super":16,"template":480,"using_declaration":100,"with":242}}
RESULT {"executable":"C:\\Users\\requi\\.omp\\wt\\t64b25565c\\m\\zig-out\\bin\\fairpane-js-parse.exe","arguments":["census","out/fp0082-test262","out/fp0082-census-M2.jsonl"],"cwd":"C:\\Users\\requi\\.omp\\wt\\t64b25565c\\m","started_at":"2026-10-09T14:30:02.023Z","exit_code":1,"signal":null,"timed_out":false,"error":null,"duration_ms":3975}

COMMAND ["C:\\Program Files\\Git\\cmd\\git.exe","apply","-R","engineering/evidence/FP-0082/raw/mutation-M2.diff"]
RESULT {"executable":"C:\\Program Files\\Git\\cmd\\git.exe","arguments":["apply","-R","engineering/evidence/FP-0082/raw/mutation-M2.diff"],"cwd":"C:\\Users\\requi\\.omp\\wt\\t64b25565c\\m","started_at":"2026-10-09T14:30:06.056Z","exit_code":0,"signal":null,"timed_out":false,"error":null,"duration_ms":22}

COMMAND ["C:\\Program Files\\Git\\cmd\\git.exe","hash-object","src/js/parser.zig"]
a6246a63d01bab5f6590c156cabdf9855e7051a0
RESULT {"executable":"C:\\Program Files\\Git\\cmd\\git.exe","arguments":["hash-object","src/js/parser.zig"],"cwd":"C:\\Users\\requi\\.omp\\wt\\t64b25565c\\m","started_at":"2026-10-09T14:30:06.142Z","exit_code":0,"signal":null,"timed_out":false,"error":null,"duration_ms":20}

COMMAND ["C:\\Program Files\\Git\\cmd\\git.exe","rev-parse","HEAD"]
7ffafd3fd157208ec3af4ee10e644e846064f120
RESULT {"executable":"C:\\Program Files\\Git\\cmd\\git.exe","arguments":["rev-parse","HEAD"],"cwd":"C:\\Users\\requi\\.omp\\wt\\t64b25565c\\m","started_at":"2026-10-09T14:30:06.216Z","exit_code":0,"signal":null,"timed_out":false,"error":null,"duration_ms":28}

COMMAND ["C:\\Program Files\\Git\\cmd\\git.exe","hash-object","src/js/parser.zig","engineering/evidence/FP-0082/raw/mutation-M3.diff"]
a6246a63d01bab5f6590c156cabdf9855e7051a0
fd77583c045939634883d9400e6125acfad480ee
RESULT {"executable":"C:\\Program Files\\Git\\cmd\\git.exe","arguments":["hash-object","src/js/parser.zig","engineering/evidence/FP-0082/raw/mutation-M3.diff"],"cwd":"C:\\Users\\requi\\.omp\\wt\\t64b25565c\\m","started_at":"2026-10-09T14:30:06.298Z","exit_code":0,"signal":null,"timed_out":false,"error":null,"duration_ms":19}

COMMAND ["C:\\Program Files\\Git\\cmd\\git.exe","apply","engineering/evidence/FP-0082/raw/mutation-M3.diff"]
RESULT {"executable":"C:\\Program Files\\Git\\cmd\\git.exe","arguments":["apply","engineering/evidence/FP-0082/raw/mutation-M3.diff"],"cwd":"C:\\Users\\requi\\.omp\\wt\\t64b25565c\\m","started_at":"2026-10-09T14:30:06.371Z","exit_code":0,"signal":null,"timed_out":false,"error":null,"duration_ms":20}

COMMAND ["C:\\Program Files\\Git\\cmd\\git.exe","hash-object","src/js/parser.zig"]
6d571e2af2ae8a0328b9e24a6cd6258d0d0a11c0
RESULT {"executable":"C:\\Program Files\\Git\\cmd\\git.exe","arguments":["hash-object","src/js/parser.zig"],"cwd":"C:\\Users\\requi\\.omp\\wt\\t64b25565c\\m","started_at":"2026-10-09T14:30:06.445Z","exit_code":0,"signal":null,"timed_out":false,"error":null,"duration_ms":20}

COMMAND ["C:\\src\\fairpane\\.tools\\zig\\0.18.0-dev.120+9fe22a29b\\x86_64-windows\\zig.exe","test","src/root.zig","--test-filter","FP-0082 case 7:","--cache-dir","out/fp0082-mutation-cache"]
1/6 root.test_0...OK
2/6 css.css.test_0...OK
3/6 font.opentype.test_0...OK
4/6 html.root.test_0...OK
5/6 js.runtime.test_0...OK
6/6 js.parser.test.FP-0082 case 7: each source produces exactly its unsupported outcome...case U16
expected: unsupported arrow_function @2
actual:   syntax-error unexpected_token @2
FAIL (TestExpectedEqual)
C:\Users\requi\.omp\wt\t64b25565c\m\src\js\parser.zig:2686:24: 0x7ff66df03249 in expectCases (test_zcu.obj)
    if (failures != 0) return error.TestExpectedEqual;
                       ^
C:\Users\requi\.omp\wt\t64b25565c\m\src\js\parser.zig:2844:5: 0x7ff66df032b2 in test.FP-0082 case 7: each source produces exactly its unsupported outcome (test_zcu.obj)
    try expectCases(&u_cases);
    ^
5 passed; 0 skipped; 1 failed.
error: the following test command failed with exit code 1:
out\fp0082-mutation-cache\o\5f4be05633dd4a0acb20724dfd001a04\test.exe --seed=0x81a991d
RESULT {"executable":"C:\\src\\fairpane\\.tools\\zig\\0.18.0-dev.120+9fe22a29b\\x86_64-windows\\zig.exe","arguments":["test","src/root.zig","--test-filter","FP-0082 case 7:","--cache-dir","out/fp0082-mutation-cache"],"cwd":"C:\\Users\\requi\\.omp\\wt\\t64b25565c\\m","started_at":"2026-10-09T14:30:06.530Z","exit_code":1,"signal":null,"timed_out":false,"error":null,"duration_ms":2281,"environment_overrides":{"ZIG_GLOBAL_CACHE_DIR":"C:\\src\\fairpane\\.zig-cache\\global"}}

COMMAND ["C:\\src\\fairpane\\.tools\\zig\\0.18.0-dev.120+9fe22a29b\\x86_64-windows\\zig.exe","build","js-tools","-Doptimize=ReleaseSafe","--summary","all","--cache-dir","out/fp0082-mutation-cache"]
Build Summary: 4/4 steps succeeded
js-tools success
+- install fairpane-js-parse success
   +- compile exe fairpane-js-parse safe native success 9s MaxRSS:377M
      +- WriteFile src success

RESULT {"executable":"C:\\src\\fairpane\\.tools\\zig\\0.18.0-dev.120+9fe22a29b\\x86_64-windows\\zig.exe","arguments":["build","js-tools","-Doptimize=ReleaseSafe","--summary","all","--cache-dir","out/fp0082-mutation-cache"],"cwd":"C:\\Users\\requi\\.omp\\wt\\t64b25565c\\m","started_at":"2026-10-09T14:30:08.865Z","exit_code":0,"signal":null,"timed_out":false,"error":null,"duration_ms":9559,"environment_overrides":{"ZIG_GLOBAL_CACHE_DIR":"C:\\src\\fairpane\\.zig-cache\\global"}}

COMMAND ["C:\\Users\\requi\\.omp\\wt\\t64b25565c\\m\\zig-out\\bin\\fairpane-js-parse.exe","census","out/fp0082-test262","out/fp0082-census-M3.jsonl"]
{"format":"fairpane-js-parse-census","version":1,"commit":"2e0a56762801e275a9fdf96dc49d90ba0cddcf63"}
{"violation":"false_syntax_error","path":"test/built-ins/AsyncDisposableStack/prototype/defer/returns-undefined.js","mode":"non-strict","outcome":"syntax-error unexpected_token @429"}
{"violation":"false_syntax_error","path":"test/built-ins/AsyncDisposableStack/prototype/defer/returns-undefined.js","mode":"strict","outcome":"syntax-error unexpected_token @443"}
{"violation":"false_syntax_error","path":"test/built-ins/AsyncGeneratorPrototype/next/request-queue-await-order.js","mode":"non-strict","outcome":"syntax-error unexpected_token @1130"}
{"violation":"false_syntax_error","path":"test/built-ins/AsyncGeneratorPrototype/next/request-queue-await-order.js","mode":"strict","outcome":"syntax-error unexpected_token @1144"}
{"violation":"false_syntax_error","path":"test/built-ins/AsyncGeneratorPrototype/next/request-queue-promise-resolve-order.js","mode":"non-strict","outcome":"syntax-error unexpected_token @1101"}
{"violation":"false_syntax_error","path":"test/built-ins/AsyncGeneratorPrototype/next/request-queue-promise-resolve-order.js","mode":"strict","outcome":"syntax-error unexpected_token @1115"}
{"violation":"false_syntax_error","path":"test/built-ins/DisposableStack/prototype/adopt/adds-value-onDispose.js","mode":"non-strict","outcome":"syntax-error unexpected_token @1404"}
{"violation":"false_syntax_error","path":"test/built-ins/DisposableStack/prototype/adopt/adds-value-onDispose.js","mode":"strict","outcome":"syntax-error unexpected_token @1418"}
{"violation":"false_syntax_error","path":"test/built-ins/DisposableStack/prototype/adopt/allows-any-value.js","mode":"non-strict","outcome":"syntax-error unexpected_token @1021"}
{"violation":"false_syntax_error","path":"test/built-ins/DisposableStack/prototype/adopt/allows-any-value.js","mode":"strict","outcome":"syntax-error unexpected_token @1035"}
{"violation":"false_syntax_error","path":"test/built-ins/DisposableStack/prototype/adopt/returns-value.js","mode":"non-strict","outcome":"syntax-error unexpected_token @453"}
{"violation":"false_syntax_error","path":"test/built-ins/DisposableStack/prototype/adopt/returns-value.js","mode":"strict","outcome":"syntax-error unexpected_token @467"}
{"violation":"false_syntax_error","path":"test/built-ins/DisposableStack/prototype/adopt/throws-if-disposed.js","mode":"non-strict","outcome":"syntax-error unexpected_token @680"}
{"violation":"false_syntax_error","path":"test/built-ins/DisposableStack/prototype/adopt/throws-if-disposed.js","mode":"strict","outcome":"syntax-error unexpected_token @694"}
{"violation":"false_syntax_error","path":"test/built-ins/DisposableStack/prototype/defer/returns-undefined.js","mode":"non-strict","outcome":"syntax-error unexpected_token @421"}
{"violation":"false_syntax_error","path":"test/built-ins/DisposableStack/prototype/defer/returns-undefined.js","mode":"strict","outcome":"syntax-error unexpected_token @435"}
{"violation":"false_syntax_error","path":"test/built-ins/Object/entries/order-after-define-property.js","mode":"non-strict","outcome":"syntax-error unexpected_token @970"}
{"violation":"false_syntax_error","path":"test/built-ins/Object/entries/order-after-define-property.js","mode":"strict","outcome":"syntax-error unexpected_token @984"}
{"violation":"false_syntax_error","path":"test/built-ins/Promise/allSettled/resolved-then-catch-finally.js","mode":"non-strict","outcome":"syntax-error unexpected_token @2085"}
{"violation":"false_syntax_error","path":"test/built-ins/Promise/allSettled/resolved-then-catch-finally.js","mode":"strict","outcome":"syntax-error unexpected_token @2099"}
{"violation":"false_syntax_error","path":"test/built-ins/Promise/any/iter-arg-is-string-resolve.js","mode":"non-strict","outcome":"syntax-error unexpected_token @705"}
{"violation":"false_syntax_error","path":"test/built-ins/Promise/any/iter-arg-is-string-resolve.js","mode":"strict","outcome":"syntax-error unexpected_token @719"}
{"violation":"false_syntax_error","path":"test/built-ins/RegExp/named-groups/duplicate-names-matchall.js","mode":"non-strict","outcome":"syntax-error unexpected_token @430"}
{"violation":"false_syntax_error","path":"test/built-ins/RegExp/named-groups/duplicate-names-matchall.js","mode":"strict","outcome":"syntax-error unexpected_token @444"}
{"violation":"false_syntax_error","path":"test/built-ins/TypedArray/prototype/at/BigInt/return-abrupt-from-this-out-of-bounds.js","mode":"non-strict","outcome":"syntax-error unexpected_token @667"}
{"violation":"false_syntax_error","path":"test/built-ins/TypedArray/prototype/at/BigInt/return-abrupt-from-this-out-of-bounds.js","mode":"strict","outcome":"syntax-error unexpected_token @681"}
{"violation":"false_syntax_error","path":"test/built-ins/TypedArray/prototype/at/return-abrupt-from-this-out-of-bounds.js","mode":"non-strict","outcome":"syntax-error unexpected_token @624"}
{"violation":"false_syntax_error","path":"test/built-ins/TypedArray/prototype/at/return-abrupt-from-this-out-of-bounds.js","mode":"strict","outcome":"syntax-error unexpected_token @638"}
{"violation":"false_syntax_error","path":"test/built-ins/TypedArray/prototype/copyWithin/BigInt/return-abrupt-from-this-out-of-bounds.js","mode":"non-strict","outcome":"syntax-error unexpected_token @666"}
{"violation":"false_syntax_error","path":"test/built-ins/TypedArray/prototype/copyWithin/BigInt/return-abrupt-from-this-out-of-bounds.js","mode":"strict","outcome":"syntax-error unexpected_token @680"}
{"violation":"false_syntax_error","path":"test/built-ins/TypedArray/prototype/copyWithin/return-abrupt-from-this-out-of-bounds.js","mode":"non-strict","outcome":"syntax-error unexpected_token @623"}
{"violation":"false_syntax_error","path":"test/built-ins/TypedArray/prototype/copyWithin/return-abrupt-from-this-out-of-bounds.js","mode":"strict","outcome":"syntax-error unexpected_token @637"}
{"violation":"false_syntax_error","path":"test/built-ins/TypedArray/prototype/entries/BigInt/return-abrupt-from-this-out-of-bounds.js","mode":"non-strict","outcome":"syntax-error unexpected_token @657"}
{"violation":"false_syntax_error","path":"test/built-ins/TypedArray/prototype/entries/BigInt/return-abrupt-from-this-out-of-bounds.js","mode":"strict","outcome":"syntax-error unexpected_token @671"}
{"violation":"false_syntax_error","path":"test/built-ins/TypedArray/prototype/entries/return-abrupt-from-this-out-of-bounds.js","mode":"non-strict","outcome":"syntax-error unexpected_token @614"}
{"violation":"false_syntax_error","path":"test/built-ins/TypedArray/prototype/entries/return-abrupt-from-this-out-of-bounds.js","mode":"strict","outcome":"syntax-error unexpected_token @628"}
{"violation":"false_syntax_error","path":"test/built-ins/TypedArray/prototype/every/BigInt/return-abrupt-from-this-out-of-bounds.js","mode":"non-strict","outcome":"syntax-error unexpected_token @651"}
{"violation":"false_syntax_error","path":"test/built-ins/TypedArray/prototype/every/BigInt/return-abrupt-from-this-out-of-bounds.js","mode":"strict","outcome":"syntax-error unexpected_token @665"}
{"violation":"false_syntax_error","path":"test/built-ins/TypedArray/prototype/every/return-abrupt-from-this-out-of-bounds.js","mode":"non-strict","outcome":"syntax-error unexpected_token @608"}
{"violation":"false_syntax_error","path":"test/built-ins/TypedArray/prototype/every/return-abrupt-from-this-out-of-bounds.js","mode":"strict","outcome":"syntax-error unexpected_token @622"}
{"violation":"false_syntax_error","path":"test/built-ins/TypedArray/prototype/fill/BigInt/return-abrupt-from-this-out-of-bounds.js","mode":"non-strict","outcome":"syntax-error unexpected_token @648"}
{"violation":"false_syntax_error","path":"test/built-ins/TypedArray/prototype/fill/BigInt/return-abrupt-from-this-out-of-bounds.js","mode":"strict","outcome":"syntax-error unexpected_token @662"}
{"violation":"false_syntax_error","path":"test/built-ins/TypedArray/prototype/fill/return-abrupt-from-this-out-of-bounds.js","mode":"non-strict","outcome":"syntax-error unexpected_token @605"}
{"violation":"false_syntax_error","path":"test/built-ins/TypedArray/prototype/fill/return-abrupt-from-this-out-of-bounds.js","mode":"strict","outcome":"syntax-error unexpected_token @619"}
{"violation":"false_syntax_error","path":"test/built-ins/TypedArray/prototype/filter/BigInt/return-abrupt-from-this-out-of-bounds.js","mode":"non-strict","outcome":"syntax-error unexpected_token @654"}
{"violation":"false_syntax_error","path":"test/built-ins/TypedArray/prototype/filter/BigInt/return-abrupt-from-this-out-of-bounds.js","mode":"strict","outcome":"syntax-error unexpected_token @668"}
{"violation":"false_syntax_error","path":"test/built-ins/TypedArray/prototype/filter/return-abrupt-from-this-out-of-bounds.js","mode":"non-strict","outcome":"syntax-error unexpected_token @611"}
{"violation":"false_syntax_error","path":"test/built-ins/TypedArray/prototype/filter/return-abrupt-from-this-out-of-bounds.js","mode":"strict","outcome":"syntax-error unexpected_token @625"}
{"violation":"false_syntax_error","path":"test/built-ins/TypedArray/prototype/find/BigInt/return-abrupt-from-this-out-of-bounds.js","mode":"non-strict","outcome":"syntax-error unexpected_token @648"}
{"violation":"false_syntax_error","path":"test/built-ins/TypedArray/prototype/find/BigInt/return-abrupt-from-this-out-of-bounds.js","mode":"strict","outcome":"syntax-error unexpected_token @662"}
{"violation":"false_syntax_error","path":"test/built-ins/TypedArray/prototype/find/return-abrupt-from-this-out-of-bounds.js","mode":"non-strict","outcome":"syntax-error unexpected_token @605"}
{"violation":"false_syntax_error","path":"test/built-ins/TypedArray/prototype/find/return-abrupt-from-this-out-of-bounds.js","mode":"strict","outcome":"syntax-error unexpected_token @619"}
{"violation":"false_syntax_error","path":"test/built-ins/TypedArray/prototype/findIndex/BigInt/return-abrupt-from-this-out-of-bounds.js","mode":"non-strict","outcome":"syntax-error unexpected_token @663"}
{"violation":"false_syntax_error","path":"test/built-ins/TypedArray/prototype/findIndex/BigInt/return-abrupt-from-this-out-of-bounds.js","mode":"strict","outcome":"syntax-error unexpected_token @677"}
{"violation":"false_syntax_error","path":"test/built-ins/TypedArray/prototype/findIndex/return-abrupt-from-this-out-of-bounds.js","mode":"non-strict","outcome":"syntax-error unexpected_token @620"}
{"violation":"false_syntax_error","path":"test/built-ins/TypedArray/prototype/findIndex/return-abrupt-from-this-out-of-bounds.js","mode":"strict","outcome":"syntax-error unexpected_token @634"}
{"violation":"false_syntax_error","path":"test/built-ins/TypedArray/prototype/findLast/BigInt/return-abrupt-from-this-out-of-bounds.js","mode":"non-strict","outcome":"syntax-error unexpected_token @669"}
{"violation":"false_syntax_error","path":"test/built-ins/TypedArray/prototype/findLast/BigInt/return-abrupt-from-this-out-of-bounds.js","mode":"strict","outcome":"syntax-error unexpected_token @683"}
{"violation":"false_syntax_error","path":"test/built-ins/TypedArray/prototype/findLast/return-abrupt-from-this-out-of-bounds.js","mode":"non-strict","outcome":"syntax-error unexpected_token @626"}
{"violation":"false_syntax_error","path":"test/built-ins/TypedArray/prototype/findLast/return-abrupt-from-this-out-of-bounds.js","mode":"strict","outcome":"syntax-error unexpected_token @640"}
{"violation":"false_syntax_error","path":"test/built-ins/TypedArray/prototype/findLastIndex/BigInt/return-abrupt-from-this-out-of-bounds.js","mode":"non-strict","outcome":"syntax-error unexpected_token @684"}
{"violation":"false_syntax_error","path":"test/built-ins/TypedArray/prototype/findLastIndex/BigInt/return-abrupt-from-this-out-of-bounds.js","mode":"strict","outcome":"syntax-error unexpected_token @698"}
{"violation":"false_syntax_error","path":"test/built-ins/TypedArray/prototype/findLastIndex/return-abrupt-from-this-out-of-bounds.js","mode":"non-strict","outcome":"syntax-error unexpected_token @641"}
{"violation":"false_syntax_error","path":"test/built-ins/TypedArray/prototype/findLastIndex/return-abrupt-from-this-out-of-bounds.js","mode":"strict","outcome":"syntax-error unexpected_token @655"}
{"violation":"false_syntax_error","path":"test/built-ins/TypedArray/prototype/forEach/BigInt/return-abrupt-from-this-out-of-bounds.js","mode":"non-strict","outcome":"syntax-error unexpected_token @657"}
{"violation":"false_syntax_error","path":"test/built-ins/TypedArray/prototype/forEach/BigInt/return-abrupt-from-this-out-of-bounds.js","mode":"strict","outcome":"syntax-error unexpected_token @671"}
{"violation":"false_syntax_error","path":"test/built-ins/TypedArray/prototype/forEach/return-abrupt-from-this-out-of-bounds.js","mode":"non-strict","outcome":"syntax-error unexpected_token @614"}
{"violation":"false_syntax_error","path":"test/built-ins/TypedArray/prototype/forEach/return-abrupt-from-this-out-of-bounds.js","mode":"strict","outcome":"syntax-error unexpected_token @628"}
{"violation":"false_syntax_error","path":"test/built-ins/TypedArray/prototype/includes/BigInt/return-abrupt-from-this-out-of-bounds.js","mode":"non-strict","outcome":"syntax-error unexpected_token @660"}
{"violation":"false_syntax_error","path":"test/built-ins/TypedArray/prototype/includes/BigInt/return-abrupt-from-this-out-of-bounds.js","mode":"strict","outcome":"syntax-error unexpected_token @674"}
{"violation":"false_syntax_error","path":"test/built-ins/TypedArray/prototype/includes/return-abrupt-from-this-out-of-bounds.js","mode":"non-strict","outcome":"syntax-error unexpected_token @617"}
{"violation":"false_syntax_error","path":"test/built-ins/TypedArray/prototype/includes/return-abrupt-from-this-out-of-bounds.js","mode":"strict","outcome":"syntax-error unexpected_token @631"}
{"violation":"false_syntax_error","path":"test/built-ins/TypedArray/prototype/includes/search-undefined-after-shrinking-buffer-index-is-oob.js","mode":"non-strict","outcome":"syntax-error unexpected_token @622"}
{"violation":"false_syntax_error","path":"test/built-ins/TypedArray/prototype/includes/search-undefined-after-shrinking-buffer-index-is-oob.js","mode":"strict","outcome":"syntax-error unexpected_token @636"}
{"violation":"false_syntax_error","path":"test/built-ins/TypedArray/prototype/includes/search-undefined-after-shrinking-buffer.js","mode":"non-strict","outcome":"syntax-error unexpected_token @741"}
{"violation":"false_syntax_error","path":"test/built-ins/TypedArray/prototype/includes/search-undefined-after-shrinking-buffer.js","mode":"strict","outcome":"syntax-error unexpected_token @755"}
{"violation":"false_syntax_error","path":"test/built-ins/TypedArray/prototype/indexOf/BigInt/return-abrupt-from-this-out-of-bounds.js","mode":"non-strict","outcome":"syntax-error unexpected_token @657"}
{"violation":"false_syntax_error","path":"test/built-ins/TypedArray/prototype/indexOf/BigInt/return-abrupt-from-this-out-of-bounds.js","mode":"strict","outcome":"syntax-error unexpected_token @671"}
{"violation":"false_syntax_error","path":"test/built-ins/TypedArray/prototype/indexOf/return-abrupt-from-this-out-of-bounds.js","mode":"non-strict","outcome":"syntax-error unexpected_token @614"}
{"violation":"false_syntax_error","path":"test/built-ins/TypedArray/prototype/indexOf/return-abrupt-from-this-out-of-bounds.js","mode":"strict","outcome":"syntax-error unexpected_token @628"}
{"violation":"false_syntax_error","path":"test/built-ins/TypedArray/prototype/join/BigInt/return-abrupt-from-this-out-of-bounds.js","mode":"non-strict","outcome":"syntax-error unexpected_token @648"}
{"violation":"false_syntax_error","path":"test/built-ins/TypedArray/prototype/join/BigInt/return-abrupt-from-this-out-of-bounds.js","mode":"strict","outcome":"syntax-error unexpected_token @662"}
{"violation":"false_syntax_error","path":"test/built-ins/TypedArray/prototype/join/return-abrupt-from-this-out-of-bounds.js","mode":"non-strict","outcome":"syntax-error unexpected_token @605"}
{"violation":"false_syntax_error","path":"test/built-ins/TypedArray/prototype/join/return-abrupt-from-this-out-of-bounds.js","mode":"strict","outcome":"syntax-error unexpected_token @619"}
{"violation":"false_syntax_error","path":"test/built-ins/TypedArray/prototype/keys/BigInt/return-abrupt-from-this-out-of-bounds.js","mode":"non-strict","outcome":"syntax-error unexpected_token @648"}
{"violation":"false_syntax_error","path":"test/built-ins/TypedArray/prototype/keys/BigInt/return-abrupt-from-this-out-of-bounds.js","mode":"strict","outcome":"syntax-error unexpected_token @662"}
{"violation":"false_syntax_error","path":"test/built-ins/TypedArray/prototype/keys/return-abrupt-from-this-out-of-bounds.js","mode":"non-strict","outcome":"syntax-error unexpected_token @605"}
{"violation":"false_syntax_error","path":"test/built-ins/TypedArray/prototype/keys/return-abrupt-from-this-out-of-bounds.js","mode":"strict","outcome":"syntax-error unexpected_token @619"}
{"violation":"false_syntax_error","path":"test/built-ins/TypedArray/prototype/lastIndexOf/BigInt/return-abrupt-from-this-out-of-bounds.js","mode":"non-strict","outcome":"syntax-error unexpected_token @669"}
{"violation":"false_syntax_error","path":"test/built-ins/TypedArray/prototype/lastIndexOf/BigInt/return-abrupt-from-this-out-of-bounds.js","mode":"strict","outcome":"syntax-error unexpected_token @683"}
{"violation":"false_syntax_error","path":"test/built-ins/TypedArray/prototype/lastIndexOf/return-abrupt-from-this-out-of-bounds.js","mode":"non-strict","outcome":"syntax-error unexpected_token @655"}
{"violation":"false_syntax_error","path":"test/built-ins/TypedArray/prototype/lastIndexOf/return-abrupt-from-this-out-of-bounds.js","mode":"strict","outcome":"syntax-error unexpected_token @669"}
{"violation":"false_syntax_error","path":"test/built-ins/TypedArray/prototype/map/BigInt/return-abrupt-from-this-out-of-bounds.js","mode":"non-strict","outcome":"syntax-error unexpected_token @645"}
{"violation":"false_syntax_error","path":"test/built-ins/TypedArray/prototype/map/BigInt/return-abrupt-from-this-out-of-bounds.js","mode":"strict","outcome":"syntax-error unexpected_token @659"}
{"violation":"false_syntax_error","path":"test/built-ins/TypedArray/prototype/map/return-abrupt-from-this-out-of-bounds.js","mode":"non-strict","outcome":"syntax-error unexpected_token @631"}
{"violation":"false_syntax_error","path":"test/built-ins/TypedArray/prototype/map/return-abrupt-from-this-out-of-bounds.js","mode":"strict","outcome":"syntax-error unexpected_token @645"}
{"violation":"false_syntax_error","path":"test/built-ins/TypedArray/prototype/reduce/BigInt/return-abrupt-from-this-out-of-bounds.js","mode":"non-strict","outcome":"syntax-error unexpected_token @654"}
{"violation":"false_syntax_error","path":"test/built-ins/TypedArray/prototype/reduce/BigInt/return-abrupt-from-this-out-of-bounds.js","mode":"strict","outcome":"syntax-error unexpected_token @668"}
{"violation":"false_syntax_error","path":"test/built-ins/TypedArray/prototype/reduce/return-abrupt-from-this-out-of-bounds.js","mode":"non-strict","outcome":"syntax-error unexpected_token @640"}
{"violation":"false_syntax_error","path":"test/built-ins/TypedArray/prototype/reduce/return-abrupt-from-this-out-of-bounds.js","mode":"strict","outcome":"syntax-error unexpected_token @654"}
{"violation":"false_syntax_error","path":"test/built-ins/TypedArray/prototype/reduceRight/BigInt/return-abrupt-from-this-out-of-bounds.js","mode":"non-strict","outcome":"syntax-error unexpected_token @669"}
{"violation":"false_syntax_error","path":"test/built-ins/TypedArray/prototype/reduceRight/BigInt/return-abrupt-from-this-out-of-bounds.js","mode":"strict","outcome":"syntax-error unexpected_token @683"}
{"violation":"false_syntax_error","path":"test/built-ins/TypedArray/prototype/reduceRight/return-abrupt-from-this-out-of-bounds.js","mode":"non-strict","outcome":"syntax-error unexpected_token @655"}
{"violation":"false_syntax_error","path":"test/built-ins/TypedArray/prototype/reduceRight/return-abrupt-from-this-out-of-bounds.js","mode":"strict","outcome":"syntax-error unexpected_token @669"}
{"violation":"false_syntax_error","path":"test/built-ins/TypedArray/prototype/reverse/BigInt/return-abrupt-from-this-out-of-bounds.js","mode":"non-strict","outcome":"syntax-error unexpected_token @657"}
{"violation":"false_syntax_error","path":"test/built-ins/TypedArray/prototype/reverse/BigInt/return-abrupt-from-this-out-of-bounds.js","mode":"strict","outcome":"syntax-error unexpected_token @671"}
{"violation":"false_syntax_error","path":"test/built-ins/TypedArray/prototype/reverse/return-abrupt-from-this-out-of-bounds.js","mode":"non-strict","outcome":"syntax-error unexpected_token @614"}
{"violation":"false_syntax_error","path":"test/built-ins/TypedArray/prototype/reverse/return-abrupt-from-this-out-of-bounds.js","mode":"strict","outcome":"syntax-error unexpected_token @628"}
{"violation":"false_syntax_error","path":"test/built-ins/TypedArray/prototype/set/BigInt/typedarray-arg-target-out-of-bounds.js","mode":"non-strict","outcome":"syntax-error unexpected_token @624"}
{"violation":"false_syntax_error","path":"test/built-ins/TypedArray/prototype/set/BigInt/typedarray-arg-target-out-of-bounds.js","mode":"strict","outcome":"syntax-error unexpected_token @638"}
{"violation":"false_syntax_error","path":"test/built-ins/TypedArray/prototype/set/typedarray-arg-target-out-of-bounds.js","mode":"non-strict","outcome":"syntax-error unexpected_token @610"}
{"violation":"false_syntax_error","path":"test/built-ins/TypedArray/prototype/set/typedarray-arg-target-out-of-bounds.js","mode":"strict","outcome":"syntax-error unexpected_token @624"}
{"violation":"false_syntax_error","path":"test/built-ins/TypedArray/prototype/slice/BigInt/return-abrupt-from-this-out-of-bounds.js","mode":"non-strict","outcome":"syntax-error unexpected_token @651"}
{"violation":"false_syntax_error","path":"test/built-ins/TypedArray/prototype/slice/BigInt/return-abrupt-from-this-out-of-bounds.js","mode":"strict","outcome":"syntax-error unexpected_token @665"}
{"violation":"false_syntax_error","path":"test/built-ins/TypedArray/prototype/slice/return-abrupt-from-this-out-of-bounds.js","mode":"non-strict","outcome":"syntax-error unexpected_token @637"}
{"violation":"false_syntax_error","path":"test/built-ins/TypedArray/prototype/slice/return-abrupt-from-this-out-of-bounds.js","mode":"strict","outcome":"syntax-error unexpected_token @651"}
{"violation":"false_syntax_error","path":"test/built-ins/TypedArray/prototype/some/BigInt/return-abrupt-from-this-out-of-bounds.js","mode":"non-strict","outcome":"syntax-error unexpected_token @648"}
{"violation":"false_syntax_error","path":"test/built-ins/TypedArray/prototype/some/BigInt/return-abrupt-from-this-out-of-bounds.js","mode":"strict","outcome":"syntax-error unexpected_token @662"}
{"violation":"false_syntax_error","path":"test/built-ins/TypedArray/prototype/some/return-abrupt-from-this-out-of-bounds.js","mode":"non-strict","outcome":"syntax-error unexpected_token @634"}
{"violation":"false_syntax_error","path":"test/built-ins/TypedArray/prototype/some/return-abrupt-from-this-out-of-bounds.js","mode":"strict","outcome":"syntax-error unexpected_token @648"}
{"violation":"false_syntax_error","path":"test/built-ins/TypedArray/prototype/sort/BigInt/return-abrupt-from-this-out-of-bounds.js","mode":"non-strict","outcome":"syntax-error unexpected_token @648"}
{"violation":"false_syntax_error","path":"test/built-ins/TypedArray/prototype/sort/BigInt/return-abrupt-from-this-out-of-bounds.js","mode":"strict","outcome":"syntax-error unexpected_token @662"}
{"violation":"false_syntax_error","path":"test/built-ins/TypedArray/prototype/sort/return-abrupt-from-this-out-of-bounds.js","mode":"non-strict","outcome":"syntax-error unexpected_token @634"}
{"violation":"false_syntax_error","path":"test/built-ins/TypedArray/prototype/sort/return-abrupt-from-this-out-of-bounds.js","mode":"strict","outcome":"syntax-error unexpected_token @648"}
{"violation":"false_syntax_error","path":"test/built-ins/TypedArray/prototype/toLocaleString/BigInt/return-abrupt-from-this-out-of-bounds.js","mode":"non-strict","outcome":"syntax-error unexpected_token @678"}
{"violation":"false_syntax_error","path":"test/built-ins/TypedArray/prototype/toLocaleString/BigInt/return-abrupt-from-this-out-of-bounds.js","mode":"strict","outcome":"syntax-error unexpected_token @692"}
{"violation":"false_syntax_error","path":"test/built-ins/TypedArray/prototype/toLocaleString/return-abrupt-from-this-out-of-bounds.js","mode":"non-strict","outcome":"syntax-error unexpected_token @664"}
{"violation":"false_syntax_error","path":"test/built-ins/TypedArray/prototype/toLocaleString/return-abrupt-from-this-out-of-bounds.js","mode":"strict","outcome":"syntax-error unexpected_token @678"}
{"violation":"false_syntax_error","path":"test/built-ins/TypedArray/prototype/toReversed/reverses.js","mode":"non-strict","outcome":"syntax-error unexpected_token @663"}
{"violation":"false_syntax_error","path":"test/built-ins/TypedArray/prototype/toReversed/reverses.js","mode":"strict","outcome":"syntax-error unexpected_token @677"}
{"violation":"false_syntax_error","path":"test/built-ins/TypedArray/prototype/toSorted/comparefn-controls-sort.js","mode":"non-strict","outcome":"syntax-error unexpected_token @773"}
{"violation":"false_syntax_error","path":"test/built-ins/TypedArray/prototype/toSorted/comparefn-controls-sort.js","mode":"strict","outcome":"syntax-error unexpected_token @787"}
{"violation":"false_syntax_error","path":"test/built-ins/TypedArray/prototype/toSorted/comparefn-default.js","mode":"non-strict","outcome":"syntax-error unexpected_token @700"}
{"violation":"false_syntax_error","path":"test/built-ins/TypedArray/prototype/toSorted/comparefn-default.js","mode":"strict","outcome":"syntax-error unexpected_token @714"}
{"violation":"false_syntax_error","path":"test/built-ins/TypedArray/prototype/values/BigInt/return-abrupt-from-this-out-of-bounds.js","mode":"non-strict","outcome":"syntax-error unexpected_token @654"}
{"violation":"false_syntax_error","path":"test/built-ins/TypedArray/prototype/values/BigInt/return-abrupt-from-this-out-of-bounds.js","mode":"strict","outcome":"syntax-error unexpected_token @668"}
{"violation":"false_syntax_error","path":"test/built-ins/TypedArray/prototype/values/return-abrupt-from-this-out-of-bounds.js","mode":"non-strict","outcome":"syntax-error unexpected_token @640"}
{"violation":"false_syntax_error","path":"test/built-ins/TypedArray/prototype/values/return-abrupt-from-this-out-of-bounds.js","mode":"strict","outcome":"syntax-error unexpected_token @654"}
{"violation":"false_syntax_error","path":"test/built-ins/TypedArray/prototype/with/valid-typedarray-index-checked-after-coercions.js","mode":"non-strict","outcome":"syntax-error unexpected_token @597"}
{"violation":"false_syntax_error","path":"test/built-ins/TypedArray/prototype/with/valid-typedarray-index-checked-after-coercions.js","mode":"strict","outcome":"syntax-error unexpected_token @611"}
{"violation":"false_syntax_error","path":"test/intl402/DateTimeFormat/prototype/formatToParts/main.js","mode":"non-strict","outcome":"syntax-error unexpected_token @320"}
{"violation":"false_syntax_error","path":"test/intl402/DateTimeFormat/prototype/formatToParts/main.js","mode":"strict","outcome":"syntax-error unexpected_token @334"}
{"violation":"false_syntax_error","path":"test/intl402/DateTimeFormat/prototype/formatToParts/time-clip-to-integer.js","mode":"non-strict","outcome":"syntax-error unexpected_token @776"}
{"violation":"false_syntax_error","path":"test/intl402/DateTimeFormat/prototype/formatToParts/time-clip-to-integer.js","mode":"strict","outcome":"syntax-error unexpected_token @790"}
{"violation":"false_syntax_error","path":"test/intl402/NumberFormat/prototype/formatToParts/main.js","mode":"non-strict","outcome":"syntax-error unexpected_token @281"}
{"violation":"false_syntax_error","path":"test/intl402/NumberFormat/prototype/formatToParts/main.js","mode":"strict","outcome":"syntax-error unexpected_token @295"}
{"violation":"false_syntax_error","path":"test/language/expressions/arrow-function/arrow/concisebody-lookahead-assignmentexpression-1.js","mode":"non-strict","outcome":"syntax-error unexpected_token @232"}
{"violation":"false_syntax_error","path":"test/language/expressions/arrow-function/arrow/concisebody-lookahead-assignmentexpression-1.js","mode":"strict","outcome":"syntax-error unexpected_token @246"}
{"violation":"false_syntax_error","path":"test/language/expressions/arrow-function/arrow/concisebody-lookahead-assignmentexpression-2.js","mode":"non-strict","outcome":"syntax-error unexpected_token @232"}
{"violation":"false_syntax_error","path":"test/language/expressions/arrow-function/arrow/concisebody-lookahead-assignmentexpression-2.js","mode":"strict","outcome":"syntax-error unexpected_token @246"}
{"violation":"false_syntax_error","path":"test/language/expressions/arrow-function/expression-body-implicit-return.js","mode":"non-strict","outcome":"syntax-error unexpected_token @229"}
{"violation":"false_syntax_error","path":"test/language/expressions/arrow-function/expression-body-implicit-return.js","mode":"strict","outcome":"syntax-error unexpected_token @243"}
{"violation":"false_syntax_error","path":"test/language/expressions/arrow-function/lexical-arguments.js","mode":"non-strict","outcome":"syntax-error unexpected_token @1133"}
{"violation":"false_syntax_error","path":"test/language/expressions/arrow-function/lexical-arguments.js","mode":"strict","outcome":"syntax-error unexpected_token @1147"}
{"violation":"false_syntax_error","path":"test/language/expressions/arrow-function/lexical-new.target-closure-returned.js","mode":"non-strict","outcome":"syntax-error unexpected_token @1149"}
{"violation":"false_syntax_error","path":"test/language/expressions/arrow-function/lexical-new.target-closure-returned.js","mode":"strict","outcome":"syntax-error unexpected_token @1163"}
{"violation":"false_syntax_error","path":"test/language/expressions/arrow-function/lexical-new.target.js","mode":"non-strict","outcome":"syntax-error unexpected_token @1206"}
{"violation":"false_syntax_error","path":"test/language/expressions/arrow-function/lexical-new.target.js","mode":"strict","outcome":"syntax-error unexpected_token @1220"}
{"violation":"false_syntax_error","path":"test/language/expressions/arrow-function/lexical-this.js","mode":"non-strict","outcome":"syntax-error unexpected_token @1104"}
{"violation":"false_syntax_error","path":"test/language/expressions/arrow-function/lexical-this.js","mode":"strict","outcome":"syntax-error unexpected_token @1118"}
{"violation":"false_syntax_error","path":"test/language/expressions/arrow-function/low-precedence-expression-body-no-parens.js","mode":"non-strict","outcome":"syntax-error unexpected_token @263"}
{"violation":"false_syntax_error","path":"test/language/expressions/arrow-function/low-precedence-expression-body-no-parens.js","mode":"strict","outcome":"syntax-error unexpected_token @277"}
{"violation":"false_syntax_error","path":"test/language/expressions/arrow-function/name.js","mode":"non-strict","outcome":"syntax-error unexpected_token @623"}
{"violation":"false_syntax_error","path":"test/language/expressions/arrow-function/name.js","mode":"strict","outcome":"syntax-error unexpected_token @637"}
{"violation":"false_syntax_error","path":"test/language/expressions/arrow-function/non-strict.js","mode":"non-strict","outcome":"syntax-error unexpected_token @391"}
{"violation":"false_syntax_error","path":"test/language/expressions/arrow-function/object-literal-return-requires-body-parens.js","mode":"non-strict","outcome":"syntax-error unexpected_token @262"}
{"violation":"false_syntax_error","path":"test/language/expressions/arrow-function/object-literal-return-requires-body-parens.js","mode":"strict","outcome":"syntax-error unexpected_token @276"}
{"violation":"false_syntax_error","path":"test/language/expressions/arrow-function/statement-body-requires-braces-must-return-explicitly-missing.js","mode":"non-strict","outcome":"syntax-error unexpected_token @267"}
{"violation":"false_syntax_error","path":"test/language/expressions/arrow-function/statement-body-requires-braces-must-return-explicitly-missing.js","mode":"strict","outcome":"syntax-error unexpected_token @281"}
{"violation":"false_syntax_error","path":"test/language/expressions/arrow-function/statement-body-requires-braces-must-return-explicitly.js","mode":"non-strict","outcome":"syntax-error unexpected_token @267"}
{"violation":"false_syntax_error","path":"test/language/expressions/arrow-function/statement-body-requires-braces-must-return-explicitly.js","mode":"strict","outcome":"syntax-error unexpected_token @281"}
{"violation":"false_syntax_error","path":"test/language/expressions/arrow-function/strict.js","mode":"strict","outcome":"syntax-error unexpected_token @452"}
{"violation":"false_syntax_error","path":"test/language/expressions/arrow-function/syntax/arrowparameters-bindingidentifier-arguments.js","mode":"non-strict","outcome":"syntax-error unexpected_token @337"}
{"violation":"false_syntax_error","path":"test/language/expressions/arrow-function/syntax/arrowparameters-bindingidentifier-concisebody-assignmentexpression.js","mode":"non-strict","outcome":"syntax-error unexpected_token @421"}
{"violation":"false_syntax_error","path":"test/language/expressions/arrow-function/syntax/arrowparameters-bindingidentifier-concisebody-assignmentexpression.js","mode":"strict","outcome":"syntax-error unexpected_token @435"}
{"violation":"false_syntax_error","path":"test/language/expressions/arrow-function/syntax/arrowparameters-bindingidentifier-concisebody-functionbody.js","mode":"non-strict","outcome":"syntax-error unexpected_token @438"}
{"violation":"false_syntax_error","path":"test/language/expressions/arrow-function/syntax/arrowparameters-bindingidentifier-concisebody-functionbody.js","mode":"strict","outcome":"syntax-error unexpected_token @452"}
{"violation":"false_syntax_error","path":"test/language/expressions/arrow-function/syntax/arrowparameters-bindingidentifier-eval.js","mode":"non-strict","outcome":"syntax-error unexpected_token @327"}
{"violation":"false_syntax_error","path":"test/language/expressions/arrow-function/syntax/arrowparameters-bindingidentifier-lineterminator-concisebody-assignmentexpression.js","mode":"non-strict","outcome":"syntax-error unexpected_token @472"}
{"violation":"false_syntax_error","path":"test/language/expressions/arrow-function/syntax/arrowparameters-bindingidentifier-lineterminator-concisebody-assignmentexpression.js","mode":"strict","outcome":"syntax-error unexpected_token @486"}
{"violation":"false_syntax_error","path":"test/language/expressions/arrow-function/syntax/arrowparameters-bindingidentifier-lineterminator-concisebody-functionbody.js","mode":"non-strict","outcome":"syntax-error unexpected_token @468"}
{"violation":"false_syntax_error","path":"test/language/expressions/arrow-function/syntax/arrowparameters-bindingidentifier-lineterminator-concisebody-functionbody.js","mode":"strict","outcome":"syntax-error unexpected_token @482"}
{"violation":"false_syntax_error","path":"test/language/expressions/arrow-function/syntax/arrowparameters-bindingidentifier-yield.js","mode":"non-strict","outcome":"syntax-error unexpected_token @329"}
{"violation":"false_syntax_error","path":"test/language/expressions/async-arrow-function/async-lineterminator-identifier-throws.js","mode":"non-strict","outcome":"syntax-error unexpected_token @544"}
{"violation":"false_syntax_error","path":"test/language/expressions/async-arrow-function/async-lineterminator-identifier-throws.js","mode":"strict","outcome":"syntax-error unexpected_token @558"}
{"violation":"false_syntax_error","path":"test/language/expressions/async-arrow-function/escaped-async-line-terminator.js","mode":"non-strict","outcome":"syntax-error unexpected_token @1113"}
{"violation":"false_syntax_error","path":"test/language/expressions/async-arrow-function/escaped-async-line-terminator.js","mode":"strict","outcome":"syntax-error unexpected_token @1127"}
{"violation":"false_syntax_error","path":"test/language/expressions/tagged-template/invalid-escape-sequences.js","mode":"non-strict","outcome":"syntax-error unexpected_token @276"}
{"violation":"false_syntax_error","path":"test/language/expressions/tagged-template/invalid-escape-sequences.js","mode":"strict","outcome":"syntax-error unexpected_token @290"}
{"violation":"false_syntax_error","path":"test/staging/sm/Proxy/revocable-proxy-prototype.js","mode":"non-strict","outcome":"syntax-error unexpected_token @477"}
{"violation":"false_syntax_error","path":"test/staging/sm/Proxy/revocable-proxy-prototype.js","mode":"strict","outcome":"syntax-error unexpected_token @491"}
{"violation":"false_syntax_error","path":"test/staging/sm/TypedArray/from_string.js","mode":"non-strict","outcome":"syntax-error unexpected_token @355"}
{"violation":"false_syntax_error","path":"test/staging/sm/TypedArray/from_string.js","mode":"strict","outcome":"syntax-error unexpected_token @369"}
{"violation":"false_syntax_error","path":"test/staging/sm/statements/arrow-function-at-end-of-for-statement-head.js","mode":"non-strict","outcome":"syntax-error unexpected_token @350"}
{"violation":"false_syntax_error","path":"test/staging/sm/statements/arrow-function-at-end-of-for-statement-head.js","mode":"strict","outcome":"syntax-error unexpected_token @364"}
{"summary":{"discovered":53616,"module":843,"proposal_files":2450,"runs":102151,"agree_valid":28777,"agree_error":1963,"unsupported":71212,"limit":0,"proposal_mismatch":4,"false_accept":0,"false_syntax_error":195,"metadata_error":0,"input_error":0},"unsupported_by_code":{"arguments_object":1165,"array_literal":11226,"arrow_function":2338,"async_function":4436,"bigint_literal":748,"block_function_declaration":333,"class":14850,"coalesce":66,"default_parameter":129,"destructuring_assignment":210,"destructuring_binding":1226,"for_in":757,"for_of":318,"generator":3811,"import":822,"lexical_declaration":20544,"logical_assignment":130,"method_definition":4030,"new_target":62,"non_ascii_identifier":178,"object_spread":126,"optional_chain":19,"regular_expression":2731,"rest_parameter":41,"spread":78,"super":16,"template":480,"using_declaration":100,"with":242}}
RESULT {"executable":"C:\\Users\\requi\\.omp\\wt\\t64b25565c\\m\\zig-out\\bin\\fairpane-js-parse.exe","arguments":["census","out/fp0082-test262","out/fp0082-census-M3.jsonl"],"cwd":"C:\\Users\\requi\\.omp\\wt\\t64b25565c\\m","started_at":"2026-10-09T14:30:18.492Z","exit_code":1,"signal":null,"timed_out":false,"error":null,"duration_ms":3327}

COMMAND ["C:\\Program Files\\Git\\cmd\\git.exe","apply","-R","engineering/evidence/FP-0082/raw/mutation-M3.diff"]
RESULT {"executable":"C:\\Program Files\\Git\\cmd\\git.exe","arguments":["apply","-R","engineering/evidence/FP-0082/raw/mutation-M3.diff"],"cwd":"C:\\Users\\requi\\.omp\\wt\\t64b25565c\\m","started_at":"2026-10-09T14:30:21.872Z","exit_code":0,"signal":null,"timed_out":false,"error":null,"duration_ms":19}

COMMAND ["C:\\Program Files\\Git\\cmd\\git.exe","hash-object","src/js/parser.zig"]
a6246a63d01bab5f6590c156cabdf9855e7051a0
RESULT {"executable":"C:\\Program Files\\Git\\cmd\\git.exe","arguments":["hash-object","src/js/parser.zig"],"cwd":"C:\\Users\\requi\\.omp\\wt\\t64b25565c\\m","started_at":"2026-10-09T14:30:21.956Z","exit_code":0,"signal":null,"timed_out":false,"error":null,"duration_ms":19}

COMMAND ["C:\\Program Files\\Git\\cmd\\git.exe","rev-parse","HEAD"]
7ffafd3fd157208ec3af4ee10e644e846064f120
RESULT {"executable":"C:\\Program Files\\Git\\cmd\\git.exe","arguments":["rev-parse","HEAD"],"cwd":"C:\\Users\\requi\\.omp\\wt\\t64b25565c\\m","started_at":"2026-10-09T14:30:22.039Z","exit_code":0,"signal":null,"timed_out":false,"error":null,"duration_ms":19}

COMMAND ["C:\\Program Files\\Git\\cmd\\git.exe","hash-object","tools/corpus.mjs","engineering/evidence/FP-0082/raw/mutation-M7.diff"]
0d005f6e11f37c6d26571eeb197bc41af16119dd
74c63d24891e1c6de5146a5e49e1aa692c1db152
RESULT {"executable":"C:\\Program Files\\Git\\cmd\\git.exe","arguments":["hash-object","tools/corpus.mjs","engineering/evidence/FP-0082/raw/mutation-M7.diff"],"cwd":"C:\\Users\\requi\\.omp\\wt\\t64b25565c\\m","started_at":"2026-10-09T14:30:22.114Z","exit_code":0,"signal":null,"timed_out":false,"error":null,"duration_ms":28}

COMMAND ["C:\\Program Files\\Git\\cmd\\git.exe","apply","engineering/evidence/FP-0082/raw/mutation-M7.diff"]
RESULT {"executable":"C:\\Program Files\\Git\\cmd\\git.exe","arguments":["apply","engineering/evidence/FP-0082/raw/mutation-M7.diff"],"cwd":"C:\\Users\\requi\\.omp\\wt\\t64b25565c\\m","started_at":"2026-10-09T14:30:22.196Z","exit_code":0,"signal":null,"timed_out":false,"error":null,"duration_ms":28}

COMMAND ["C:\\Program Files\\Git\\cmd\\git.exe","hash-object","tools/corpus.mjs"]
d0fd62d195e029873c88bf18eaec87b9463f5875
RESULT {"executable":"C:\\Program Files\\Git\\cmd\\git.exe","arguments":["hash-object","tools/corpus.mjs"],"cwd":"C:\\Users\\requi\\.omp\\wt\\t64b25565c\\m","started_at":"2026-10-09T14:30:22.287Z","exit_code":0,"signal":null,"timed_out":false,"error":null,"duration_ms":30}

COMMAND ["C:\\nvm4w\\nodejs\\node.exe","tools/selftest.mjs"]
TAP version 13
ok 1 - A normal relative file resolves within the repository
ok 2 - Traversal, empty components, and dot components fail
ok 3 - Absolute paths, backslashes, control bytes, and alternate streams fail
ok 4 - A missing path needs explicit permission
ok 5 - A symlink cannot redirect an input inventory
ok 6 - A dangling directory link is not a new output directory
ok 7 - An empty input inventory fails
ok 8 - Input hashes change with content
ok 9 - Input hashes include relative names
ok 10 - Input hashes ignore checkout location and input order
ok 11 - Repeated roots do not duplicate files
ok 12 - File hashes match the SHA-256 content hash
ok 13 - Atomic JSON output supports replacement and BOM input
ok 14 - The supplied compiler lock has a valid structure
ok 15 - A stable version cannot silently replace Zig master
ok 16 - A floating compiler version fails
ok 17 - A substituted compiler source fails
ok 18 - A substituted artifact URL fails
ok 19 - An invalid checksum or archive size fails
ok 20 - A checksum mismatch cannot qualify an archive
ok 21 - A size mismatch cannot qualify an archive
ok 22 - Host selection maps supported platform names explicitly
ok 23 - A valid task graph has one initial ready task
ok 24 - An accepted prerequisite reveals the next task
ok 25 - An active task does not become another ready task
ok 26 - A duplicate task ID fails
ok 27 - Unknown and duplicate prerequisites fail
ok 28 - A cycle in the task graph fails
ok 29 - Empty acceptance criteria and unknown gates fail
ok 30 - Missing state and unknown workstreams fail
ok 31 - Acceptance without evidence and review fails
ok 32 - Acceptance with an unaccepted prerequisite fails
ok 33 - An empty release profile fails closed
ok 34 - The full set of capability families cannot disappear
ok 35 - Qualified metadata alone cannot replace a release verifier
ok 36 - 1: A forged local receipt passes validateReceipt without gate execution
ok 37 - 2: A valid envelope signed by a trusted key verifies
ok 38 - 3: RFC 8032 test vector 1 verifies through the same key decoding path
ok 39 - 4: A key outside the trust policy fails, whether it names itself or a trusted key
ok 40 - 5: One changed payload byte fails as bad-signature
ok 41 - 6: A truncated envelope and a truncated payload each fail
ok 42 - 7: A trusted signature over a payload with a missing, unknown, or mistyped field fails as malformed
ok 43 - 8: A payload for another commit or tree fails as stale-candidate
ok 44 - 9: A payload with another policy digest fails as changed-policy
ok 45 - 10: Zero discovered and zero selected each fail as zero-denominator
ok 46 - 11: Negative, fractional, unsafe, and mismatched counts fail as inconsistent-counts
ok 47 - 12: A runner key that differs from the signature key fails as key-mismatch
ok 48 - 13: attest-verify checks a candidate repository from a separate verifier location and rejects a trust policy inside it
ok 49 - 14: Candidate identity comes from Git objects, ignores replace refs and inherited Git variables, and rejects other names
ok 50 - 16: A trusted signature over a noncanonical payload fails as malformed
ok 51 - FP-0051 1: A verifier copy inside a linked work tree of the candidate reports an advisory result
ok 52 - FP-0051 2: enclosingGitDirectories collects the common directory of every enclosing .git entry
ok 53 - FP-0051 3: An unreadable commit object is a tool error, and a missing or non-commit object is unknown-candidate
ok 54 - FP-0051 4: A policy path that passes through the candidate fails, however its root is spelled
ok 55 - FP-0033 2-4, 6: Every workflow file has exactly its reviewed policy problems
ok 56 - FP-0033: The Gates workflow runs the contract gates in order on pinned runner images
ok 57 - FP-0033 2: A uses reference without a full 40-hex commit SHA fails
ok 58 - FP-0033 17: An action commit outside the reviewed set fails, even with a full SHA and a version comment
ok 59 - FP-0033 3: A workflow permission other than contents: read fails
ok 60 - FP-0033 3: A job permission other than contents: read fails
ok 61 - FP-0033 4: continue-on-error on a step or a job fails
ok 62 - FP-0033 4: Checkout that persists credentials or omits persist-credentials fails
ok 63 - FP-0033 4: A pull_request_target trigger fails in mapping, list, and scalar form
ok 64 - FP-0033 4: A workflow_run trigger fails
ok 65 - FP-0033 8: An expression outside the allowlist fails
ok 66 - FP-0033 9: A gate step that can be skipped or rerouted fails
ok 67 - FP-0033 12: The Gates workflow allowlists report every other key, action, input, command, and upload condition
ok 68 - FP-0033 13: A run: value with a ${{ }} expression fails in every workflow
ok 69 - FP-0033 14: A trigger other than push, pull_request, and workflow_dispatch fails
ok 70 - FP-0033 15: A permission problem names the exact grants, so widening pages.yml fails its reviewed list
ok 71 - FP-0033 16: A block scalar whose leading blank line has more spaces than its first content line fails to parse
ok 72 - FP-0033: The parser reads the accepted subset and its block scalars exactly
ok 73 - FP-0033: The parser rejects syntax outside its subset instead of guessing
ok 74 - FP-0033 7: Characters that a YAML parser reads as line breaks or separators fail to parse
ok 75 - FP-0067 1: The committed Gates workflow has no trigger, upload, or Linux-gate problem
ok 76 - FP-0067 2: A Gates trigger filter key other than branches is one problem that names the trigger and the key
ok 77 - FP-0067 3: Gates branches other than [master] and a workflow_dispatch value are each one problem
ok 78 - FP-0067 4: A Gates upload path other than out/evidence/ or an if-no-files-found other than error is one problem
ok 79 - FP-0067 5: A Linux job that omits zig-test or runs it after the cross builds is a problem
ok 80 - FP-0021 case 1: Generating from the committed schema reproduces the committed include/fairpane.h and src/abi_generated.zig byte for byte
ok 81 - FP-0021 case 2: Changing one byte of either generated file makes abi-check exit with status 1 and name the file
ok 82 - FP-0021 case 3: Generation is deterministic across two runs and across schema key order
ok 83 - FP-0021 case 4: The validator rejects an unknown kind, a pointer without ownership or lifetime, an inverted range, a duplicate name, and a structure without struct_size
ok 84 - FP-0021 case 5: The schema distinguishes text, web_string, bytes, identifier, handle, ranged integer, and optional values, and the generator maps each one to distinct C and Zig declarations
ok 85 - FP-0021 case 6: The generated Zig declarations assert the size and every field offset of every structure
ok 86 - FP-0021 case 7: The C smoke test runs every C-expressible failure scenario and names each identifier it covers
ok 87 - FP-0021 case 8: The Zig scenario test runs every failure scenario through the generated declarations
ok 88 - FP-0021 case 9: Every failure scenario has an identifier, calls, and expected outcomes, and the validator rejects one without them
ok 89 - FP-0021 case 10: The validator rejects consumed_on_success on an output parameter, and the generated C and Zig text states the consumption rule for fp_engine_destroy
ok 90 - FP-0021 case 11: The validator rejects an unknown reference and an unreferenced function name, and the generated header contains no schema-only name outside a C name
ok 91 - FP-0021 case 12: The generated C static assertions check the size and every member offset of every structure, and the C smoke test compiles them
ok 92 - FP-0021 case 13: From a foreign thread, the C and Zig scenarios call each owner function with an invalid argument and expect wrong_thread
ok 93 - FP-0021 revision 1 status sets: abi_generated.zig carries each function status set, and src/c_api.zig checks every export against it
ok 94 - FP-0021 revision 1 export check: abi-exports fails when a library exports an fp_ symbol that the schema does not declare
ok 95 - FP-0050 case 8: every byte range is null_when_empty, and the validator rejects any other nullability
ok 96 - FP-0050 case 9: fp_document_destroy never returns out_of_memory
ok 97 - FP-0050 case 10: the thread lifetime and identifier gaps are documented
ok 98 - FP-0050 case 11: the generated layout assertions cover both sides of the ABI
ok 99 - FP-0081 case 8: the generated header, the generated Zig declarations, and the layout model agree on engine_options and engine_memory at both pointer widths, and the C smoke test must name allocation-failure
ok 100 - FP-0081 case 9: the validator rejects a structure that needs implicit padding at either pointer width, and the committed schema needs none
ok 101 - FP-0027 case 1: two source-archive runs on one commit write byte-identical tar and manifest files, and the manifest names the tar digest
ok 102 - FP-0027 case 2: a changed file, an added file, a removed file, and a changed mode each change the manifest, which lists exactly the tree files
ok 103 - FP-0027 case 3: source-archive rejects an abbreviated ID, a ref name, a missing commit, and an output directory inside the repository, and writes nothing
ok 104 - FP-0027 case 4: provenance subjects equal the artifact digests, and the build definition names the commit, tree, lock digest, and builder
ok 105 - FP-0027 case 5: reproduce-check reports reproducible for a fixed build, and different with the path and exit status 1 for a clock build
ok 106 - FP-0027 case 6: reproduce-check removes both work trees, and a forced removal failure appears in the report
ok 107 - FP-0027 case 7: ADR 0009 lists exactly the ten owner decisions, each with the status open
ok 108 - FP-0027: source-archive fails before any write when an export attribute makes the tar differ from the tree
ok 109 - FP-0027: reproduce-check reports a failed build as an error with exit status 1 and still removes both work trees
ok 110 - FP-0013 case 1: @missing lines apply in order, then data lines, and every value resolves through PropertyValueAliases.txt
ok 111 - FP-0013 case 2: a line without ";", a reversed range, 110000, and an unknown value each fail with a distinct message naming the line
ok 112 - FP-0013 case 3: ucd-check passes on the committed files, every input names version 18.0.0, and the Zig reference test embeds every input
ok 113 - FP-0013 case 4: one changed byte of tables.zig or of a UCD file makes ucd-check exit with status 1 and name the file and line
ok 114 - FP-0013 case 41: a zip with two stored members, one deflated member, and one directory yields the hand-computed inventory
ok 115 - FP-0013 case 42: the zip reader rejects ZIP64, encryption, "../x", "a\b", duplicate paths, a truncated central directory, and method 12
Stored file:///C:/Users/requi/AppData/Local/Temp/fairpane-fileset-F0c3x5/UCD.zip: 536 bytes, SHA-256 02e0118fdad0dedbcb75b98a76f4893d9b45c5e4c8169b991db306edeb7aae1c
Stored file:///C:/Users/requi/AppData/Local/Temp/fairpane-fileset-F0c3x5/license.txt: 42 bytes, SHA-256 10e594c5d29a2f7e3a551fde5c24691ee6185ce2baa16ece09d5258314388acd
Inventory of ucd: 3 file members, 649 bytes, SHA-256 b79ac400339307bed36d3f32a38dab2fcf4b0f3925079b30beb0db92418ccf99
Published file:///C:/Users/requi/AppData/Local/Temp/fairpane-fileset-F0c3x5/published/Scripts.txt equals member Scripts.txt.
Stored file:///C:/Users/requi/AppData/Local/Temp/fairpane-fileset-F0c3x5/UCD.zip: 536 bytes, SHA-256 02e0118fdad0dedbcb75b98a76f4893d9b45c5e4c8169b991db306edeb7aae1c
Stored file:///C:/Users/requi/AppData/Local/Temp/fairpane-fileset-F0c3x5/license.txt: 42 bytes, SHA-256 10e594c5d29a2f7e3a551fde5c24691ee6185ce2baa16ece09d5258314388acd
Inventory of ucd: 3 file members, 649 bytes, SHA-256 b79ac400339307bed36d3f32a38dab2fcf4b0f3925079b30beb0db92418ccf99
Published file:///C:/Users/requi/AppData/Local/Temp/fairpane-fileset-F0c3x5/published/Scripts.txt equals member Scripts.txt.
Stored file:///C:/Users/requi/AppData/Local/Temp/fairpane-fileset-F0c3x5/UCD.zip: 336 bytes, SHA-256 4556baaf11e4318fef763a517296b7fc79cfadd0f9547ad305bf3690646cdfcb
Stored file:///C:/Users/requi/AppData/Local/Temp/fairpane-fileset-F0c3x5/UCD.zip: 536 bytes, SHA-256 02e0118fdad0dedbcb75b98a76f4893d9b45c5e4c8169b991db306edeb7aae1c
Stored file:///C:/Users/requi/AppData/Local/Temp/fairpane-fileset-F0c3x5/UCD.zip: 536 bytes, SHA-256 02e0118fdad0dedbcb75b98a76f4893d9b45c5e4c8169b991db306edeb7aae1c
Stored file:///C:/Users/requi/AppData/Local/Temp/fairpane-fileset-F0c3x5/license.txt: 42 bytes, SHA-256 10e594c5d29a2f7e3a551fde5c24691ee6185ce2baa16ece09d5258314388acd
Stored file:///C:/Users/requi/AppData/Local/Temp/fairpane-fileset-F0c3x5/UCD.zip: 536 bytes, SHA-256 02e0118fdad0dedbcb75b98a76f4893d9b45c5e4c8169b991db306edeb7aae1c
Stored file:///C:/Users/requi/AppData/Local/Temp/fairpane-fileset-F0c3x5/license.txt: 42 bytes, SHA-256 10e594c5d29a2f7e3a551fde5c24691ee6185ce2baa16ece09d5258314388acd
Inventory of ucd: 3 file members, 649 bytes, SHA-256 b79ac400339307bed36d3f32a38dab2fcf4b0f3925079b30beb0db92418ccf99
ok 116 - FP-0013 case 43: corpus-fetch of file sources writes the record and extracted files, honors pins, and changes nothing on failure
Stored file:///C:/Users/requi/AppData/Local/Temp/fairpane-fileset-3CO04S/UCD.zip: 536 bytes, SHA-256 02e0118fdad0dedbcb75b98a76f4893d9b45c5e4c8169b991db306edeb7aae1c
Stored file:///C:/Users/requi/AppData/Local/Temp/fairpane-fileset-3CO04S/license.txt: 42 bytes, SHA-256 10e594c5d29a2f7e3a551fde5c24691ee6185ce2baa16ece09d5258314388acd
Inventory of ucd: 3 file members, 649 bytes, SHA-256 b79ac400339307bed36d3f32a38dab2fcf4b0f3925079b30beb0db92418ccf99
Published file:///C:/Users/requi/AppData/Local/Temp/fairpane-fileset-3CO04S/published/Scripts.txt equals member Scripts.txt.
ok 117 - FP-0013 case 44: corpus-verify fails for changed extracted and derived files, a missing source, a license mismatch, a count mismatch, and an upstream mismatch
Stored file:///C:/Users/requi/AppData/Local/Temp/fairpane-fileset-71exMJ/UCD.zip: 536 bytes, SHA-256 02e0118fdad0dedbcb75b98a76f4893d9b45c5e4c8169b991db306edeb7aae1c
Stored file:///C:/Users/requi/AppData/Local/Temp/fairpane-fileset-71exMJ/license.txt: 42 bytes, SHA-256 10e594c5d29a2f7e3a551fde5c24691ee6185ce2baa16ece09d5258314388acd
Inventory of ucd: 3 file members, 649 bytes, SHA-256 b79ac400339307bed36d3f32a38dab2fcf4b0f3925079b30beb0db92418ccf99
Published file:///C:/Users/requi/AppData/Local/Temp/fairpane-fileset-71exMJ/published/Scripts.txt equals member Scripts.txt.
ok 118 - FP-0013 case 45: file-set applicability reports the per-directory breakdown with an explicit denominator, and a zip without file members fails
ok 119 - FP-0013 case 46: corpus-repin unicode exits with status 1 and names the contract decision
ok 120 - FP-0013 case 47: record validation rejects missing license digests, releases, tool versions, input digests, argv, and reserved font names
ok 121 - FP-0013 case 48: every selected, derived, and license path of the committed unicode and opentype-fixtures records matches its size and SHA-256
ok 122 - FP-0013 case 49: the committed capability record validates with exactly the frozen obligations and existing owner tasks
Stored file:///C:/Users/requi/AppData/Local/Temp/fairpane-fileset-zzXfpe/UCD.zip: 198 bytes, SHA-256 764769ceca373d4fe149a6a2acb5600e8758c75358c2cf242fdbbc440c0a7b82
Stored file:///C:/Users/requi/AppData/Local/Temp/fairpane-fileset-zzXfpe/license.txt: 42 bytes, SHA-256 10e594c5d29a2f7e3a551fde5c24691ee6185ce2baa16ece09d5258314388acd
Stored file:///C:/Users/requi/AppData/Local/Temp/fairpane-fileset-iz2zNm/UCD.zip: 109 bytes, SHA-256 65d40408a9f5b8aa9b193903b93edb7ebbd33d0f15954bf604652a25b6dab090
Stored file:///C:/Users/requi/AppData/Local/Temp/fairpane-fileset-iz2zNm/license.txt: 42 bytes, SHA-256 10e594c5d29a2f7e3a551fde5c24691ee6185ce2baa16ece09d5258314388acd
Stored file:///C:/Users/requi/AppData/Local/Temp/fairpane-fileset-BN5bxG/UCD.zip: 109 bytes, SHA-256 c0923c0636c78b36d53a19ffca4d95c3f28b32af962ebe5dffa20cb2a4106a03
Stored file:///C:/Users/requi/AppData/Local/Temp/fairpane-fileset-BN5bxG/license.txt: 42 bytes, SHA-256 10e594c5d29a2f7e3a551fde5c24691ee6185ce2baa16ece09d5258314388acd
Stored file:///C:/Users/requi/AppData/Local/Temp/fairpane-fileset-Zc8hJJ/UCD.zip: 114 bytes, SHA-256 a9fce91fd00f227dd1d8be2c0c36e44534ca21cd3df6f960348178c2f19f45ea
Stored file:///C:/Users/requi/AppData/Local/Temp/fairpane-fileset-Zc8hJJ/license.txt: 42 bytes, SHA-256 10e594c5d29a2f7e3a551fde5c24691ee6185ce2baa16ece09d5258314388acd
Stored file:///C:/Users/requi/AppData/Local/Temp/fairpane-fileset-46aUx3/UCD.zip: 114 bytes, SHA-256 05c9c74fadab7c95de958c03ae3ee5e82640c6f070479587c2c25ea860e3da47
Stored file:///C:/Users/requi/AppData/Local/Temp/fairpane-fileset-46aUx3/license.txt: 42 bytes, SHA-256 10e594c5d29a2f7e3a551fde5c24691ee6185ce2baa16ece09d5258314388acd
Stored file:///C:/Users/requi/AppData/Local/Temp/fairpane-fileset-cpJLXR/UCD.zip: 109 bytes, SHA-256 dd7763a9cdbebac51bfc05f48175727d1b843c55e0c0b38b987397cb1ac6826f
Stored file:///C:/Users/requi/AppData/Local/Temp/fairpane-fileset-cpJLXR/license.txt: 42 bytes, SHA-256 10e594c5d29a2f7e3a551fde5c24691ee6185ce2baa16ece09d5258314388acd
Stored file:///C:/Users/requi/AppData/Local/Temp/fairpane-fileset-3m9h6J/UCD.zip: 129 bytes, SHA-256 68c7d1283c9531fbf2e3b85bc8046227148eb2eeb06e9f497ac4091d39de7928
Stored file:///C:/Users/requi/AppData/Local/Temp/fairpane-fileset-3m9h6J/license.txt: 42 bytes, SHA-256 10e594c5d29a2f7e3a551fde5c24691ee6185ce2baa16ece09d5258314388acd
Stored file:///C:/Users/requi/AppData/Local/Temp/fairpane-fileset-zZ1bwB/UCD.zip: 109 bytes, SHA-256 8b53d0800c31c3d4e80bd074e8ca7b60e7cdde62b35337fb8663890578a928bb
Stored file:///C:/Users/requi/AppData/Local/Temp/fairpane-fileset-zZ1bwB/license.txt: 42 bytes, SHA-256 10e594c5d29a2f7e3a551fde5c24691ee6185ce2baa16ece09d5258314388acd
Stored file:///C:/Users/requi/AppData/Local/Temp/fairpane-fileset-VEsPIS/UCD.zip: 112 bytes, SHA-256 febd63b49b0baeb9de127875e2e2cc97b8bfd7bdfe826125975f68815e2cf7c1
Stored file:///C:/Users/requi/AppData/Local/Temp/fairpane-fileset-VEsPIS/license.txt: 42 bytes, SHA-256 10e594c5d29a2f7e3a551fde5c24691ee6185ce2baa16ece09d5258314388acd
Stored file:///C:/Users/requi/AppData/Local/Temp/fairpane-fileset-jJKJGD/UCD.zip: 112 bytes, SHA-256 df60a703781713bc828e4e14106fcdd6f9b49b6667b81bd8d902f64d9895466b
Stored file:///C:/Users/requi/AppData/Local/Temp/fairpane-fileset-jJKJGD/license.txt: 42 bytes, SHA-256 10e594c5d29a2f7e3a551fde5c24691ee6185ce2baa16ece09d5258314388acd
Stored file:///C:/Users/requi/AppData/Local/Temp/fairpane-fileset-kz4Quf/UCD.zip: 208 bytes, SHA-256 6a9d489d56fb45e2ea42ab5ab8e94b19cb3534744286e23fcc2ba491721804e0
Stored file:///C:/Users/requi/AppData/Local/Temp/fairpane-fileset-kz4Quf/license.txt: 42 bytes, SHA-256 10e594c5d29a2f7e3a551fde5c24691ee6185ce2baa16ece09d5258314388acd
Stored file:///C:/Users/requi/AppData/Local/Temp/fairpane-fileset-dAoPae/UCD.zip: 1100452 bytes, SHA-256 1c1c12689ae8551a3a5f526eb45bf1ed144eb7f97cd28ea830edded4ec4e9714
Stored file:///C:/Users/requi/AppData/Local/Temp/fairpane-fileset-dAoPae/license.txt: 42 bytes, SHA-256 10e594c5d29a2f7e3a551fde5c24691ee6185ce2baa16ece09d5258314388acd
Stored file:///C:/Users/requi/AppData/Local/Temp/fairpane-fileset-Z96nke/UCD.zip: 192 bytes, SHA-256 5781e884ef01073687e5d794fcf0f338e486aa2cb9db669907acb432a7346b3d
Stored file:///C:/Users/requi/AppData/Local/Temp/fairpane-fileset-Z96nke/license.txt: 42 bytes, SHA-256 10e594c5d29a2f7e3a551fde5c24691ee6185ce2baa16ece09d5258314388acd
Stored file:///C:/Users/requi/AppData/Local/Temp/fairpane-fileset-cZmoiu/UCD.zip: 109 bytes, SHA-256 f4ac38fe773c12809f23f77c33457d0abe7a7a1cc52d782724573f84d7e9061e
Stored file:///C:/Users/requi/AppData/Local/Temp/fairpane-fileset-cZmoiu/license.txt: 42 bytes, SHA-256 10e594c5d29a2f7e3a551fde5c24691ee6185ce2baa16ece09d5258314388acd
Stored file:///C:/Users/requi/AppData/Local/Temp/fairpane-fileset-CxhiDl/UCD.zip: 117 bytes, SHA-256 b6df152a01ebd1ed66e4e8ca05a4556485fc3d7d9ebc512458b23ed87a39a48e
Stored file:///C:/Users/requi/AppData/Local/Temp/fairpane-fileset-CxhiDl/license.txt: 42 bytes, SHA-256 10e594c5d29a2f7e3a551fde5c24691ee6185ce2baa16ece09d5258314388acd
Stored file:///C:/Users/requi/AppData/Local/Temp/fairpane-fileset-XwhdzA/UCD.zip: 117 bytes, SHA-256 18f6e3f993a59e5c633af11a5669b8b16d5b3343de88d5c689e4fbb5c755ca89
Stored file:///C:/Users/requi/AppData/Local/Temp/fairpane-fileset-XwhdzA/license.txt: 42 bytes, SHA-256 10e594c5d29a2f7e3a551fde5c24691ee6185ce2baa16ece09d5258314388acd
Stored file:///C:/Users/requi/AppData/Local/Temp/fairpane-fileset-Qh7Cth/UCD.zip: 115 bytes, SHA-256 816aebd39773c630b4c982a72e1db04bb2a386e1369d982753b610f13be11df7
Stored file:///C:/Users/requi/AppData/Local/Temp/fairpane-fileset-Qh7Cth/license.txt: 42 bytes, SHA-256 10e594c5d29a2f7e3a551fde5c24691ee6185ce2baa16ece09d5258314388acd
Stored file:///C:/Users/requi/AppData/Local/Temp/fairpane-fileset-Dsuwvj/UCD.zip: 113 bytes, SHA-256 e9f6f446256a80c82cdc0eb5a06e38961dd59f09386753e4ec79458a0c8ec3c2
Stored file:///C:/Users/requi/AppData/Local/Temp/fairpane-fileset-Dsuwvj/license.txt: 42 bytes, SHA-256 10e594c5d29a2f7e3a551fde5c24691ee6185ce2baa16ece09d5258314388acd
ok 123 - FP-0013 case 53: overlapping, inconsistent, symbolic-link, case-folded, oversized, corrupt, and drive-letter archives fail before any member is written
Stored file:///C:/Users/requi/AppData/Local/Temp/fairpane-fileset-DaKUKE/UCD.zip: 536 bytes, SHA-256 02e0118fdad0dedbcb75b98a76f4893d9b45c5e4c8169b991db306edeb7aae1c
Stored file:///C:/Users/requi/AppData/Local/Temp/fairpane-fileset-DaKUKE/license.txt: 42 bytes, SHA-256 10e594c5d29a2f7e3a551fde5c24691ee6185ce2baa16ece09d5258314388acd
Inventory of ucd: 3 file members, 649 bytes, SHA-256 b79ac400339307bed36d3f32a38dab2fcf4b0f3925079b30beb0db92418ccf99
Published file:///C:/Users/requi/AppData/Local/Temp/fairpane-fileset-DaKUKE/published/Scripts.txt equals member Scripts.txt.
Stored file:///C:/Users/requi/AppData/Local/Temp/fairpane-fileset-DaKUKE/UCD.zip: 35 bytes, SHA-256 1dc83a4d0c719dfd9e45daeb5c0574afb5f10e59a66a1c29df301146cf0432ec
Stored file:///C:/Users/requi/AppData/Local/Temp/fairpane-fileset-Z4K9fL/UCD.zip: 35 bytes, SHA-256 1dc83a4d0c719dfd9e45daeb5c0574afb5f10e59a66a1c29df301146cf0432ec
Stored file:///C:/Users/requi/AppData/Local/Temp/fairpane-fileset-Z4K9fL/license.txt: 42 bytes, SHA-256 10e594c5d29a2f7e3a551fde5c24691ee6185ce2baa16ece09d5258314388acd
ok 124 - FP-0013 case 54: a fetch compares every known digest before parsing a source
Download https://github.com/a
Redirect to https://github.com/b
Stored https://github.com/a: 4 bytes, SHA-256 230d8358dc8e8890b4c58deeb62912ee2f20357ae92a5cc861b98e68fe31acb5
Download https://www.unicode.org/a
Download https://github.com/a
Download https://example.org/a
Download https://raw.githubusercontent.com/a
ok 125 - FP-0013 case 54: downloads follow redirects manually on allowlisted HTTPS hosts and stop at their size limit
Stored file:///C:/Users/requi/AppData/Local/Temp/fairpane-fileset-jmm5WX/UCD.zip: 536 bytes, SHA-256 02e0118fdad0dedbcb75b98a76f4893d9b45c5e4c8169b991db306edeb7aae1c
Stored file:///C:/Users/requi/AppData/Local/Temp/fairpane-fileset-jmm5WX/license.txt: 42 bytes, SHA-256 10e594c5d29a2f7e3a551fde5c24691ee6185ce2baa16ece09d5258314388acd
Inventory of ucd: 3 file members, 649 bytes, SHA-256 b79ac400339307bed36d3f32a38dab2fcf4b0f3925079b30beb0db92418ccf99
Published file:///C:/Users/requi/AppData/Local/Temp/fairpane-fileset-jmm5WX/published/Scripts.txt equals member Scripts.txt.
Stored file:///C:/Users/requi/AppData/Local/Temp/fairpane-fileset-jmm5WX/UCD.zip: 536 bytes, SHA-256 02e0118fdad0dedbcb75b98a76f4893d9b45c5e4c8169b991db306edeb7aae1c
Stored file:///C:/Users/requi/AppData/Local/Temp/fairpane-fileset-jmm5WX/license.txt: 42 bytes, SHA-256 10e594c5d29a2f7e3a551fde5c24691ee6185ce2baa16ece09d5258314388acd
Inventory of ucd: 3 file members, 649 bytes, SHA-256 b79ac400339307bed36d3f32a38dab2fcf4b0f3925079b30beb0db92418ccf99
Published file:///C:/Users/requi/AppData/Local/Temp/fairpane-fileset-jmm5WX/published/Scripts.txt equals member Scripts.txt.
Stored file:///C:/Users/requi/AppData/Local/Temp/fairpane-fileset-jmm5WX/UCD.zip: 536 bytes, SHA-256 02e0118fdad0dedbcb75b98a76f4893d9b45c5e4c8169b991db306edeb7aae1c
Stored file:///C:/Users/requi/AppData/Local/Temp/fairpane-fileset-jmm5WX/license.txt: 42 bytes, SHA-256 10e594c5d29a2f7e3a551fde5c24691ee6185ce2baa16ece09d5258314388acd
Inventory of ucd: 3 file members, 649 bytes, SHA-256 b79ac400339307bed36d3f32a38dab2fcf4b0f3925079b30beb0db92418ccf99
Published file:///C:/Users/requi/AppData/Local/Temp/fairpane-fileset-jmm5WX/published/Scripts.txt equals member Scripts.txt.
Stored file:///C:/Users/requi/AppData/Local/Temp/fairpane-fileset-jmm5WX/UCD.zip: 536 bytes, SHA-256 02e0118fdad0dedbcb75b98a76f4893d9b45c5e4c8169b991db306edeb7aae1c
Stored file:///C:/Users/requi/AppData/Local/Temp/fairpane-fileset-jmm5WX/license.txt: 42 bytes, SHA-256 10e594c5d29a2f7e3a551fde5c24691ee6185ce2baa16ece09d5258314388acd
Inventory of ucd: 3 file members, 649 bytes, SHA-256 b79ac400339307bed36d3f32a38dab2fcf4b0f3925079b30beb0db92418ccf99
Published file:///C:/Users/requi/AppData/Local/Temp/fairpane-fileset-jmm5WX/published/Scripts.txt equals member Scripts.txt.
Stored file:///C:/Users/requi/AppData/Local/Temp/fairpane-fileset-jmm5WX/UCD.zip: 536 bytes, SHA-256 02e0118fdad0dedbcb75b98a76f4893d9b45c5e4c8169b991db306edeb7aae1c
Stored file:///C:/Users/requi/AppData/Local/Temp/fairpane-fileset-jmm5WX/license.txt: 42 bytes, SHA-256 10e594c5d29a2f7e3a551fde5c24691ee6185ce2baa16ece09d5258314388acd
Inventory of ucd: 3 file members, 649 bytes, SHA-256 b79ac400339307bed36d3f32a38dab2fcf4b0f3925079b30beb0db92418ccf99
Published file:///C:/Users/requi/AppData/Local/Temp/fairpane-fileset-jmm5WX/published/Scripts.txt equals member Scripts.txt.
Stored file:///C:/Users/requi/AppData/Local/Temp/fairpane-fileset-jmm5WX/UCD.zip: 536 bytes, SHA-256 02e0118fdad0dedbcb75b98a76f4893d9b45c5e4c8169b991db306edeb7aae1c
Stored file:///C:/Users/requi/AppData/Local/Temp/fairpane-fileset-jmm5WX/license.txt: 42 bytes, SHA-256 10e594c5d29a2f7e3a551fde5c24691ee6185ce2baa16ece09d5258314388acd
Inventory of ucd: 3 file members, 649 bytes, SHA-256 b79ac400339307bed36d3f32a38dab2fcf4b0f3925079b30beb0db92418ccf99
Published file:///C:/Users/requi/AppData/Local/Temp/fairpane-fileset-jmm5WX/published/Scripts.txt equals member Scripts.txt.
Stored file:///C:/Users/requi/AppData/Local/Temp/fairpane-fileset-jmm5WX/UCD.zip: 536 bytes, SHA-256 02e0118fdad0dedbcb75b98a76f4893d9b45c5e4c8169b991db306edeb7aae1c
Stored file:///C:/Users/requi/AppData/Local/Temp/fairpane-fileset-jmm5WX/license.txt: 42 bytes, SHA-256 10e594c5d29a2f7e3a551fde5c24691ee6185ce2baa16ece09d5258314388acd
Inventory of ucd: 3 file members, 649 bytes, SHA-256 b79ac400339307bed36d3f32a38dab2fcf4b0f3925079b30beb0db92418ccf99
Published file:///C:/Users/requi/AppData/Local/Temp/fairpane-fileset-jmm5WX/published/Scripts.txt equals member Scripts.txt.
Stored file:///C:/Users/requi/AppData/Local/Temp/fairpane-fileset-jmm5WX/UCD.zip: 536 bytes, SHA-256 02e0118fdad0dedbcb75b98a76f4893d9b45c5e4c8169b991db306edeb7aae1c
Stored file:///C:/Users/requi/AppData/Local/Temp/fairpane-fileset-jmm5WX/license.txt: 42 bytes, SHA-256 10e594c5d29a2f7e3a551fde5c24691ee6185ce2baa16ece09d5258314388acd
Inventory of ucd: 3 file members, 649 bytes, SHA-256 b79ac400339307bed36d3f32a38dab2fcf4b0f3925079b30beb0db92418ccf99
Published file:///C:/Users/requi/AppData/Local/Temp/fairpane-fileset-jmm5WX/published/Scripts.txt equals member Scripts.txt.
Stored file:///C:/Users/requi/AppData/Local/Temp/fairpane-fileset-jmm5WX/UCD.zip: 536 bytes, SHA-256 02e0118fdad0dedbcb75b98a76f4893d9b45c5e4c8169b991db306edeb7aae1c
Stored file:///C:/Users/requi/AppData/Local/Temp/fairpane-fileset-jmm5WX/license.txt: 42 bytes, SHA-256 10e594c5d29a2f7e3a551fde5c24691ee6185ce2baa16ece09d5258314388acd
Inventory of ucd: 3 file members, 649 bytes, SHA-256 b79ac400339307bed36d3f32a38dab2fcf4b0f3925079b30beb0db92418ccf99
Published file:///C:/Users/requi/AppData/Local/Temp/fairpane-fileset-jmm5WX/published/Scripts.txt equals member Scripts.txt.
Stored file:///C:/Users/requi/AppData/Local/Temp/fairpane-fileset-jmm5WX/UCD.zip: 536 bytes, SHA-256 02e0118fdad0dedbcb75b98a76f4893d9b45c5e4c8169b991db306edeb7aae1c
Stored file:///C:/Users/requi/AppData/Local/Temp/fairpane-fileset-jmm5WX/license.txt: 42 bytes, SHA-256 10e594c5d29a2f7e3a551fde5c24691ee6185ce2baa16ece09d5258314388acd
Inventory of ucd: 3 file members, 649 bytes, SHA-256 b79ac400339307bed36d3f32a38dab2fcf4b0f3925079b30beb0db92418ccf99
Published file:///C:/Users/requi/AppData/Local/Temp/fairpane-fileset-jmm5WX/published/Scripts.txt equals member Scripts.txt.
Stored file:///C:/Users/requi/AppData/Local/Temp/fairpane-fileset-jmm5WX/UCD.zip: 536 bytes, SHA-256 02e0118fdad0dedbcb75b98a76f4893d9b45c5e4c8169b991db306edeb7aae1c
Stored file:///C:/Users/requi/AppData/Local/Temp/fairpane-fileset-jmm5WX/license.txt: 42 bytes, SHA-256 10e594c5d29a2f7e3a551fde5c24691ee6185ce2baa16ece09d5258314388acd
Inventory of ucd: 3 file members, 649 bytes, SHA-256 b79ac400339307bed36d3f32a38dab2fcf4b0f3925079b30beb0db92418ccf99
Published file:///C:/Users/requi/AppData/Local/Temp/fairpane-fileset-jmm5WX/published/Scripts.txt equals member Scripts.txt.
Stored file:///C:/Users/requi/AppData/Local/Temp/fairpane-fileset-jmm5WX/UCD.zip: 536 bytes, SHA-256 02e0118fdad0dedbcb75b98a76f4893d9b45c5e4c8169b991db306edeb7aae1c
Stored file:///C:/Users/requi/AppData/Local/Temp/fairpane-fileset-jmm5WX/license.txt: 42 bytes, SHA-256 10e594c5d29a2f7e3a551fde5c24691ee6185ce2baa16ece09d5258314388acd
Inventory of ucd: 3 file members, 649 bytes, SHA-256 b79ac400339307bed36d3f32a38dab2fcf4b0f3925079b30beb0db92418ccf99
Published file:///C:/Users/requi/AppData/Local/Temp/fairpane-fileset-jmm5WX/published/Scripts.txt equals member Scripts.txt.
Stored file:///C:/Users/requi/AppData/Local/Temp/fairpane-fileset-jmm5WX/UCD.zip: 536 bytes, SHA-256 02e0118fdad0dedbcb75b98a76f4893d9b45c5e4c8169b991db306edeb7aae1c
Stored file:///C:/Users/requi/AppData/Local/Temp/fairpane-fileset-jmm5WX/license.txt: 42 bytes, SHA-256 10e594c5d29a2f7e3a551fde5c24691ee6185ce2baa16ece09d5258314388acd
Inventory of ucd: 3 file members, 649 bytes, SHA-256 b79ac400339307bed36d3f32a38dab2fcf4b0f3925079b30beb0db92418ccf99
Published file:///C:/Users/requi/AppData/Local/Temp/fairpane-fileset-jmm5WX/published/Scripts.txt equals member Scripts.txt.
Stored file:///C:/Users/requi/AppData/Local/Temp/fairpane-fileset-jmm5WX/UCD.zip: 536 bytes, SHA-256 02e0118fdad0dedbcb75b98a76f4893d9b45c5e4c8169b991db306edeb7aae1c
Stored file:///C:/Users/requi/AppData/Local/Temp/fairpane-fileset-jmm5WX/license.txt: 42 bytes, SHA-256 10e594c5d29a2f7e3a551fde5c24691ee6185ce2baa16ece09d5258314388acd
Inventory of ucd: 3 file members, 649 bytes, SHA-256 b79ac400339307bed36d3f32a38dab2fcf4b0f3925079b30beb0db92418ccf99
Published file:///C:/Users/requi/AppData/Local/Temp/fairpane-fileset-jmm5WX/published/Scripts.txt equals member Scripts.txt.
ok 126 - FP-0013 case 54: a failure injected at each write step leaves every previous file, the source directory, and the record unchanged
Verified 4 installed fontTools files against the RECORD of C:\Users\requi\AppData\Local\Temp\fairpane-fileset-6C0wd7\.tools\downloads\fonttools-4.66.1-py3-none-any.whl.
ok 127 - FP-0013 case 55: corpus-derive refuses a fontTools installation with one changed file
ok 128 - FP-0013 case 55: the Python child process sees PYTHONSAFEPATH=1, no other PYTHON* variable, and the staging directory
ok 129 - FP-0013 case 55: sfntCopyright stops at the first name record and checks the name table header length
ok 130 - FP-0079 case 1: the committed Rust lock pins the frozen 1.99.0 artifacts
ok 131 - FP-0079 case 2: the Rust lock validator rejects every malformed field
ok 132 - FP-0079 case 3: rust-toolchain.toml names the locked version
ok 133 - FP-0079 case 4: rust-lock-verify compares the lock with the manifest's signed entries
ok 134 - FP-0079 case 5: the archive reader accepts only regular files, directories, and GNU long names inside the root
ok 135 - FP-0079 case 6: a component installs exactly what its manifest.in lists
ok 136 - FP-0079 case 7: install-rust verifies, stages, checks, and then installs, and leaves nothing behind on failure
ok 137 - FP-0079 case 8: the version checks accept only the locked release, commit, and host
ok 138 - FP-0079 case 9: the controller documents and exposes the Rust commands
ok 139 - FP-0079 case 10: the toolchain documents and declarations record the pin
ok 140 - 15: release-check still exits with status 1
ok 141 - A successful command records its actual output
ok 142 - A nonzero child exit remains a failure
ok 143 - A missing executable produces an error record
ok 144 - A hung child reaches its watchdog and cannot pass
ok 145 - Command arguments do not execute through a shell
ok 146 - A real local gate produces a checkable unsigned receipt
ok 147 - Changed source makes a previous receipt stale
ok 148 - Changed evidence output invalidates a receipt
ok 149 - Changed gate definitions invalidate old receipts
ok 150 - A local receipt cannot upgrade its own trust label
ok 151 - A receipt without command records cannot pass
ok 152 - A receipt without output artifacts cannot pass
ok 153 - A failed command cannot hide behind a pass label
ok 154 - A command failure produces a failed gate receipt
ok 155 - A missing compiler produces a failed gate receipt
ok 156 - Input changes during execution produce a failed gate receipt
ok 157 - A removed input still produces a failed gate receipt
ok 158 - Unknown gates fail before execution
ok 159 - FP-0098 case 1: a timed-out gate lists its live descendants before it stops them
ok 160 - FP-0098 case 2: a failed listing is named in the log, and the gate still stops the command and fails
ok 161 - FP-0098 case 3: an ordinary pass or fail gate record has no timeout section and is not timed out
ok 162 - Evidence paths cannot escape their approved roots
ok 163 - A gate writes a checkable receipt under an approved evidence directory
ok 164 - An unapproved evidence directory fails before any gate command runs
ok 165 - Environment overrides reach the child and its command record
ok 166 - Executable resolution follows PATH order
ok 167 - A recorded command keeps its output, exit status, and resolved executable
ok 168 - Command records carry the working directory and start time
ok 169 - An unwritable log yields a failed result instead of an exception
ok 170 - A failed output copy is recorded and its capture directory is removed
ok 171 - Standard error output reaches the log
ok 172 - A completed command leaves no capture directory
ok 173 - Executable resolution never searches the process working directory
ok 174 - A bare executable name is logged as its resolved absolute path
ok 175 - A rejected record path writes nothing
ok 176 - The controller rejects malformed run and record arguments
ok 177 - Only Zig and C ABI gates receive the repository-local compiler cache
ok 178 - A capture-start failure writes a RESULT line, closes the log, and returns an error result
ok 179 - A failed RESULT write returns an error result instead of throwing
ok 180 - A spawn error and a capture error both remain in the result
ok 181 - runGate writes nothing when its evidence directory fails validation
ok 182 - A short write to the log produces an error result
ok 183 - A failed capture-directory removal appears in the command record
ok 184 - FP-0054 case 6: A busy capture directory is removed on a later attempt
ok 185 - FP-0054 case 6: a capture directory that stays busy records the last failure after waiting between attempts
ok 186 - FP-0054 case 6: a capture-directory removal error with a non-transient code gets one attempt
ok 187 - FP-0054 revision 1 case 6: a capture-directory removal error without a code gets one attempt
ok 188 - FP-0054 case 6: lastResult asserts that a RESULT line exists before it parses one
ok 189 - started_at in every command record is a canonical UTC ISO 8601 timestamp
ok 190 - The mutation control runs an unmutated baseline first and records each killed test name and message
ok 191 - The inventory of a fixture commit equals a hand-computed canonical listing digest
ok 192 - The inventory ignores working-tree files and core.autocrlf
ok 193 - A changed blob, an added file, a removed file, and a renamed file each change the inventory digest
ok 194 - Paths with spaces, non-ASCII bytes, and tabs keep their exact bytes through NUL-separated parsing
ok 195 - A symbolic link entry hashes its target text, and a submodule entry records its commit ID
ok 196 - corpus-verify fails for a missing snapshot, a missing record, a wrong commit, a wrong tree, and a wrong inventory digest
ok 197 - Applicability validation rejects negative counts, non-integer counts, inconsistent sums, and exclusions without reasons
ok 198 - Snapshot record validation rejects a non-40-hex commit, a missing license digest, and a missing inventory digest
ok 199 - Verification fails when the license digest, the commit date, or an applicability count differs from its record
ok 200 - corpus-verify exits with status 1 through the controller command on an inventory digest mismatch
ok 201 - A replace ref that substitutes the recorded commit cannot make verification pass
ok 202 - A tree path that contains a line feed fails the inventory
ok 203 - WPT counting of a fixture manifest reports per-type counts, excludes support, spec, and test262 from discovery, and reports test262 separately
Download http://127.0.0.1:50737/api/manifest?sha=4eab98b4627dffd16ff86c9917edc3b4782456fc
x-wpt-sha 4eab98b4627dffd16ff86c9917edc3b4782456fc, 39 bytes, SHA-256 286b38dc90e1e0bfb32af690dc90614de0e1eb74867910c21913f3079be79789
Download http://127.0.0.1:50737/api/manifest?sha=4eab98b4627dffd16ff86c9917edc3b4782456fc
ok 204 - A fixture manifest with a path that the tree lacks, or with a hash that differs from the blob ID, fails binding
ok 205 - A pinned revision in a fixture corpora.json makes verification fail for a snapshot at another commit, inventory digest, or manifest digest
ok 206 - Test262 discovery excludes a file named a_FIXTURE_b.js and a file named x_FIXTURE.js
ok 207 - A fixture manifest with test262 items under the vendored tests, the vendored harness, and infrastructure/test262/ counts only the infrastructure item and reports the others by path
ok 208 - A manifest without test items fails binding, and an applicability record with zero discovered tests fails validation
ok 209 - FP-0082 case 18: corpus-extract writes exactly the test/ and harness/ blobs and features.txt, and an EXTRACT.json record
ok 210 - FP-0082 case 18: corpus-extract refuses a non-empty output directory, a directory outside out/, and an absent commit
ok 211 - FP-0082 case 18: the corpus-extract path check rejects empty, ".", and ".." components, and extraction rejects other modes
not ok 212 - FP-0082 case 18: corpus-extract rejects a stored blob whose content does not hash to its tree object ID
  ---
  message: "Missing expected rejection."
  ...
Git: C:\Program Files\Git\cmd\git.exe (git version 2.54.0.windows.1)
Pinned commit cc0f937227cc7d5ae867e8000069b258e8a4a91d from specs/corpora.json.
Run ["C:\\Program Files\\Git\\cmd\\git.exe","--no-replace-objects","ls-remote","--symref","file:///C:/Users/requi/AppData/Local/Temp/fairpane-controller-GnkoSH","HEAD"]
ref: refs/heads/main	HEAD
8895bafe72a888c3b313a5445f281a68f01b1822	HEAD
Run ["C:\\Program Files\\Git\\cmd\\git.exe","--no-replace-objects","init","--bare","--quiet","C:\\Users\\requi\\AppData\\Local\\Temp\\fairpane-controller-sB8Inp\\test262.fetch\\repository.git"]
Run ["C:\\Program Files\\Git\\cmd\\git.exe","--no-replace-objects","--git-dir=C:\\Users\\requi\\AppData\\Local\\Temp\\fairpane-controller-sB8Inp\\test262.fetch\\repository.git","-c","fetch.fsckObjects=true","-c","transfer.fsckObjects=true","-c","protocol.version=2","fetch","--depth=1","--no-tags","--no-write-fetch-head","file:///C:/Users/requi/AppData/Local/Temp/fairpane-controller-GnkoSH","+cc0f937227cc7d5ae867e8000069b258e8a4a91d:refs/heads/main"]
From file:///C:/Users/requi/AppData/Local/Temp/fairpane-controller-GnkoSH
 * [new ref]         cc0f937227cc7d5ae867e8000069b258e8a4a91d -> main
Git: C:\Program Files\Git\cmd\git.exe (git version 2.54.0.windows.1)
Pinned commit cc0f937227cc7d5ae867e8000069b258e8a4a91d from specs/snapshots/test262.json.
Run ["C:\\Program Files\\Git\\cmd\\git.exe","--no-replace-objects","ls-remote","--symref","file:///C:/Users/requi/AppData/Local/Temp/fairpane-controller-GnkoSH","HEAD"]
ref: refs/heads/main	HEAD
8895bafe72a888c3b313a5445f281a68f01b1822	HEAD
Run ["C:\\Program Files\\Git\\cmd\\git.exe","--no-replace-objects","init","--bare","--quiet","C:\\Users\\requi\\AppData\\Local\\Temp\\fairpane-controller-sB8Inp\\test262.fetch\\repository.git"]
Run ["C:\\Program Files\\Git\\cmd\\git.exe","--no-replace-objects","--git-dir=C:\\Users\\requi\\AppData\\Local\\Temp\\fairpane-controller-sB8Inp\\test262.fetch\\repository.git","-c","fetch.fsckObjects=true","-c","transfer.fsckObjects=true","-c","protocol.version=2","fetch","--depth=1","--no-tags","--no-write-fetch-head","file:///C:/Users/requi/AppData/Local/Temp/fairpane-controller-GnkoSH","+cc0f937227cc7d5ae867e8000069b258e8a4a91d:refs/heads/main"]
From file:///C:/Users/requi/AppData/Local/Temp/fairpane-controller-GnkoSH
 * [new ref]         cc0f937227cc7d5ae867e8000069b258e8a4a91d -> main
ok 213 - corpus-fetch against a local fixture upstream fetches the pinned commit after the upstream branch moves
Git: C:\Program Files\Git\cmd\git.exe (git version 2.54.0.windows.1)
Pinned commit cc0f937227cc7d5ae867e8000069b258e8a4a91d from specs/corpora.json.
Run ["C:\\Program Files\\Git\\cmd\\git.exe","--no-replace-objects","ls-remote","--symref","file:///C:/Users/requi/AppData/Local/Temp/fairpane-controller-KPe9vX","HEAD"]
ref: refs/heads/main	HEAD
cc0f937227cc7d5ae867e8000069b258e8a4a91d	HEAD
Run ["C:\\Program Files\\Git\\cmd\\git.exe","--no-replace-objects","init","--bare","--quiet","C:\\Users\\requi\\AppData\\Local\\Temp\\fairpane-controller-J27Klb\\test262.fetch\\repository.git"]
Run ["C:\\Program Files\\Git\\cmd\\git.exe","--no-replace-objects","--git-dir=C:\\Users\\requi\\AppData\\Local\\Temp\\fairpane-controller-J27Klb\\test262.fetch\\repository.git","-c","fetch.fsckObjects=true","-c","transfer.fsckObjects=true","-c","protocol.version=2","fetch","--depth=1","--no-tags","--no-write-fetch-head","file:///C:/Users/requi/AppData/Local/Temp/fairpane-controller-KPe9vX","+cc0f937227cc7d5ae867e8000069b258e8a4a91d:refs/heads/main"]
From file:///C:/Users/requi/AppData/Local/Temp/fairpane-controller-KPe9vX
 * [new ref]         cc0f937227cc7d5ae867e8000069b258e8a4a91d -> main
Git: C:\Program Files\Git\cmd\git.exe (git version 2.54.0.windows.1)
Pinned commit cc0f937227cc7d5ae867e8000069b258e8a4a91d from specs/corpora.json.
Run ["C:\\Program Files\\Git\\cmd\\git.exe","--no-replace-objects","ls-remote","--symref","file:///C:/Users/requi/AppData/Local/Temp/fairpane-controller-KPe9vX","HEAD"]
ref: refs/heads/main	HEAD
cc0f937227cc7d5ae867e8000069b258e8a4a91d	HEAD
Run ["C:\\Program Files\\Git\\cmd\\git.exe","--no-replace-objects","init","--bare","--quiet","C:\\Users\\requi\\AppData\\Local\\Temp\\fairpane-controller-J27Klb\\test262.fetch\\repository.git"]
Run ["C:\\Program Files\\Git\\cmd\\git.exe","--no-replace-objects","--git-dir=C:\\Users\\requi\\AppData\\Local\\Temp\\fairpane-controller-J27Klb\\test262.fetch\\repository.git","-c","fetch.fsckObjects=true","-c","transfer.fsckObjects=true","-c","protocol.version=2","fetch","--depth=1","--no-tags","--no-write-fetch-head","file:///C:/Users/requi/AppData/Local/Temp/fairpane-controller-KPe9vX","+cc0f937227cc7d5ae867e8000069b258e8a4a91d:refs/heads/main"]
From file:///C:/Users/requi/AppData/Local/Temp/fairpane-controller-KPe9vX
 * [new ref]         cc0f937227cc7d5ae867e8000069b258e8a4a91d -> main
Git: C:\Program Files\Git\cmd\git.exe (git version 2.54.0.windows.1)
Pinned commit cc0f937227cc7d5ae867e8000069b258e8a4a91d from specs/corpora.json.
Run ["C:\\Program Files\\Git\\cmd\\git.exe","--no-replace-objects","ls-remote","--symref","file:///C:/Users/requi/AppData/Local/Temp/fairpane-controller-KPe9vX","HEAD"]
ref: refs/heads/main	HEAD
cc0f937227cc7d5ae867e8000069b258e8a4a91d	HEAD
Run ["C:\\Program Files\\Git\\cmd\\git.exe","--no-replace-objects","init","--bare","--quiet","C:\\Users\\requi\\AppData\\Local\\Temp\\fairpane-controller-J27Klb\\test262.fetch\\repository.git"]
Run ["C:\\Program Files\\Git\\cmd\\git.exe","--no-replace-objects","--git-dir=C:\\Users\\requi\\AppData\\Local\\Temp\\fairpane-controller-J27Klb\\test262.fetch\\repository.git","-c","fetch.fsckObjects=true","-c","transfer.fsckObjects=true","-c","protocol.version=2","fetch","--depth=1","--no-tags","--no-write-fetch-head","file:///C:/Users/requi/AppData/Local/Temp/fairpane-controller-KPe9vX","+cc0f937227cc7d5ae867e8000069b258e8a4a91d:refs/heads/main"]
From file:///C:/Users/requi/AppData/Local/Temp/fairpane-controller-KPe9vX
 * [new ref]         cc0f937227cc7d5ae867e8000069b258e8a4a91d -> main
ok 214 - A fetched snapshot whose record differs from its pin leaves the existing snapshot and record unchanged
Git: C:\Program Files\Git\cmd\git.exe (git version 2.54.0.windows.1)
Pinned commit cc0f937227cc7d5ae867e8000069b258e8a4a91d from specs/corpora.json.
Run ["C:\\Program Files\\Git\\cmd\\git.exe","--no-replace-objects","ls-remote","--symref","file:///C:/Users/requi/AppData/Local/Temp/fairpane-controller-oJsJc9","HEAD"]
ref: refs/heads/main	HEAD
cc0f937227cc7d5ae867e8000069b258e8a4a91d	HEAD
Run ["C:\\Program Files\\Git\\cmd\\git.exe","--no-replace-objects","init","--bare","--quiet","C:\\Users\\requi\\AppData\\Local\\Temp\\fairpane-controller-I8HU9X\\test262.fetch\\repository.git"]
Run ["C:\\Program Files\\Git\\cmd\\git.exe","--no-replace-objects","--git-dir=C:\\Users\\requi\\AppData\\Local\\Temp\\fairpane-controller-I8HU9X\\test262.fetch\\repository.git","-c","fetch.fsckObjects=true","-c","transfer.fsckObjects=true","-c","protocol.version=2","fetch","--depth=1","--no-tags","--no-write-fetch-head","file:///C:/Users/requi/AppData/Local/Temp/fairpane-controller-oJsJc9","+cc0f937227cc7d5ae867e8000069b258e8a4a91d:refs/heads/main"]
From file:///C:/Users/requi/AppData/Local/Temp/fairpane-controller-oJsJc9
 * [new ref]         cc0f937227cc7d5ae867e8000069b258e8a4a91d -> main
Git: C:\Program Files\Git\cmd\git.exe (git version 2.54.0.windows.1)
Run ["C:\\Program Files\\Git\\cmd\\git.exe","--no-replace-objects","ls-remote","--symref","file:///C:/Users/requi/AppData/Local/Temp/fairpane-controller-oJsJc9","HEAD"]
ref: refs/heads/main	HEAD
8895bafe72a888c3b313a5445f281a68f01b1822	HEAD
Run ["C:\\Program Files\\Git\\cmd\\git.exe","--no-replace-objects","init","--bare","--quiet","C:\\Users\\requi\\AppData\\Local\\Temp\\fairpane-controller-I8HU9X\\test262.fetch\\repository.git"]
Run ["C:\\Program Files\\Git\\cmd\\git.exe","--no-replace-objects","--git-dir=C:\\Users\\requi\\AppData\\Local\\Temp\\fairpane-controller-I8HU9X\\test262.fetch\\repository.git","-c","fetch.fsckObjects=true","-c","transfer.fsckObjects=true","-c","protocol.version=2","fetch","--depth=1","--no-tags","--no-write-fetch-head","file:///C:/Users/requi/AppData/Local/Temp/fairpane-controller-oJsJc9","+8895bafe72a888c3b313a5445f281a68f01b1822:refs/heads/main"]
From file:///C:/Users/requi/AppData/Local/Temp/fairpane-controller-oJsJc9
 * [new ref]         8895bafe72a888c3b313a5445f281a68f01b1822 -> main
ok 215 - corpus-repin against a local fixture upstream moves the snapshot to the new head and reports the pin differences
ok 216 - The actual bootstrap repository passes its integrity check
1..216
# tests 216
# pass 215
# fail 1
# Scope: controller behavior only. No renderer or JavaScript conformance claim.
RESULT {"executable":"C:\\nvm4w\\nodejs\\node.exe","arguments":["tools/selftest.mjs"],"cwd":"C:\\Users\\requi\\.omp\\wt\\t64b25565c\\m","started_at":"2026-10-09T14:30:22.371Z","exit_code":1,"signal":null,"timed_out":false,"error":null,"duration_ms":51173}

COMMAND ["C:\\Program Files\\Git\\cmd\\git.exe","apply","-R","engineering/evidence/FP-0082/raw/mutation-M7.diff"]
RESULT {"executable":"C:\\Program Files\\Git\\cmd\\git.exe","arguments":["apply","-R","engineering/evidence/FP-0082/raw/mutation-M7.diff"],"cwd":"C:\\Users\\requi\\.omp\\wt\\t64b25565c\\m","started_at":"2026-10-09T14:31:13.602Z","exit_code":0,"signal":null,"timed_out":false,"error":null,"duration_ms":19}

COMMAND ["C:\\Program Files\\Git\\cmd\\git.exe","hash-object","tools/corpus.mjs"]
0d005f6e11f37c6d26571eeb197bc41af16119dd
RESULT {"executable":"C:\\Program Files\\Git\\cmd\\git.exe","arguments":["hash-object","tools/corpus.mjs"],"cwd":"C:\\Users\\requi\\.omp\\wt\\t64b25565c\\m","started_at":"2026-10-09T14:31:13.688Z","exit_code":0,"signal":null,"timed_out":false,"error":null,"duration_ms":22}
