
COMMAND ["C:\\Program Files\\Git\\cmd\\git.exe","hash-object","src/encoding/utf8.zig"]
886db77daa27590d612a699fcd73be694ffe0913
RESULT {"executable":"C:\\Program Files\\Git\\cmd\\git.exe","arguments":["hash-object","src/encoding/utf8.zig"],"cwd":"C:\\Users\\requi\\.omp\\wt\\t6b5416396\\m","started_at":"2026-10-09T18:23:42.991Z","exit_code":0,"signal":null,"timed_out":false,"error":null,"duration_ms":23}

COMMAND ["C:\\Program Files\\Git\\cmd\\git.exe","apply","engineering/evidence/FP-0123/raw/mutation-M1.diff"]
RESULT {"executable":"C:\\Program Files\\Git\\cmd\\git.exe","arguments":["apply","engineering/evidence/FP-0123/raw/mutation-M1.diff"],"cwd":"C:\\Users\\requi\\.omp\\wt\\t6b5416396\\m","started_at":"2026-10-09T18:23:43.071Z","exit_code":0,"signal":null,"timed_out":false,"error":null,"duration_ms":22}

COMMAND ["C:\\Program Files\\Git\\cmd\\git.exe","hash-object","src/encoding/utf8.zig"]
6301afcb88e8587a84e54d4a21cb3b2ae1bffe4a
RESULT {"executable":"C:\\Program Files\\Git\\cmd\\git.exe","arguments":["hash-object","src/encoding/utf8.zig"],"cwd":"C:\\Users\\requi\\.omp\\wt\\t6b5416396\\m","started_at":"2026-10-09T18:23:43.150Z","exit_code":0,"signal":null,"timed_out":false,"error":null,"duration_ms":23}

COMMAND ["C:\\src\\fairpane\\.tools\\zig\\0.18.0-dev.120+9fe22a29b\\x86_64-windows\\zig.exe","build","test","--summary","all","--cache-dir","out/fp0123-mutation"]
test
+- FP-0082 case 16: a missing path exits with status 3 w
fairpane-js-parse: tests/js/parse/missing.js: FileNotFound
failed command: cd . && ".\\zig-out\\bin\\fairpane-js-parse.exe" file tests/js/parse/missing.js

test
+- FP-0082 case 16: invalid-utf8.js exits with status 3 w
fairpane-js-parse: .\tests\js\parse\invalid-utf8.js: InvalidUtf8
failed command: ".\\zig-out\\bin\\fairpane-js-parse.exe" file ".\\tests\\js\\parse\\invalid-utf8.js"

test
+- FP-0082 case 17: the census refuses an existing output file and exits with status 3 w
fairpane-js-parse: census: cannot create .\out\fp0123-mutation\o\0c925f44918d6f5adba948a0455992d0\existing.jsonl: PathAlreadyExists
failed command: ".\\zig-out\\bin\\fairpane-js-parse.exe" census ".\\tests\\js\\census\\sound" ".\\out\\fp0123-mutation\\o\\0c925f44918d6f5adba948a0455992d0\\existing.jsonl"

test
+- run test 293 pass, 6 fail (299 total)
error: 'web_string.test.6: fromUtf8Lossy restores the offending byte after each error' failed:
       slices differ. first difference occurs at index 4 (0x4)
       
       ============ expected this output: =============  len: 10 (0xA)
       
       [0]: 97
       [1]: 65533
       [2]: 65533
       [3]: 65533
       [4]: 98
       [5]: 65533
       [6]: 99
       [7]: 65533
       [8]: 65533
       [9]: 100
       
       ============= instead found this: ==============  len: 9 (0x9)
       
       [0]: 97
       [1]: 65533
       [2]: 65533
       [3]: 65533
       [4]: 65533
       [5]: 99
       [6]: 65533
       [7]: 65533
       [8]: 100
       
       ================================================
       
       C:\Users\requi\.omp\wt\t6b5416396\m\src\handles.zig:727:46: 0x7ff663c886e5 in expectation (test_zcu.obj)
                   if (handle.owner != model.owner) return error.WrongOwner;
                                                    ^
       C:\Users\requi\.omp\wt\t6b5416396\m\src\handles.zig:730:69: 0x7ff663c83652 in expectation (test_zcu.obj)
                   if (!slot.live or slot.generation != handle.generation) return error.StaleHandle;
                                                                           ^
       C:\Users\requi\.omp\wt\t6b5416396\m\src\handles.zig:730:69: 0x7ff663c83652 in expectation (test_zcu.obj)
                   if (!slot.live or slot.generation != handle.generation) return error.StaleHandle;
                                                                           ^
       C:\Users\requi\.omp\wt\t6b5416396\m\src\handles.zig:730:69: 0x7ff663c83652 in expectation (test_zcu.obj)
                   if (!slot.live or slot.generation != handle.generation) return error.StaleHandle;
                                                                           ^
       C:\Users\requi\.omp\wt\t6b5416396\m\src\handles.zig:728:70: 0x7ff663c835dd in expectation (test_zcu.obj)
                   if (handle.generation == 0 or handle.index >= model.len) return error.InvalidHandle;
                                                                            ^
       C:\Users\requi\.omp\wt\t6b5416396\m\src\handles.zig:730:69: 0x7ff663c83652 in expectation (test_zcu.obj)
                   if (!slot.live or slot.generation != handle.generation) return error.StaleHandle;
                                                                           ^
       C:\Users\requi\.omp\wt\t6b5416396\m\src\handles.zig:730:69: 0x7ff663c858d2 in expectation (test_zcu.obj)
                   if (!slot.live or slot.generation != handle.generation) return error.StaleHandle;
                                                                           ^
       C:\Users\requi\.omp\wt\t6b5416396\m\src\handles.zig:730:69: 0x7ff663c83652 in expectation (test_zcu.obj)
                   if (!slot.live or slot.generation != handle.generation) return error.StaleHandle;
                                                                           ^
       C:\Users\requi\.omp\wt\t6b5416396\m\src\handles.zig:730:69: 0x7ff663c83652 in expectation (test_zcu.obj)
                   if (!slot.live or slot.generation != handle.generation) return error.StaleHandle;
                                                                           ^
       C:\Users\requi\.omp\wt\t6b5416396\m\src\handles.zig:730:69: 0x7ff663c83652 in expectation (test_zcu.obj)
                   if (!slot.live or slot.generation != handle.generation) return error.StaleHandle;
                                                                           ^
       C:\Users\requi\.omp\wt\t6b5416396\m\src\handles.zig:730:69: 0x7ff663c83652 in expectation (test_zcu.obj)
                   if (!slot.live or slot.generation != handle.generation) return error.StaleHandle;
                                                                           ^
       C:\Users\requi\.omp\wt\t6b5416396\m\src\handles.zig:730:69: 0x7ff663c83652 in expectation (test_zcu.obj)
                   if (!slot.live or slot.generation != handle.generation) return error.StaleHandle;
                                                                           ^
       C:\Users\requi\.omp\wt\t6b5416396\m\src\handles.zig:730:69: 0x7ff663c83652 in expectation (test_zcu.obj)
                   if (!slot.live or slot.generation != handle.generation) return error.StaleHandle;
                                                                           ^
       C:\Users\requi\.omp\wt\t6b5416396\m\src\handles.zig:730:69: 0x7ff663c83652 in expectation (test_zcu.obj)
                   if (!slot.live or slot.generation != handle.generation) return error.StaleHandle;
                                                                           ^
       C:\Users\requi\.omp\wt\t6b5416396\m\src\handles.zig:728:70: 0x7ff663c835dd in expectation (test_zcu.obj)
                   if (handle.generation == 0 or handle.index >= model.len) return error.InvalidHandle;
                                                                            ^
       C:\Users\requi\.omp\wt\t6b5416396\m\src\handles.zig:730:69: 0x7ff663c858d2 in expectation (test_zcu.obj)
                   if (!slot.live or slot.generation != handle.generation) return error.StaleHandle;
                                                                           ^
       C:\Users\requi\.omp\wt\t6b5416396\m\src\handles.zig:730:69: 0x7ff663c858d2 in expectation (test_zcu.obj)
                   if (!slot.live or slot.generation != handle.generation) return error.StaleHandle;
                                                                           ^
       C:\Users\requi\.omp\wt\t6b5416396\m\src\handles.zig:727:46: 0x7ff663c83585 in expectation (test_zcu.obj)
                   if (handle.owner != model.owner) return error.WrongOwner;
                                                    ^
       C:\Users\requi\.omp\wt\t6b5416396\m\src\handles.zig:730:69: 0x7ff663c83652 in expectation (test_zcu.obj)
                   if (!slot.live or slot.generation != handle.generation) return error.StaleHandle;
                                                                           ^
       C:\Users\requi\.omp\wt\t6b5416396\m\src\handles.zig:730:69: 0x7ff663c83652 in expectation (test_zcu.obj)
                   if (!slot.live or slot.generation != handle.generation) return error.StaleHandle;
                                                                           ^
       C:\src\fairpane\.tools\zig\0.18.0-dev.120+9fe22a29b\x86_64-windows\lib\std\testing.zig:346:5: 0x7ff663a7937c in expectEqualSlices__func_868 (test_zcu.obj)
           return error.TestExpectedEqual;
           ^
       C:\Users\requi\.omp\wt\t6b5416396\m\src\web_string.zig:322:5: 0x7ff663a79450 in expectUnits (test_zcu.obj)
           try testing.expectEqualSlices(u16, expected, string.view().units);
           ^
       C:\Users\requi\.omp\wt\t6b5416396\m\src\web_string.zig:328:5: 0x7ff663a7959d in expectLossyUnits (test_zcu.obj)
           try expectUnits(expected, string);
           ^
       C:\Users\requi\.omp\wt\t6b5416396\m\src\web_string.zig:422:5: 0x7ff663a85233 in test.6: fromUtf8Lossy restores the offending byte after each error (test_zcu.obj)
           try expectLossyUnits(
           ^
error: 'web_string.test.7: fromUtf8Lossy substitutes maximal subparts' failed:
       slices differ. first difference occurs at index 2 (0x2)
       
       ============ expected this output: =============  len: 3 (0x3)
       
       [0]: 65533
       [1]: 65533
       [2]: 65533
       
       ============= instead found this: ==============  len: 2 (0x2)
       
       [0]: 65533
       [1]: 65533
       
       ================================================
       
       C:\src\fairpane\.tools\zig\0.18.0-dev.120+9fe22a29b\x86_64-windows\lib\std\testing.zig:346:5: 0x7ff663a7937c in expectEqualSlices__func_868 (test_zcu.obj)
           return error.TestExpectedEqual;
           ^
       C:\Users\requi\.omp\wt\t6b5416396\m\src\web_string.zig:322:5: 0x7ff663a79450 in expectUnits (test_zcu.obj)
           try testing.expectEqualSlices(u16, expected, string.view().units);
           ^
       C:\Users\requi\.omp\wt\t6b5416396\m\src\web_string.zig:328:5: 0x7ff663a7959d in expectLossyUnits (test_zcu.obj)
           try expectUnits(expected, string);
           ^
       C:\Users\requi\.omp\wt\t6b5416396\m\src\web_string.zig:429:5: 0x7ff663a850ea in test.7: fromUtf8Lossy substitutes maximal subparts (test_zcu.obj)
           try expectLossyUnits("\xED\xA0\x80", &.{ 0xFFFD, 0xFFFD, 0xFFFD });
           ^
error: 'web_string.test.16: every allocating operation survives each induced allocation failure' failed:
       slices differ. first difference occurs at index 3 (0x3)
       
       ============ expected this output: =============  len: 7 (0x7)
       
       EF BF BD 00 EF BF BD                              .......
       
       ============= instead found this: ==============  len: 6 (0x6)
       
       EF BF BD EF BF BD                                 ......
       
       ================================================
       
       C:\src\fairpane\.tools\zig\0.18.0-dev.120+9fe22a29b\x86_64-windows\lib\std\testing.zig:346:5: 0x7ff663a7da18 in expectEqualSlices__func_891 (test_zcu.obj)
           return error.TestExpectedEqual;
           ^
       C:\Users\requi\.omp\wt\t6b5416396\m\src\web_string.zig:530:5: 0x7ff663a7e62a in allocationFailureScenario (test_zcu.obj)
           try testing.expectEqualSlices(u8, "\xEF\xBF\xBD\x00\xEF\xBF\xBD", lossy_bytes);
           ^
       C:\src\fairpane\.tools\zig\0.18.0-dev.120+9fe22a29b\x86_64-windows\lib\std\testing.zig:1154:9: 0x7ff663a7e72f in checkAllAllocationFailures__func_890 (test_zcu.obj)
               try @call(.auto, test_fn, .{failing_allocator_inst.allocator()} ++ extra_args);
               ^
       C:\Users\requi\.omp\wt\t6b5416396\m\src\web_string.zig:536:5: 0x7ff663a7eaa3 in test.16: every allocating operation survives each induced allocation failure (test_zcu.obj)
           try testing.checkAllAllocationFailures(no_remap.allocator(), allocationFailureScenario, .{});
           ^
error: 'web_string.test.FP-0047 case 2: fromUtf8Lossy emits four U+FFFD for an F0 lead followed by a byte below 0x90' failed:
       slices differ. first difference occurs at index 3 (0x3)
       
       ============ expected this output: =============  len: 4 (0x4)
       
       [0]: 65533
       [1]: 65533
       [2]: 65533
       [3]: 65533
       
       ============= instead found this: ==============  len: 3 (0x3)
       
       [0]: 65533
       [1]: 65533
       [2]: 65533
       
       ================================================
       
       C:\src\fairpane\.tools\zig\0.18.0-dev.120+9fe22a29b\x86_64-windows\lib\std\testing.zig:346:5: 0x7ff663a7937c in expectEqualSlices__func_868 (test_zcu.obj)
           return error.TestExpectedEqual;
           ^
       C:\Users\requi\.omp\wt\t6b5416396\m\src\web_string.zig:322:5: 0x7ff663a79450 in expectUnits (test_zcu.obj)
           try testing.expectEqualSlices(u16, expected, string.view().units);
           ^
       C:\Users\requi\.omp\wt\t6b5416396\m\src\web_string.zig:328:5: 0x7ff663a7959d in expectLossyUnits (test_zcu.obj)
           try expectUnits(expected, string);
           ^
       C:\Users\requi\.omp\wt\t6b5416396\m\src\web_string.zig:547:5: 0x7ff663a7b93a in test.FP-0047 case 2: fromUtf8Lossy emits four U+FFFD for an F0 lead followed by a byte below 0x90 (test_zcu.obj)
           try expectLossyUnits("\xF0\x80\x80\x80", &.{ 0xFFFD, 0xFFFD, 0xFFFD, 0xFFFD });
           ^
error: 'encoding.tests.test.FP-0123 case 5: the UTF-8 decoder in replacement mode' failed:
       FP-0082 case 10: measured stack use 21120 bytes for 1022 terms and 20992 bytes for 1021 parentheses
       slices differ. first difference occurs at index 2 (0x2)
       
       ============ expected this output: =============  len: 3 (0x3)
       
       [0]: 65533
       [1]: 65533
       [2]: 65533
       
       ============= instead found this: ==============  len: 2 (0x2)
       
       [0]: 65533
       [1]: 65533
       
       ================================================
       
       row A18: one call
       slices differ. first difference occurs at index 2 (0x2)
       
       ============ expected this output: =============  len: 3 (0x3)
       
       [0]: 65533
       [1]: 65533
       [2]: 65533
       
       ============= instead found this: ==============  len: 2 (0x2)
       
       [0]: 65533
       [1]: 65533
       
       ================================================
       
       row A19: one call
       slices differ. first difference occurs at index 2 (0x2)
       
       ============ expected this output: =============  len: 3 (0x3)
       
       [0]: 65533
       [1]: 65533
       [2]: 65533
       
       ============= instead found this: ==============  len: 2 (0x2)
       
       [0]: 65533
       [1]: 65533
       
       ================================================
       
       row A20: one call
       slices differ. first difference occurs at index 2 (0x2)
       
       ============ expected this output: =============  len: 3 (0x3)
       
       [0]: 65533
       [1]: 65533
       [2]: 65533
       
       ============= instead found this: ==============  len: 2 (0x2)
       
       [0]: 65533
       [1]: 65533
       
       ================================================
       
       row A21: one call
       slices differ. first difference occurs at index 3 (0x3)
       
       ============ expected this output: =============  len: 4 (0x4)
       
       [0]: 65533
       [1]: 65533
       [2]: 65533
       [3]: 65533
       
       ============= instead found this: ==============  len: 3 (0x3)
       
       [0]: 65533
       [1]: 65533
       [2]: 65533
       
       ================================================
       
       row A22: one call
       slices differ. first difference occurs at index 3 (0x3)
       
       ============ expected this output: =============  len: 4 (0x4)
       
       [0]: 65533
       [1]: 65533
       [2]: 65533
       [3]: 65533
       
       ============= instead found this: ==============  len: 3 (0x3)
       
       [0]: 65533
       [1]: 65533
       [2]: 65533
       
       ================================================
       
       row A23: one call
       slices differ. first difference occurs at index 3 (0x3)
       
       ============ expected this output: =============  len: 4 (0x4)
       
       [0]: 65533
       [1]: 65533
       [2]: 65533
       [3]: 65533
       
       ============= instead found this: ==============  len: 3 (0x3)
       
       [0]: 65533
       [1]: 65533
       [2]: 65533
       
       ================================================
       
       row A24: one call
       slices differ. first difference occurs at index 1 (0x1)
       
       ============ expected this output: =============  len: 2 (0x2)
       
       [0]: 65533
       [1]: 65
       
       ============= instead found this: ==============  len: 1 (0x1)
       
       [0]: 65533
       
       ================================================
       
       row A28: one call
       slices differ. first difference occurs at index 1 (0x1)
       
       ============ expected this output: =============  len: 2 (0x2)
       
       [0]: 65533
       [1]: 65
       
       ============= instead found this: ==============  len: 1 (0x1)
       
       [0]: 65533
       
       ================================================
       
       row A29: one call
       slices differ. first difference occurs at index 1 (0x1)
       
       ============ expected this output: =============  len: 2 (0x2)
       
       [0]: 65533
       [1]: 65
       
       ============= instead found this: ==============  len: 1 (0x1)
       
       [0]: 65533
       
       ================================================
       
       row A30: one call
       slices differ. first difference occurs at index 4 (0x4)
       
       ============ expected this output: =============  len: 10 (0xA)
       
       [0]: 97
       [1]: 65533
       [2]: 65533
       [3]: 65533
       [4]: 98
       [5]: 65533
       [6]: 99
       [7]: 65533
       [8]: 65533
       [9]: 100
       
       ============= instead found this: ==============  len: 9 (0x9)
       
       [0]: 97
       [1]: 65533
       [2]: 65533
       [3]: 65533
       [4]: 65533
       [5]: 99
       [6]: 65533
       [7]: 65533
       [8]: 100
       
       ================================================
       
       row A35: one call
       slices differ. first difference occurs at index 1 (0x1)
       
       ============ expected this output: =============  len: 2 (0x2)
       
       [0]: 65533
       [1]: 65533
       
       ============= instead found this: ==============  len: 1 (0x1)
       
       [0]: 65533
       
       ================================================
       
       row A36: one call
       C:\Users\requi\.omp\wt\t6b5416396\m\src\encoding\tests.zig:392:22: 0x7ff663dc8221 in expectRows (test_zcu.obj)
           if (failed != 0) return error.TestUnexpectedResult;
                            ^
       C:\Users\requi\.omp\wt\t6b5416396\m\src\encoding\tests.zig:396:5: 0x7ff663dcb9d2 in test.FP-0123 case 5: the UTF-8 decoder in replacement mode (test_zcu.obj)
           try expectRows(&case_5_rows);
           ^
error: 'encoding.tests.test.FP-0123 case 12: every partition of each row into chunks, and a 2-unit output buffer, give the one-call result' failed:
       slices differ. first difference occurs at index 2 (0x2)
       
       ============ expected this output: =============  len: 3 (0x3)
       
       [0]: 65533
       [1]: 65533
       [2]: 65533
       
       ============= instead found this: ==============  len: 2 (0x2)
       
       [0]: 65533
       [1]: 65533
       
       ================================================
       
       row A18: partition mask 0, trailing empty call false
       slices differ. first difference occurs at index 2 (0x2)
       
       ============ expected this output: =============  len: 3 (0x3)
       
       [0]: 65533
       [1]: 65533
       [2]: 65533
       
       ============= instead found this: ==============  len: 2 (0x2)
       
       [0]: 65533
       [1]: 65533
       
       ================================================
       
       row A19: partition mask 0, trailing empty call false
       slices differ. first difference occurs at index 2 (0x2)
       
       ============ expected this output: =============  len: 3 (0x3)
       
       [0]: 65533
       [1]: 65533
       [2]: 65533
       
       ============= instead found this: ==============  len: 2 (0x2)
       
       [0]: 65533
       [1]: 65533
       
       ================================================
       
       row A20: partition mask 0, trailing empty call false
       slices differ. first difference occurs at index 2 (0x2)
       
       ============ expected this output: =============  len: 3 (0x3)
       
       [0]: 65533
       [1]: 65533
       [2]: 65533
       
       ============= instead found this: ==============  len: 2 (0x2)
       
       [0]: 65533
       [1]: 65533
       
       ================================================
       
       row A21: partition mask 0, trailing empty call false
       slices differ. first difference occurs at index 3 (0x3)
       
       ============ expected this output: =============  len: 4 (0x4)
       
       [0]: 65533
       [1]: 65533
       [2]: 65533
       [3]: 65533
       
       ============= instead found this: ==============  len: 3 (0x3)
       
       [0]: 65533
       [1]: 65533
       [2]: 65533
       
       ================================================
       
       row A22: partition mask 0, trailing empty call false
       slices differ. first difference occurs at index 3 (0x3)
       
       ============ expected this output: =============  len: 4 (0x4)
       
       [0]: 65533
       [1]: 65533
       [2]: 65533
       [3]: 65533
       
       ============= instead found this: ==============  len: 3 (0x3)
       
       [0]: 65533
       [1]: 65533
       [2]: 65533
       
       ================================================
       
       row A23: partition mask 0, trailing empty call false
       slices differ. first difference occurs at index 3 (0x3)
       
       ============ expected this output: =============  len: 4 (0x4)
       
       [0]: 65533
       [1]: 65533
       [2]: 65533
       [3]: 65533
       
       ============= instead found this: ==============  len: 3 (0x3)
       
       [0]: 65533
       [1]: 65533
       [2]: 65533
       
       ================================================
       
       row A24: partition mask 0, trailing empty call false
       slices differ. first difference occurs at index 1 (0x1)
       
       ============ expected this output: =============  len: 2 (0x2)
       
       [0]: 65533
       [1]: 65
       
       ============= instead found this: ==============  len: 1 (0x1)
       
       [0]: 65533
       
       ================================================
       
       row A28: partition mask 0, trailing empty call false
       slices differ. first difference occurs at index 1 (0x1)
       
       ============ expected this output: =============  len: 2 (0x2)
       
       [0]: 65533
       [1]: 65
       
       ============= instead found this: ==============  len: 1 (0x1)
       
       [0]: 65533
       
       ================================================
       
       row A29: partition mask 0, trailing empty call false
       slices differ. first difference occurs at index 1 (0x1)
       
       ============ expected this output: =============  len: 2 (0x2)
       
       [0]: 65533
       [1]: 65
       
       ============= instead found this: ==============  len: 1 (0x1)
       
       [0]: 65533
       
       ================================================
       
       row A30: partition mask 0, trailing empty call false
       slices differ. first difference occurs at index 4 (0x4)
       
       ============ expected this output: =============  len: 10 (0xA)
       
       [0]: 97
       [1]: 65533
       [2]: 65533
       [3]: 65533
       [4]: 98
       [5]: 65533
       [6]: 99
       [7]: 65533
       [8]: 65533
       [9]: 100
       
       ============= instead found this: ==============  len: 9 (0x9)
       
       [0]: 97
       [1]: 65533
       [2]: 65533
       [3]: 65533
       [4]: 65533
       [5]: 99
       [6]: 65533
       [7]: 65533
       [8]: 100
       
       ================================================
       
       row A35: partition mask 0, trailing empty call false
       slices differ. first difference occurs at index 1 (0x1)
       
       ============ expected this output: =============  len: 2 (0x2)
       
       [0]: 65533
       [1]: 65533
       
       ============= instead found this: ==============  len: 1 (0x1)
       
       [0]: 65533
       
       ================================================
       
       row A36: partition mask 0, trailing empty call false
       C:\src\fairpane\.tools\zig\0.18.0-dev.120+9fe22a29b\x86_64-windows\lib\std\testing.zig:584:14: 0x7ff663a8412f in expect (test_zcu.obj)
           if (!ok) return error.TestUnexpectedResult;
                    ^
       C:\Users\requi\.omp\wt\t6b5416396\m\src\encoding\tests.zig:636:5: 0x7ff663dbfe80 in test.FP-0123 case 12: every partition of each row into chunks, and a 2-unit output buffer, give the one-call result (test_zcu.obj)
           try testing.expect(passed);
           ^
failed command: cd . && ".\\out\\fp0123-mutation\\o\\2bd39596fc323e58811d082f129c1108\\test.exe" "--cache-dir=.\\out\\fp0123-mutation" --seed=0x28c1cf08 --listen=-

Build Summary: 99/101 steps succeeded (1 failed); 344/350 tests passed (6 failed)
test transitive failure
+- run test 293 pass, 6 fail (299 total)
|  +- compile test debug native success 9s MaxRSS:938M
+- run test 45 pass (45 total) 374ms MaxRSS:16M
|  +- compile test debug native success 4s MaxRSS:420M
+- FP-0007 case 13: case 2 passes with exit status 0 success 47ms
|  +- install fairpane-lab success
|     +- compile exe fairpane-lab debug native success 3s MaxRSS:369M
+- FP-0007 case 13: case 3 fails with exit status 1 success 55ms
|  +- install fairpane-lab (+1 more reused dependencies)
+- FP-0007 case 13: case 4 is unsupported with exit status 2 success 44ms
|  +- install fairpane-lab (+1 more reused dependencies)
+- FP-0007 case 13: case 1 is a harness error with exit status 3 success 48ms
|  +- install fairpane-lab (+1 more reused dependencies)
+- FP-0007 case 13: case 8 times out with exit status 4 success 45ms
|  +- install fairpane-lab (+1 more reused dependencies)
+- FP-0007 case 13: an unknown command exits with status 64 and writes no result success 42ms
|  +- install fairpane-lab (+1 more reused dependencies)
+- FP-0008 case 26: case 18 passes with exit status 0 success 53ms
|  +- install fairpane-lab (+1 more reused dependencies)
+- FP-0008 case 26: the token_count variant of case 19 fails with exit status 1 success 54ms
|  +- install fairpane-lab (+1 more reused dependencies)
+- FP-0008 case 26: the <p> case of case 21 is unsupported with exit status 2 success 50ms
|  +- install fairpane-lab (+1 more reused dependencies)
+- FP-0123 case 15 Lab-7: the UTF-16BE tokenize case of Lab-3 passes with exit status 0 success 50ms
|  +- install fairpane-lab (+1 more reused dependencies)
+- FP-0007 case 14: minimize reduces a failing fetch case with a 4096-byte body success 88ms
|  +- install fairpane-lab (+1 more reused dependencies)
+- FP-0007 case 14: the minimized case fails the same check success 8ms
|  +- install fairpane-lab (+1 more reused dependencies)
|  +- FP-0007 case 14: minimize reduces a failing fetch case with a 4096-byte body (+1 more reused dependencies)
+- FP-0007 case 14: the minimized document body is 1-minimal success 13ms
|  +- compile exe fairpane-lab-check debug native success 3s MaxRSS:357M
|  +- FP-0007 case 14: minimize reduces a failing fetch case with a 4096-byte body (+1 more reused dependencies)
+- FP-0007 case 14: minimize refuses a passing case success 57ms
|  +- install fairpane-lab (+1 more reused dependencies)
+- FP-0007 case 14: a refused minimization writes nothing success 10ms
|  +- compile exe fairpane-lab-check debug native (reused)
|  +- FP-0007 case 14: minimize refuses a passing case (+1 more reused dependencies)
+- FP-0054 case 5: minimize refuses an --out path that names the input file through another spelling success 49ms
|  +- install fairpane-lab (+1 more reused dependencies)
|  +- FP-0054 case 5: create a fresh directory success 56ms
|  |  +- compile exe fairpane-lab-check debug native (reused)
|  +- FP-0054 case 5: create a fresh directory (+1 more reused dependencies)
+- FP-0054 case 5: the refused minimization leaves the input unchanged success 27ms
|  +- compile exe fairpane-lab-check debug native (reused)
|  +- FP-0054 case 5: create a fresh directory (+1 more reused dependencies)
|  +- FP-0054 case 5: minimize refuses an --out path that names the input file through another spelling (+3 more reused dependencies)
+- FP-0054 revision 1 case 1: minimize refuses an --out path that is a hard link to the input file success 51ms
|  +- install fairpane-lab (+1 more reused dependencies)
|  +- FP-0054 revision 1 case 1: create a fresh directory success 48ms
|     +- compile exe fairpane-lab-check debug native (reused)
+- FP-0054 revision 1 case 1: the refused command leaves the input unchanged success 28ms
|  +- compile exe fairpane-lab-check debug native (reused)
|  +- FP-0054 revision 1 case 1: create a fresh directory (+1 more reused dependencies)
|  +- FP-0054 revision 1 case 1: minimize refuses an --out path that is a hard link to the input file (+2 more reused dependencies)
+- FP-0054 revision 1 case 2: run refuses a --transcript path that is a hard link to the input file success 53ms
|  +- install fairpane-lab (+1 more reused dependencies)
|  +- FP-0054 revision 1 case 2: create a fresh directory success 49ms
|     +- compile exe fairpane-lab-check debug native (reused)
+- FP-0054 revision 1 case 2: the refused command leaves the input unchanged success 29ms
|  +- compile exe fairpane-lab-check debug native (reused)
|  +- FP-0054 revision 1 case 2: create a fresh directory (+1 more reused dependencies)
|  +- FP-0054 revision 1 case 2: run refuses a --transcript path that is a hard link to the input file (+2 more reused dependencies)
+- FP-0054 revision 1 case 3: minimize refuses an --out path that names the input file in other letter case success 50ms
|  +- install fairpane-lab (+1 more reused dependencies)
|  +- FP-0054 revision 1 case 3: create a fresh directory success 50ms
|     +- compile exe fairpane-lab-check debug native (reused)
+- FP-0054 revision 1 case 3: the refused command leaves the input unchanged success 28ms
|  +- compile exe fairpane-lab-check debug native (reused)
|  +- FP-0054 revision 1 case 3: create a fresh directory (+1 more reused dependencies)
|  +- FP-0054 revision 1 case 3: minimize refuses an --out path that names the input file in other letter case (+2 more reused dependencies)
+- FP-0054 revision 1 case 4: minimize writes over a separate byte-identical copy of the input file success 45ms
|  +- install fairpane-lab (+1 more reused dependencies)
|  +- FP-0054 revision 1 case 4: create a fresh directory success 50ms
|     +- compile exe fairpane-lab-check debug native (reused)
+- FP-0054 revision 1 case 4: the written case is a version 2 case derived from the input digest success 27ms
|  +- compile exe fairpane-lab-check debug native (reused)
|  +- FP-0054 revision 1 case 4: create a fresh directory (+1 more reused dependencies)
|  +- FP-0054 revision 1 case 4: minimize writes over a separate byte-identical copy of the input file (+2 more reused dependencies)
+- FP-0054 revision 1 case 5: run, minimize, and replay report files one byte above the size limit success 91ms
|  +- compile exe fairpane-lab-check debug native (reused)
|  +- FP-0054 revision 1 case 5: create a fresh directory success 52ms
|  |  +- compile exe fairpane-lab-check debug native (reused)
|  +- install fairpane-lab (+1 more reused dependencies)
+- FP-0076 case 3: minimize writes over an existing out.json whose ACL denies read-data access to Everyone success 49ms
|  +- install fairpane-lab (+1 more reused dependencies)
|  +- FP-0076 case 3: create a fresh directory success 54ms
|     +- compile exe fairpane-lab-check debug native (reused)
+- FP-0076 case 3: out.json is a version 2 case derived from the input digest success 7ms
|  +- compile exe fairpane-lab-check debug native (reused)
|  +- FP-0076 case 3: create a fresh directory (+1 more reused dependencies)
|  +- FP-0076 case 3: restore read access to out.json success 27ms
|     +- compile exe fairpane-lab-check debug native (reused)
|     +- FP-0076 case 3: create a fresh directory (+1 more reused dependencies)
|     +- FP-0076 case 3: minimize writes over an existing out.json whose ACL denies read-data access to Everyone (+2 more reused dependencies)
+- FP-0076 case 4: minimize reports the output path out|.json, which cannot be identified success 46ms
|  +- install fairpane-lab (+1 more reused dependencies)
|  +- FP-0076 case 4: create a fresh directory success 54ms
|     +- compile exe fairpane-lab-check debug native (reused)
+- FP-0076 case 4: the directory gains no file success 29ms
|  +- compile exe fairpane-lab-check debug native (reused)
|  +- FP-0076 case 4: create a fresh directory (+1 more reused dependencies)
|  +- FP-0076 case 4: minimize reports the output path out|.json, which cannot be identified (+2 more reused dependencies)
+- FP-0076 case 7: the revision 1 case 5 helper reports failing checks and removes both oversized files success 166ms
|  +- compile exe fairpane-lab-check debug native (reused)
|  +- FP-0076 case 7: create a fresh directory success 48ms
|  |  +- compile exe fairpane-lab-check debug native (reused)
|  +- compile exe fairpane-lab-check debug native (reused)
+- FP-0076 case 7: no file remains after the failing run success 45ms
|  +- compile exe fairpane-lab-check debug native (reused)
|  +- FP-0076 case 7: create a fresh directory (+1 more reused dependencies)
|  +- FP-0076 case 7: the revision 1 case 5 helper reports failing checks and removes both oversized files (+3 more reused dependencies)
+- FP-0011 case 4: leaf_invokes_to_number.zig success 636ms
+- FP-0011 case 4: leaf_invokes_number_to_string.zig success 603ms
+- FP-0011 case 4: allocation_invokes_call.zig success 592ms
+- FP-0011 case 4: leaf_allocates.zig success 525ms
+- FP-0011 case 4: mutation_throws.zig success 600ms
+- FP-0011 case 4: leaf_calls_behavior.zig success 424ms
+- FP-0011 case 4: leaf_positive.zig success 475ms
+- FP-0011 case 5: catalog_callback_alone.zig success 576ms
+- FP-0011 case 5: catalog_exception_alone.zig success 587ms
+- FP-0011 case 5: catalog_duplicate_id.zig success 575ms
+- FP-0011 case 5: kernel_wider_context.zig success 533ms
+- FP-0011 case 5: kernel_undeclared_throw.zig success 514ms
+- FP-0011 case 8: layout_undescribed_field.zig success 423ms
+- FP-0011 case 8: layout_plain_reference.zig success 535ms
+- FP-0011 case 8: layout_missing_field.zig success 475ms
+- FP-0011 case 20: abi_reference_value.zig success 490ms
+- FP-0011 case 20: abi_nan_box_value.zig success 572ms
+- FP-0011 case 20: abi_tagged_index_value.zig success 424ms
+- FP-0011 case 34: leaf_reaches_heap.zig success 587ms
+- FP-0011 case 35: leaf_widens_context.zig success 475ms
+- FP-0011 case 36: binding_missing_kernel.zig success 588ms
+- FP-0011 case 36: binding_stray_kernel.zig success 608ms
+- library-test success
|  +- run test 6 pass (6 total) 35ms MaxRSS:4M
|  |  +- compile test debug native success 3s MaxRSS:288M
|  +- FP-0066 case 1: ReleaseSafe libraries built in two directories are byte-identical success 39ms
|  |  +- compile exe fairpane-library-check debug native success 2s MaxRSS:281M
|  |  +- archive fairpane.lib safe success 16ms
|  |  |  +- compile obj fairpane_zcu safe native success 4s MaxRSS:174M
|  |  |     +- WriteFile fp0066-tree-a/src success
|  |  +- archive fairpane.lib safe success 18ms
|  |     +- compile obj fairpane_zcu safe native success 3s MaxRSS:174M
|  |        +- WriteFile fp0066-tree-a/src (reused)
|  +- FP-0066 case 2: the ReleaseSafe library contains neither its build directory nor the compiler installation directory success 64ms
|  |  +- compile exe fairpane-library-check debug native (reused)
|  |  +- archive fairpane.lib safe (+1 more reused dependencies)
|  |  +- WriteFile fp0066-tree-a/src (reused)
|  +- FP-0066 case 4: the Debug library keeps debug information that names the absolute source directory success 62ms
|  |  +- compile exe fairpane-library-check debug native (reused)
|  |  +- archive fairpane.lib debug success 21ms
|  |     +- compile obj fairpane_zcu debug native success 2s MaxRSS:269M
|  +- FP-0066 case 5: the ReleaseSafe library's only member is the object, named without a directory success 32ms
|  |  +- compile exe fairpane-library-check debug native (reused)
|  |  +- archive fairpane.lib safe (+1 more reused dependencies)
|  +- FP-0066: every member header of the ReleaseSafe library has a zero time stamp, owner, and group success 33ms
|     +- compile exe fairpane-library-check debug native (reused)
|     +- archive fairpane.lib safe (+1 more reused dependencies)
+- FP-0082 case 16: valid.js exits with status 0 and prints the T9 dump success 77ms
|  +- install fairpane-js-parse success
|     +- compile exe fairpane-js-parse debug native success 3s MaxRSS:346M
|        +- WriteFile src success
+- FP-0082 case 16: syntax.js exits with status 1 and prints its syntax error success 75ms
|  +- install fairpane-js-parse (+1 more reused dependencies)
+- FP-0082 case 16: unsupported.js exits with status 2 and prints its unsupported outcome success 74ms
|  +- install fairpane-js-parse (+1 more reused dependencies)
+- FP-0082 case 16: invalid-utf8.js exits with status 3 success 76ms
|  +- install fairpane-js-parse (+1 more reused dependencies)
+- FP-0082 case 16: a missing path exits with status 3 success 79ms
|  +- install fairpane-js-parse (+1 more reused dependencies)
+- FP-0082 case 16: no arguments exits with status 3 and writes the usage success 72ms
|  +- install fairpane-js-parse (+1 more reused dependencies)
+- FP-0082 case 17: the census of the sound fixture exits with status 0 success 106ms
|  +- install fairpane-js-parse (+1 more reused dependencies)
+- FP-0082 case 17: the census of the unsound fixture exits with status 1 success 107ms
|  +- install fairpane-js-parse (+1 more reused dependencies)
+- FP-0082 case 17: the census refuses an existing output file and exits with status 3 success 78ms
   +- install fairpane-js-parse (+1 more reused dependencies)
   +- WriteFile existing.jsonl success

error: the following build command exited with code 1:
C:\src\fairpane\.zig-cache\global\o\253f29e51d3f235ff7bb0cfb57b92bf7\maker.exe build --zig-lib=C:\src\fairpane\.tools\zig\0.18.0-dev.120+9fe22a29b\x86_64-windows\lib --zig=C:\src\fairpane\.tools\zig\0.18.0-dev.120+9fe22a29b\x86_64-windows\zig.exe --global-cache=C:\src\fairpane\.zig-cache\global --seed=0x28c1cf08 test --summary all --cache-dir out/fp0123-mutation
RESULT {"executable":"C:\\src\\fairpane\\.tools\\zig\\0.18.0-dev.120+9fe22a29b\\x86_64-windows\\zig.exe","arguments":["build","test","--summary","all","--cache-dir","out/fp0123-mutation"],"cwd":"C:\\Users\\requi\\.omp\\wt\\t6b5416396\\m","started_at":"2026-10-09T18:23:43.232Z","exit_code":1,"signal":null,"timed_out":false,"error":null,"duration_ms":50446,"environment_overrides":{"ZIG_GLOBAL_CACHE_DIR":"C:\\src\\fairpane\\.zig-cache\\global"}}

COMMAND ["C:\\Program Files\\Git\\cmd\\git.exe","apply","-R","engineering/evidence/FP-0123/raw/mutation-M1.diff"]
RESULT {"executable":"C:\\Program Files\\Git\\cmd\\git.exe","arguments":["apply","-R","engineering/evidence/FP-0123/raw/mutation-M1.diff"],"cwd":"C:\\Users\\requi\\.omp\\wt\\t6b5416396\\m","started_at":"2026-10-09T18:24:33.738Z","exit_code":0,"signal":null,"timed_out":false,"error":null,"duration_ms":23}

COMMAND ["C:\\Program Files\\Git\\cmd\\git.exe","hash-object","src/encoding/utf8.zig"]
886db77daa27590d612a699fcd73be694ffe0913
RESULT {"executable":"C:\\Program Files\\Git\\cmd\\git.exe","arguments":["hash-object","src/encoding/utf8.zig"],"cwd":"C:\\Users\\requi\\.omp\\wt\\t6b5416396\\m","started_at":"2026-10-09T18:24:33.817Z","exit_code":0,"signal":null,"timed_out":false,"error":null,"duration_ms":22}

COMMAND ["C:\\Program Files\\Git\\cmd\\git.exe","hash-object","src/encoding/utf8.zig"]
886db77daa27590d612a699fcd73be694ffe0913
RESULT {"executable":"C:\\Program Files\\Git\\cmd\\git.exe","arguments":["hash-object","src/encoding/utf8.zig"],"cwd":"C:\\Users\\requi\\.omp\\wt\\t6b5416396\\m","started_at":"2026-10-09T18:24:33.921Z","exit_code":0,"signal":null,"timed_out":false,"error":null,"duration_ms":22}

COMMAND ["C:\\Program Files\\Git\\cmd\\git.exe","apply","engineering/evidence/FP-0123/raw/mutation-M2.diff"]
RESULT {"executable":"C:\\Program Files\\Git\\cmd\\git.exe","arguments":["apply","engineering/evidence/FP-0123/raw/mutation-M2.diff"],"cwd":"C:\\Users\\requi\\.omp\\wt\\t6b5416396\\m","started_at":"2026-10-09T18:24:34.001Z","exit_code":0,"signal":null,"timed_out":false,"error":null,"duration_ms":24}

COMMAND ["C:\\Program Files\\Git\\cmd\\git.exe","hash-object","src/encoding/utf8.zig"]
6f33e4efefff0ec3d512ad3ecc262d3188ae8166
RESULT {"executable":"C:\\Program Files\\Git\\cmd\\git.exe","arguments":["hash-object","src/encoding/utf8.zig"],"cwd":"C:\\Users\\requi\\.omp\\wt\\t6b5416396\\m","started_at":"2026-10-09T18:24:34.084Z","exit_code":0,"signal":null,"timed_out":false,"error":null,"duration_ms":22}

COMMAND ["C:\\src\\fairpane\\.tools\\zig\\0.18.0-dev.120+9fe22a29b\\x86_64-windows\\zig.exe","build","test","--summary","all","--cache-dir","out/fp0123-mutation"]
test
+- FP-0082 case 16: a missing path exits with status 3 w
fairpane-js-parse: tests/js/parse/missing.js: FileNotFound
failed command: cd . && ".\\zig-out\\bin\\fairpane-js-parse.exe" file tests/js/parse/missing.js

test
+- FP-0082 case 16: invalid-utf8.js exits with status 3 w
fairpane-js-parse: .\tests\js\parse\invalid-utf8.js: InvalidUtf8
failed command: ".\\zig-out\\bin\\fairpane-js-parse.exe" file ".\\tests\\js\\parse\\invalid-utf8.js"

test
+- FP-0082 case 17: the census refuses an existing output file and exits with status 3 w
fairpane-js-parse: census: cannot create .\out\fp0123-mutation\o\0c925f44918d6f5adba948a0455992d0\existing.jsonl: PathAlreadyExists
failed command: ".\\zig-out\\bin\\fairpane-js-parse.exe" census ".\\tests\\js\\census\\sound" ".\\out\\fp0123-mutation\\o\\0c925f44918d6f5adba948a0455992d0\\existing.jsonl"

test
+- run test 294 pass, 5 fail (299 total); 1 leaks
error: 'web_string.test.5: fromUtf8 rejects ill-formed input' failed:
       expected error.InvalidUtf8, found .{ .units = { 55296 } }
       C:\Users\requi\.omp\wt\t6b5416396\m\src\handles.zig:727:46: 0x7ff78ca386c5 in expectation (test_zcu.obj)
                   if (handle.owner != model.owner) return error.WrongOwner;
                                                    ^
       C:\Users\requi\.omp\wt\t6b5416396\m\src\handles.zig:730:69: 0x7ff78ca33632 in expectation (test_zcu.obj)
                   if (!slot.live or slot.generation != handle.generation) return error.StaleHandle;
                                                                           ^
       C:\Users\requi\.omp\wt\t6b5416396\m\src\handles.zig:730:69: 0x7ff78ca33632 in expectation (test_zcu.obj)
                   if (!slot.live or slot.generation != handle.generation) return error.StaleHandle;
                                                                           ^
       C:\Users\requi\.omp\wt\t6b5416396\m\src\handles.zig:730:69: 0x7ff78ca33632 in expectation (test_zcu.obj)
                   if (!slot.live or slot.generation != handle.generation) return error.StaleHandle;
                                                                           ^
       C:\Users\requi\.omp\wt\t6b5416396\m\src\handles.zig:728:70: 0x7ff78ca335bd in expectation (test_zcu.obj)
                   if (handle.generation == 0 or handle.index >= model.len) return error.InvalidHandle;
                                                                            ^
       C:\Users\requi\.omp\wt\t6b5416396\m\src\handles.zig:730:69: 0x7ff78ca33632 in expectation (test_zcu.obj)
                   if (!slot.live or slot.generation != handle.generation) return error.StaleHandle;
                                                                           ^
       C:\Users\requi\.omp\wt\t6b5416396\m\src\handles.zig:730:69: 0x7ff78ca358b2 in expectation (test_zcu.obj)
                   if (!slot.live or slot.generation != handle.generation) return error.StaleHandle;
                                                                           ^
       C:\Users\requi\.omp\wt\t6b5416396\m\src\handles.zig:730:69: 0x7ff78ca33632 in expectation (test_zcu.obj)
                   if (!slot.live or slot.generation != handle.generation) return error.StaleHandle;
                                                                           ^
       C:\Users\requi\.omp\wt\t6b5416396\m\src\handles.zig:730:69: 0x7ff78ca33632 in expectation (test_zcu.obj)
                   if (!slot.live or slot.generation != handle.generation) return error.StaleHandle;
                                                                           ^
       C:\Users\requi\.omp\wt\t6b5416396\m\src\handles.zig:730:69: 0x7ff78ca33632 in expectation (test_zcu.obj)
                   if (!slot.live or slot.generation != handle.generation) return error.StaleHandle;
                                                                           ^
       C:\Users\requi\.omp\wt\t6b5416396\m\src\handles.zig:730:69: 0x7ff78ca33632 in expectation (test_zcu.obj)
                   if (!slot.live or slot.generation != handle.generation) return error.StaleHandle;
                                                                           ^
       C:\Users\requi\.omp\wt\t6b5416396\m\src\handles.zig:730:69: 0x7ff78ca33632 in expectation (test_zcu.obj)
                   if (!slot.live or slot.generation != handle.generation) return error.StaleHandle;
                                                                           ^
       C:\Users\requi\.omp\wt\t6b5416396\m\src\handles.zig:730:69: 0x7ff78ca33632 in expectation (test_zcu.obj)
                   if (!slot.live or slot.generation != handle.generation) return error.StaleHandle;
                                                                           ^
       C:\Users\requi\.omp\wt\t6b5416396\m\src\handles.zig:730:69: 0x7ff78ca33632 in expectation (test_zcu.obj)
                   if (!slot.live or slot.generation != handle.generation) return error.StaleHandle;
                                                                           ^
       C:\Users\requi\.omp\wt\t6b5416396\m\src\handles.zig:728:70: 0x7ff78ca335bd in expectation (test_zcu.obj)
                   if (handle.generation == 0 or handle.index >= model.len) return error.InvalidHandle;
                                                                            ^
       C:\Users\requi\.omp\wt\t6b5416396\m\src\handles.zig:730:69: 0x7ff78ca358b2 in expectation (test_zcu.obj)
                   if (!slot.live or slot.generation != handle.generation) return error.StaleHandle;
                                                                           ^
       C:\Users\requi\.omp\wt\t6b5416396\m\src\handles.zig:730:69: 0x7ff78ca358b2 in expectation (test_zcu.obj)
                   if (!slot.live or slot.generation != handle.generation) return error.StaleHandle;
                                                                           ^
       C:\Users\requi\.omp\wt\t6b5416396\m\src\handles.zig:727:46: 0x7ff78ca33565 in expectation (test_zcu.obj)
                   if (handle.owner != model.owner) return error.WrongOwner;
                                                    ^
       C:\Users\requi\.omp\wt\t6b5416396\m\src\handles.zig:730:69: 0x7ff78ca33632 in expectation (test_zcu.obj)
                   if (!slot.live or slot.generation != handle.generation) return error.StaleHandle;
                                                                           ^
       C:\Users\requi\.omp\wt\t6b5416396\m\src\handles.zig:730:69: 0x7ff78ca33632 in expectation (test_zcu.obj)
                   if (!slot.live or slot.generation != handle.generation) return error.StaleHandle;
                                                                           ^
       C:\src\fairpane\.tools\zig\0.18.0-dev.120+9fe22a29b\x86_64-windows\lib\std\testing.zig:634:9: 0x7ff78c82ab0b in expectError__func_882 (test_zcu.obj)
               return error.TestExpectedError;
               ^
       C:\Users\requi\.omp\wt\t6b5416396\m\src\web_string.zig:417:9: 0x7ff78c83530d in test.5: fromUtf8 rejects ill-formed input (test_zcu.obj)
               try testing.expectError(error.InvalidUtf8, WebString.fromUtf8(testing.allocator, bytes));
               ^
       [SafeAllocator] (err): leaked [addr: 1950010, len: 2 (0x2) align: 2] allocated at: 
       C:\Users\requi\.omp\wt\t6b5416396\m\src\web_string.zig:161:36: 0x7ff78c826dff in decodeUtf8 (test_zcu.obj)
               const units = try gpa.alloc(u16, len);
                                          ^
       C:\Users\requi\.omp\wt\t6b5416396\m\src\web_string.zig:75:26: 0x7ff78c826c48 in fromUtf8 (test_zcu.obj)
               return decodeUtf8(gpa, bytes, len);
                                ^
       C:\Users\requi\.omp\wt\t6b5416396\m\src\web_string.zig:417:70: 0x7ff78c8352a6 in test.5: fromUtf8 rejects ill-formed input (test_zcu.obj)
               try testing.expectError(error.InvalidUtf8, WebString.fromUtf8(testing.allocator, bytes));
                                                                            ^
       C:\src\fairpane\.tools\zig\0.18.0-dev.120+9fe22a29b\x86_64-windows\lib\compiler\test_runner.zig:143:68: 0x7ff78c7fb26d in mainServer (test_zcu.obj)
                       const status: TestResults.Status = if (test_fn.func()) |v| s: {
                                                                          ^
       C:\src\fairpane\.tools\zig\0.18.0-dev.120+9fe22a29b\x86_64-windows\lib\compiler\test_runner.zig:72:26: 0x7ff78c7fb89b in main (test_zcu.obj)
               return mainServer(init) catch |err| panic("internal test runner failure: {t}", .{err});
                                ^
       C:\src\fairpane\.tools\zig\0.18.0-dev.120+9fe22a29b\x86_64-windows\lib\std\start.zig:795: 0x7ff78c7f980d in callMain (test_zcu.obj)
           if (fn_info.param_types[0].? == std.process.Init.Minimal) return wrapMain(root.main(.{
       
       C:\src\fairpane\.tools\zig\0.18.0-dev.120+9fe22a29b\x86_64-windows\lib\std\start.zig:576:17: 0x7ff78c7f980d in WinStartup (test_zcu.obj)
               callMain(std.os.windows.peb().ProcessParameters.CommandLine.slice(), .global),
                       ^
       ???:?:?: 0x7ff862a1cd86 in ??? (KERNEL32.DLL)
       (additional stack frames may have been skipped...)
error: 'web_string.test.7: fromUtf8Lossy substitutes maximal subparts' failed:
       slices differ. first difference occurs at index 0 (0x0)
       
       ============ expected this output: =============  len: 3 (0x3)
       
       [0]: 65533
       [1]: 65533
       [2]: 65533
       
       ============= instead found this: ==============  len: 1 (0x1)
       
       [0]: 55296
       
       ================================================
       
       C:\src\fairpane\.tools\zig\0.18.0-dev.120+9fe22a29b\x86_64-windows\lib\std\testing.zig:346:5: 0x7ff78c82935c in expectEqualSlices__func_868 (test_zcu.obj)
           return error.TestExpectedEqual;
           ^
       C:\Users\requi\.omp\wt\t6b5416396\m\src\web_string.zig:322:5: 0x7ff78c829430 in expectUnits (test_zcu.obj)
           try testing.expectEqualSlices(u16, expected, string.view().units);
           ^
       C:\Users\requi\.omp\wt\t6b5416396\m\src\web_string.zig:328:5: 0x7ff78c82957d in expectLossyUnits (test_zcu.obj)
           try expectUnits(expected, string);
           ^
       C:\Users\requi\.omp\wt\t6b5416396\m\src\web_string.zig:429:5: 0x7ff78c8350ca in test.7: fromUtf8Lossy substitutes maximal subparts (test_zcu.obj)
           try expectLossyUnits("\xED\xA0\x80", &.{ 0xFFFD, 0xFFFD, 0xFFFD });
           ^
error: 'web_string.test.FP-0123 case 14: fromUtf8 and fromUtf8Lossy keep a leading U+FEFF, and offsets reject an encoded surrogate' failed:
       expected error.InvalidUtf8, found @fromBackingInt(0)
       C:\src\fairpane\.tools\zig\0.18.0-dev.120+9fe22a29b\x86_64-windows\lib\std\testing.zig:634:9: 0x7ff78c8295fe in expectError__func_872 (test_zcu.obj)
               return error.TestExpectedError;
               ^
       C:\Users\requi\.omp\wt\t6b5416396\m\src\web_string.zig:585:5: 0x7ff78c8298a5 in test.FP-0123 case 14: fromUtf8 and fromUtf8Lossy keep a leading U+FEFF, and offsets reject an encoded surrogate (test_zcu.obj)
           try testing.expectError(error.InvalidUtf8, codeUnitIndexForUtf8Offset("\xED\xA0\x80", byteOffset(0)));
           ^
error: 'encoding.tests.test.FP-0123 case 5: the UTF-8 decoder in replacement mode' failed:
       FP-0082 case 10: measured stack use 21120 bytes for 1022 terms and 20992 bytes for 1021 parentheses
       slices differ. first difference occurs at index 0 (0x0)
       
       ============ expected this output: =============  len: 3 (0x3)
       
       [0]: 65533
       [1]: 65533
       [2]: 65533
       
       ============= instead found this: ==============  len: 1 (0x1)
       
       [0]: 55296
       
       ================================================
       
       row A20: one call
       slices differ. first difference occurs at index 0 (0x0)
       
       ============ expected this output: =============  len: 3 (0x3)
       
       [0]: 65533
       [1]: 65533
       [2]: 65533
       
       ============= instead found this: ==============  len: 1 (0x1)
       
       [0]: 57343
       
       ================================================
       
       row A21: one call
       C:\Users\requi\.omp\wt\t6b5416396\m\src\encoding\tests.zig:392:22: 0x7ff78cb78201 in expectRows (test_zcu.obj)
           if (failed != 0) return error.TestUnexpectedResult;
                            ^
       C:\Users\requi\.omp\wt\t6b5416396\m\src\encoding\tests.zig:396:5: 0x7ff78cb7b9b2 in test.FP-0123 case 5: the UTF-8 decoder in replacement mode (test_zcu.obj)
           try expectRows(&case_5_rows);
           ^
error: 'encoding.tests.test.FP-0123 case 12: every partition of each row into chunks, and a 2-unit output buffer, give the one-call result' failed:
       slices differ. first difference occurs at index 0 (0x0)
       
       ============ expected this output: =============  len: 3 (0x3)
       
       [0]: 65533
       [1]: 65533
       [2]: 65533
       
       ============= instead found this: ==============  len: 1 (0x1)
       
       [0]: 55296
       
       ================================================
       
       row A20: partition mask 0, trailing empty call false
       slices differ. first difference occurs at index 0 (0x0)
       
       ============ expected this output: =============  len: 3 (0x3)
       
       [0]: 65533
       [1]: 65533
       [2]: 65533
       
       ============= instead found this: ==============  len: 1 (0x1)
       
       [0]: 57343
       
       ================================================
       
       row A21: partition mask 0, trailing empty call false
       C:\src\fairpane\.tools\zig\0.18.0-dev.120+9fe22a29b\x86_64-windows\lib\std\testing.zig:584:14: 0x7ff78c83410f in expect (test_zcu.obj)
           if (!ok) return error.TestUnexpectedResult;
                    ^
       C:\Users\requi\.omp\wt\t6b5416396\m\src\encoding\tests.zig:636:5: 0x7ff78cb6fe60 in test.FP-0123 case 12: every partition of each row into chunks, and a 2-unit output buffer, give the one-call result (test_zcu.obj)
           try testing.expect(passed);
           ^
failed command: cd . && ".\\out\\fp0123-mutation\\o\\51011483711df9f6592cd1ee2f7aeb53\\test.exe" "--cache-dir=.\\out\\fp0123-mutation" --seed=0xa667efd6 --listen=-

Build Summary: 99/101 steps succeeded (1 failed); 339/344 tests passed (5 failed)
test transitive failure
+- run test 294 pass, 5 fail (299 total); 1 leaks
|  +- compile test debug native success 11s MaxRSS:928M
+- run test 45 pass (45 total) 321ms MaxRSS:16M
|  +- compile test debug native success 4s MaxRSS:416M
+- FP-0007 case 13: case 2 passes with exit status 0 success 64ms
|  +- install fairpane-lab success
|     +- compile exe fairpane-lab debug native success 3s MaxRSS:365M
+- FP-0007 case 13: case 3 fails with exit status 1 success 73ms
|  +- install fairpane-lab (+1 more reused dependencies)
+- FP-0007 case 13: case 4 is unsupported with exit status 2 success 72ms
|  +- install fairpane-lab (+1 more reused dependencies)
+- FP-0007 case 13: case 1 is a harness error with exit status 3 success 66ms
|  +- install fairpane-lab (+1 more reused dependencies)
+- FP-0007 case 13: case 8 times out with exit status 4 success 75ms
|  +- install fairpane-lab (+1 more reused dependencies)
+- FP-0007 case 13: an unknown command exits with status 64 and writes no result success 64ms
|  +- install fairpane-lab (+1 more reused dependencies)
+- FP-0008 case 26: case 18 passes with exit status 0 success 67ms
|  +- install fairpane-lab (+1 more reused dependencies)
+- FP-0008 case 26: the token_count variant of case 19 fails with exit status 1 success 63ms
|  +- install fairpane-lab (+1 more reused dependencies)
+- FP-0008 case 26: the <p> case of case 21 is unsupported with exit status 2 success 69ms
|  +- install fairpane-lab (+1 more reused dependencies)
+- FP-0123 case 15 Lab-7: the UTF-16BE tokenize case of Lab-3 passes with exit status 0 success 71ms
|  +- install fairpane-lab (+1 more reused dependencies)
+- FP-0007 case 14: minimize reduces a failing fetch case with a 4096-byte body success 108ms
|  +- install fairpane-lab (+1 more reused dependencies)
+- FP-0007 case 14: the minimized case fails the same check success 8ms
|  +- install fairpane-lab (+1 more reused dependencies)
|  +- FP-0007 case 14: minimize reduces a failing fetch case with a 4096-byte body (+1 more reused dependencies)
+- FP-0007 case 14: the minimized document body is 1-minimal success 13ms
|  +- compile exe fairpane-lab-check debug native success 3s MaxRSS:357M
|  +- FP-0007 case 14: minimize reduces a failing fetch case with a 4096-byte body (+1 more reused dependencies)
+- FP-0007 case 14: minimize refuses a passing case success 77ms
|  +- install fairpane-lab (+1 more reused dependencies)
+- FP-0007 case 14: a refused minimization writes nothing success 8ms
|  +- compile exe fairpane-lab-check debug native (reused)
|  +- FP-0007 case 14: minimize refuses a passing case (+1 more reused dependencies)
+- FP-0054 case 5: minimize refuses an --out path that names the input file through another spelling success 63ms
|  +- install fairpane-lab (+1 more reused dependencies)
|  +- FP-0054 case 5: create a fresh directory success 77ms
|  |  +- compile exe fairpane-lab-check debug native (reused)
|  +- FP-0054 case 5: create a fresh directory (+1 more reused dependencies)
+- FP-0054 case 5: the refused minimization leaves the input unchanged success 28ms
|  +- compile exe fairpane-lab-check debug native (reused)
|  +- FP-0054 case 5: create a fresh directory (+1 more reused dependencies)
|  +- FP-0054 case 5: minimize refuses an --out path that names the input file through another spelling (+3 more reused dependencies)
+- FP-0054 revision 1 case 1: minimize refuses an --out path that is a hard link to the input file success 71ms
|  +- install fairpane-lab (+1 more reused dependencies)
|  +- FP-0054 revision 1 case 1: create a fresh directory success 73ms
|     +- compile exe fairpane-lab-check debug native (reused)
+- FP-0054 revision 1 case 1: the refused command leaves the input unchanged success 25ms
|  +- compile exe fairpane-lab-check debug native (reused)
|  +- FP-0054 revision 1 case 1: create a fresh directory (+1 more reused dependencies)
|  +- FP-0054 revision 1 case 1: minimize refuses an --out path that is a hard link to the input file (+2 more reused dependencies)
+- FP-0054 revision 1 case 2: run refuses a --transcript path that is a hard link to the input file success 69ms
|  +- install fairpane-lab (+1 more reused dependencies)
|  +- FP-0054 revision 1 case 2: create a fresh directory success 79ms
|     +- compile exe fairpane-lab-check debug native (reused)
+- FP-0054 revision 1 case 2: the refused command leaves the input unchanged success 26ms
|  +- compile exe fairpane-lab-check debug native (reused)
|  +- FP-0054 revision 1 case 2: create a fresh directory (+1 more reused dependencies)
|  +- FP-0054 revision 1 case 2: run refuses a --transcript path that is a hard link to the input file (+2 more reused dependencies)
+- FP-0054 revision 1 case 3: minimize refuses an --out path that names the input file in other letter case success 66ms
|  +- install fairpane-lab (+1 more reused dependencies)
|  +- FP-0054 revision 1 case 3: create a fresh directory success 76ms
|     +- compile exe fairpane-lab-check debug native (reused)
+- FP-0054 revision 1 case 3: the refused command leaves the input unchanged success 26ms
|  +- compile exe fairpane-lab-check debug native (reused)
|  +- FP-0054 revision 1 case 3: create a fresh directory (+1 more reused dependencies)
|  +- FP-0054 revision 1 case 3: minimize refuses an --out path that names the input file in other letter case (+2 more reused dependencies)
+- FP-0054 revision 1 case 4: minimize writes over a separate byte-identical copy of the input file success 63ms
|  +- install fairpane-lab (+1 more reused dependencies)
|  +- FP-0054 revision 1 case 4: create a fresh directory success 68ms
|     +- compile exe fairpane-lab-check debug native (reused)
+- FP-0054 revision 1 case 4: the written case is a version 2 case derived from the input digest success 29ms
|  +- compile exe fairpane-lab-check debug native (reused)
|  +- FP-0054 revision 1 case 4: create a fresh directory (+1 more reused dependencies)
|  +- FP-0054 revision 1 case 4: minimize writes over a separate byte-identical copy of the input file (+2 more reused dependencies)
+- FP-0054 revision 1 case 5: run, minimize, and replay report files one byte above the size limit success 108ms
|  +- compile exe fairpane-lab-check debug native (reused)
|  +- FP-0054 revision 1 case 5: create a fresh directory success 69ms
|  |  +- compile exe fairpane-lab-check debug native (reused)
|  +- install fairpane-lab (+1 more reused dependencies)
+- FP-0076 case 3: minimize writes over an existing out.json whose ACL denies read-data access to Everyone success 71ms
|  +- install fairpane-lab (+1 more reused dependencies)
|  +- FP-0076 case 3: create a fresh directory success 76ms
|     +- compile exe fairpane-lab-check debug native (reused)
+- FP-0076 case 3: out.json is a version 2 case derived from the input digest success 7ms
|  +- compile exe fairpane-lab-check debug native (reused)
|  +- FP-0076 case 3: create a fresh directory (+1 more reused dependencies)
|  +- FP-0076 case 3: restore read access to out.json success 28ms
|     +- compile exe fairpane-lab-check debug native (reused)
|     +- FP-0076 case 3: create a fresh directory (+1 more reused dependencies)
|     +- FP-0076 case 3: minimize writes over an existing out.json whose ACL denies read-data access to Everyone (+2 more reused dependencies)
+- FP-0076 case 4: minimize reports the output path out|.json, which cannot be identified success 67ms
|  +- install fairpane-lab (+1 more reused dependencies)
|  +- FP-0076 case 4: create a fresh directory success 67ms
|     +- compile exe fairpane-lab-check debug native (reused)
+- FP-0076 case 4: the directory gains no file success 26ms
|  +- compile exe fairpane-lab-check debug native (reused)
|  +- FP-0076 case 4: create a fresh directory (+1 more reused dependencies)
|  +- FP-0076 case 4: minimize reports the output path out|.json, which cannot be identified (+2 more reused dependencies)
+- FP-0076 case 7: the revision 1 case 5 helper reports failing checks and removes both oversized files success 92ms
|  +- compile exe fairpane-lab-check debug native (reused)
|  +- FP-0076 case 7: create a fresh directory success 68ms
|  |  +- compile exe fairpane-lab-check debug native (reused)
|  +- compile exe fairpane-lab-check debug native (reused)
+- FP-0076 case 7: no file remains after the failing run success 40ms
|  +- compile exe fairpane-lab-check debug native (reused)
|  +- FP-0076 case 7: create a fresh directory (+1 more reused dependencies)
|  +- FP-0076 case 7: the revision 1 case 5 helper reports failing checks and removes both oversized files (+3 more reused dependencies)
+- FP-0011 case 4: leaf_invokes_to_number.zig success 559ms
+- FP-0011 case 4: leaf_invokes_number_to_string.zig success 563ms
+- FP-0011 case 4: allocation_invokes_call.zig success 473ms
+- FP-0011 case 4: leaf_allocates.zig success 528ms
+- FP-0011 case 4: mutation_throws.zig success 517ms
+- FP-0011 case 4: leaf_calls_behavior.zig success 590ms
+- FP-0011 case 4: leaf_positive.zig success 619ms
+- FP-0011 case 5: catalog_callback_alone.zig success 507ms
+- FP-0011 case 5: catalog_exception_alone.zig success 539ms
+- FP-0011 case 5: catalog_duplicate_id.zig success 572ms
+- FP-0011 case 5: kernel_wider_context.zig success 572ms
+- FP-0011 case 5: kernel_undeclared_throw.zig success 533ms
+- FP-0011 case 8: layout_undescribed_field.zig success 576ms
+- FP-0011 case 8: layout_plain_reference.zig success 512ms
+- FP-0011 case 8: layout_missing_field.zig success 517ms
+- FP-0011 case 20: abi_reference_value.zig success 540ms
+- FP-0011 case 20: abi_nan_box_value.zig success 491ms
+- FP-0011 case 20: abi_tagged_index_value.zig success 513ms
+- FP-0011 case 34: leaf_reaches_heap.zig success 492ms
+- FP-0011 case 35: leaf_widens_context.zig success 595ms
+- FP-0011 case 36: binding_missing_kernel.zig success 412ms
+- FP-0011 case 36: binding_stray_kernel.zig success 549ms
+- library-test success
|  +- run test cached
|  |  +- compile test debug native cached 167ms MaxRSS:21M
|  +- FP-0066 case 1: ReleaseSafe libraries built in two directories are byte-identical success 29ms
|  |  +- compile exe fairpane-library-check debug native cached 143ms MaxRSS:21M
|  |  +- archive fairpane.lib safe success 18ms
|  |  |  +- compile obj fairpane_zcu safe native success 3s MaxRSS:171M
|  |  |     +- WriteFile fp0066-tree-a/src success
|  |  +- archive fairpane.lib safe success 18ms
|  |     +- compile obj fairpane_zcu safe native success 4s MaxRSS:174M
|  |        +- WriteFile fp0066-tree-a/src (reused)
|  +- FP-0066 case 2: the ReleaseSafe library contains neither its build directory nor the compiler installation directory success 38ms
|  |  +- compile exe fairpane-library-check debug native (reused)
|  |  +- archive fairpane.lib safe (+1 more reused dependencies)
|  |  +- WriteFile fp0066-tree-a/src (reused)
|  +- FP-0066 case 4: the Debug library keeps debug information that names the absolute source directory success 31ms
|  |  +- compile exe fairpane-library-check debug native (reused)
|  |  +- archive fairpane.lib debug success 21ms
|  |     +- compile obj fairpane_zcu debug native success 2s MaxRSS:269M
|  +- FP-0066 case 5: the ReleaseSafe library's only member is the object, named without a directory success 7ms
|  |  +- compile exe fairpane-library-check debug native (reused)
|  |  +- archive fairpane.lib safe (+1 more reused dependencies)
|  +- FP-0066: every member header of the ReleaseSafe library has a zero time stamp, owner, and group success 9ms
|     +- compile exe fairpane-library-check debug native (reused)
|     +- archive fairpane.lib safe (+1 more reused dependencies)
+- FP-0082 case 16: valid.js exits with status 0 and prints the T9 dump success 39ms
|  +- install fairpane-js-parse success
|     +- compile exe fairpane-js-parse debug native success 3s MaxRSS:346M
|        +- WriteFile src success
+- FP-0082 case 16: syntax.js exits with status 1 and prints its syntax error success 43ms
|  +- install fairpane-js-parse (+1 more reused dependencies)
+- FP-0082 case 16: unsupported.js exits with status 2 and prints its unsupported outcome success 41ms
|  +- install fairpane-js-parse (+1 more reused dependencies)
+- FP-0082 case 16: invalid-utf8.js exits with status 3 success 38ms
|  +- install fairpane-js-parse (+1 more reused dependencies)
+- FP-0082 case 16: a missing path exits with status 3 success 42ms
|  +- install fairpane-js-parse (+1 more reused dependencies)
+- FP-0082 case 16: no arguments exits with status 3 and writes the usage success 36ms
|  +- install fairpane-js-parse (+1 more reused dependencies)
+- FP-0082 case 17: the census of the sound fixture exits with status 0 success 46ms
|  +- install fairpane-js-parse (+1 more reused dependencies)
+- FP-0082 case 17: the census of the unsound fixture exits with status 1 success 44ms
|  +- install fairpane-js-parse (+1 more reused dependencies)
+- FP-0082 case 17: the census refuses an existing output file and exits with status 3 success 43ms
   +- install fairpane-js-parse (+1 more reused dependencies)
   +- WriteFile existing.jsonl cached

error: the following build command exited with code 1:
C:\src\fairpane\.zig-cache\global\o\253f29e51d3f235ff7bb0cfb57b92bf7\maker.exe build --zig-lib=C:\src\fairpane\.tools\zig\0.18.0-dev.120+9fe22a29b\x86_64-windows\lib --zig=C:\src\fairpane\.tools\zig\0.18.0-dev.120+9fe22a29b\x86_64-windows\zig.exe --global-cache=C:\src\fairpane\.zig-cache\global --seed=0xa667efd6 test --summary all --cache-dir out/fp0123-mutation
RESULT {"executable":"C:\\src\\fairpane\\.tools\\zig\\0.18.0-dev.120+9fe22a29b\\x86_64-windows\\zig.exe","arguments":["build","test","--summary","all","--cache-dir","out/fp0123-mutation"],"cwd":"C:\\Users\\requi\\.omp\\wt\\t6b5416396\\m","started_at":"2026-10-09T18:24:34.164Z","exit_code":1,"signal":null,"timed_out":false,"error":null,"duration_ms":39325,"environment_overrides":{"ZIG_GLOBAL_CACHE_DIR":"C:\\src\\fairpane\\.zig-cache\\global"}}

COMMAND ["C:\\Program Files\\Git\\cmd\\git.exe","apply","-R","engineering/evidence/FP-0123/raw/mutation-M2.diff"]
RESULT {"executable":"C:\\Program Files\\Git\\cmd\\git.exe","arguments":["apply","-R","engineering/evidence/FP-0123/raw/mutation-M2.diff"],"cwd":"C:\\Users\\requi\\.omp\\wt\\t6b5416396\\m","started_at":"2026-10-09T18:25:13.544Z","exit_code":0,"signal":null,"timed_out":false,"error":null,"duration_ms":20}

COMMAND ["C:\\Program Files\\Git\\cmd\\git.exe","hash-object","src/encoding/utf8.zig"]
886db77daa27590d612a699fcd73be694ffe0913
RESULT {"executable":"C:\\Program Files\\Git\\cmd\\git.exe","arguments":["hash-object","src/encoding/utf8.zig"],"cwd":"C:\\Users\\requi\\.omp\\wt\\t6b5416396\\m","started_at":"2026-10-09T18:25:13.618Z","exit_code":0,"signal":null,"timed_out":false,"error":null,"duration_ms":19}

COMMAND ["C:\\Program Files\\Git\\cmd\\git.exe","hash-object","src/encoding/utf16.zig"]
db8d313f8d0bf4de1e9b50896d15d0d5e34c2cc0
RESULT {"executable":"C:\\Program Files\\Git\\cmd\\git.exe","arguments":["hash-object","src/encoding/utf16.zig"],"cwd":"C:\\Users\\requi\\.omp\\wt\\t6b5416396\\m","started_at":"2026-10-09T18:25:13.714Z","exit_code":0,"signal":null,"timed_out":false,"error":null,"duration_ms":20}

COMMAND ["C:\\Program Files\\Git\\cmd\\git.exe","apply","engineering/evidence/FP-0123/raw/mutation-M3.diff"]
RESULT {"executable":"C:\\Program Files\\Git\\cmd\\git.exe","arguments":["apply","engineering/evidence/FP-0123/raw/mutation-M3.diff"],"cwd":"C:\\Users\\requi\\.omp\\wt\\t6b5416396\\m","started_at":"2026-10-09T18:25:13.784Z","exit_code":0,"signal":null,"timed_out":false,"error":null,"duration_ms":20}

COMMAND ["C:\\Program Files\\Git\\cmd\\git.exe","hash-object","src/encoding/utf16.zig"]
a9dff07dfeced3a812f7127bd5463a94c61be5f9
RESULT {"executable":"C:\\Program Files\\Git\\cmd\\git.exe","arguments":["hash-object","src/encoding/utf16.zig"],"cwd":"C:\\Users\\requi\\.omp\\wt\\t6b5416396\\m","started_at":"2026-10-09T18:25:13.860Z","exit_code":0,"signal":null,"timed_out":false,"error":null,"duration_ms":18}

COMMAND ["C:\\src\\fairpane\\.tools\\zig\\0.18.0-dev.120+9fe22a29b\\x86_64-windows\\zig.exe","build","test","--summary","all","--cache-dir","out/fp0123-mutation"]
test
+- FP-0082 case 16: a missing path exits with status 3 w
fairpane-js-parse: tests/js/parse/missing.js: FileNotFound
failed command: cd . && ".\\zig-out\\bin\\fairpane-js-parse.exe" file tests/js/parse/missing.js

test
+- FP-0082 case 16: invalid-utf8.js exits with status 3 w
fairpane-js-parse: .\tests\js\parse\invalid-utf8.js: InvalidUtf8
failed command: ".\\zig-out\\bin\\fairpane-js-parse.exe" file ".\\tests\\js\\parse\\invalid-utf8.js"

test
+- FP-0082 case 17: the census refuses an existing output file and exits with status 3 w
fairpane-js-parse: census: cannot create .\out\fp0123-mutation\o\0c925f44918d6f5adba948a0455992d0\existing.jsonl: PathAlreadyExists
failed command: ".\\zig-out\\bin\\fairpane-js-parse.exe" census ".\\tests\\js\\census\\sound" ".\\out\\fp0123-mutation\\o\\0c925f44918d6f5adba948a0455992d0\\existing.jsonl"

test
+- run test 297 pass, 2 fail (299 total)
error: 'encoding.tests.test.FP-0123 case 6: the UTF-16LE and UTF-16BE decoders in replacement mode' failed:
       FP-0082 case 10: measured stack use 21120 bytes for 1022 terms and 20992 bytes for 1021 parentheses
       slices differ. first difference occurs at index 1 (0x1)
       
       ============ expected this output: =============  len: 2 (0x2)
       
       [0]: 65533
       [1]: 65
       
       ============= instead found this: ==============  len: 1 (0x1)
       
       [0]: 65533
       
       ================================================
       
       row B7: one call
       slices differ. first difference occurs at index 1 (0x1)
       
       ============ expected this output: =============  len: 3 (0x3)
       
       [0]: 65533
       [1]: 55357
       [2]: 56489
       
       ============= instead found this: ==============  len: 2 (0x2)
       
       [0]: 65533
       [1]: 65533
       
       ================================================
       
       row B13: one call
       slices differ. first difference occurs at index 1 (0x1)
       
       ============ expected this output: =============  len: 2 (0x2)
       
       [0]: 65533
       [1]: 65
       
       ============= instead found this: ==============  len: 1 (0x1)
       
       [0]: 65533
       
       ================================================
       
       row C4: one call
       C:\Users\requi\.omp\wt\t6b5416396\m\src\handles.zig:727:46: 0x7ff65a6386e5 in expectation (test_zcu.obj)
                   if (handle.owner != model.owner) return error.WrongOwner;
                                                    ^
       C:\Users\requi\.omp\wt\t6b5416396\m\src\handles.zig:730:69: 0x7ff65a633652 in expectation (test_zcu.obj)
                   if (!slot.live or slot.generation != handle.generation) return error.StaleHandle;
                                                                           ^
       C:\Users\requi\.omp\wt\t6b5416396\m\src\handles.zig:730:69: 0x7ff65a633652 in expectation (test_zcu.obj)
                   if (!slot.live or slot.generation != handle.generation) return error.StaleHandle;
                                                                           ^
       C:\Users\requi\.omp\wt\t6b5416396\m\src\handles.zig:730:69: 0x7ff65a633652 in expectation (test_zcu.obj)
                   if (!slot.live or slot.generation != handle.generation) return error.StaleHandle;
                                                                           ^
       C:\Users\requi\.omp\wt\t6b5416396\m\src\handles.zig:728:70: 0x7ff65a6335dd in expectation (test_zcu.obj)
                   if (handle.generation == 0 or handle.index >= model.len) return error.InvalidHandle;
                                                                            ^
       C:\Users\requi\.omp\wt\t6b5416396\m\src\handles.zig:730:69: 0x7ff65a633652 in expectation (test_zcu.obj)
                   if (!slot.live or slot.generation != handle.generation) return error.StaleHandle;
                                                                           ^
       C:\Users\requi\.omp\wt\t6b5416396\m\src\handles.zig:730:69: 0x7ff65a6358d2 in expectation (test_zcu.obj)
                   if (!slot.live or slot.generation != handle.generation) return error.StaleHandle;
                                                                           ^
       C:\Users\requi\.omp\wt\t6b5416396\m\src\handles.zig:730:69: 0x7ff65a633652 in expectation (test_zcu.obj)
                   if (!slot.live or slot.generation != handle.generation) return error.StaleHandle;
                                                                           ^
       C:\Users\requi\.omp\wt\t6b5416396\m\src\handles.zig:730:69: 0x7ff65a633652 in expectation (test_zcu.obj)
                   if (!slot.live or slot.generation != handle.generation) return error.StaleHandle;
                                                                           ^
       C:\Users\requi\.omp\wt\t6b5416396\m\src\handles.zig:730:69: 0x7ff65a633652 in expectation (test_zcu.obj)
                   if (!slot.live or slot.generation != handle.generation) return error.StaleHandle;
                                                                           ^
       C:\Users\requi\.omp\wt\t6b5416396\m\src\handles.zig:730:69: 0x7ff65a633652 in expectation (test_zcu.obj)
                   if (!slot.live or slot.generation != handle.generation) return error.StaleHandle;
                                                                           ^
       C:\Users\requi\.omp\wt\t6b5416396\m\src\handles.zig:730:69: 0x7ff65a633652 in expectation (test_zcu.obj)
                   if (!slot.live or slot.generation != handle.generation) return error.StaleHandle;
                                                                           ^
       C:\Users\requi\.omp\wt\t6b5416396\m\src\handles.zig:730:69: 0x7ff65a633652 in expectation (test_zcu.obj)
                   if (!slot.live or slot.generation != handle.generation) return error.StaleHandle;
                                                                           ^
       C:\Users\requi\.omp\wt\t6b5416396\m\src\handles.zig:730:69: 0x7ff65a633652 in expectation (test_zcu.obj)
                   if (!slot.live or slot.generation != handle.generation) return error.StaleHandle;
                                                                           ^
       C:\Users\requi\.omp\wt\t6b5416396\m\src\handles.zig:728:70: 0x7ff65a6335dd in expectation (test_zcu.obj)
                   if (handle.generation == 0 or handle.index >= model.len) return error.InvalidHandle;
                                                                            ^
       C:\Users\requi\.omp\wt\t6b5416396\m\src\handles.zig:730:69: 0x7ff65a6358d2 in expectation (test_zcu.obj)
                   if (!slot.live or slot.generation != handle.generation) return error.StaleHandle;
                                                                           ^
       C:\Users\requi\.omp\wt\t6b5416396\m\src\handles.zig:730:69: 0x7ff65a6358d2 in expectation (test_zcu.obj)
                   if (!slot.live or slot.generation != handle.generation) return error.StaleHandle;
                                                                           ^
       C:\Users\requi\.omp\wt\t6b5416396\m\src\handles.zig:727:46: 0x7ff65a633585 in expectation (test_zcu.obj)
                   if (handle.owner != model.owner) return error.WrongOwner;
                                                    ^
       C:\Users\requi\.omp\wt\t6b5416396\m\src\handles.zig:730:69: 0x7ff65a633652 in expectation (test_zcu.obj)
                   if (!slot.live or slot.generation != handle.generation) return error.StaleHandle;
                                                                           ^
       C:\Users\requi\.omp\wt\t6b5416396\m\src\handles.zig:730:69: 0x7ff65a633652 in expectation (test_zcu.obj)
                   if (!slot.live or slot.generation != handle.generation) return error.StaleHandle;
                                                                           ^
       C:\Users\requi\.omp\wt\t6b5416396\m\src\encoding\tests.zig:392:22: 0x7ff65a7781c1 in expectRows (test_zcu.obj)
           if (failed != 0) return error.TestUnexpectedResult;
                            ^
       C:\Users\requi\.omp\wt\t6b5416396\m\src\encoding\tests.zig:400:5: 0x7ff65a77b912 in test.FP-0123 case 6: the UTF-16LE and UTF-16BE decoders in replacement mode (test_zcu.obj)
           try expectRows(&case_6_rows);
           ^
error: 'encoding.tests.test.FP-0123 case 12: every partition of each row into chunks, and a 2-unit output buffer, give the one-call result' failed:
       slices differ. first difference occurs at index 1 (0x1)
       
       ============ expected this output: =============  len: 2 (0x2)
       
       [0]: 65533
       [1]: 65
       
       ============= instead found this: ==============  len: 1 (0x1)
       
       [0]: 65533
       
       ================================================
       
       row B7: partition mask 0, trailing empty call false
       slices differ. first difference occurs at index 1 (0x1)
       
       ============ expected this output: =============  len: 3 (0x3)
       
       [0]: 65533
       [1]: 55357
       [2]: 56489
       
       ============= instead found this: ==============  len: 2 (0x2)
       
       [0]: 65533
       [1]: 65533
       
       ================================================
       
       row B13: partition mask 0, trailing empty call false
       slices differ. first difference occurs at index 1 (0x1)
       
       ============ expected this output: =============  len: 2 (0x2)
       
       [0]: 65533
       [1]: 65
       
       ============= instead found this: ==============  len: 1 (0x1)
       
       [0]: 65533
       
       ================================================
       
       row C4: partition mask 0, trailing empty call false
       C:\src\fairpane\.tools\zig\0.18.0-dev.120+9fe22a29b\x86_64-windows\lib\std\testing.zig:584:14: 0x7ff65a43412f in expect (test_zcu.obj)
           if (!ok) return error.TestUnexpectedResult;
                    ^
       C:\Users\requi\.omp\wt\t6b5416396\m\src\encoding\tests.zig:636:5: 0x7ff65a76fe20 in test.FP-0123 case 12: every partition of each row into chunks, and a 2-unit output buffer, give the one-call result (test_zcu.obj)
           try testing.expect(passed);
           ^
failed command: cd . && ".\\out\\fp0123-mutation\\o\\2a6fa8616224afe4d7c9f23d2ed4b65d\\test.exe" "--cache-dir=.\\out\\fp0123-mutation" --seed=0x2ce045ec --listen=-

Build Summary: 99/101 steps succeeded (1 failed); 342/344 tests passed (2 failed)
test transitive failure
+- run test 297 pass, 2 fail (299 total)
|  +- compile test debug native success 9s MaxRSS:931M
+- run test 45 pass (45 total) 306ms MaxRSS:16M
|  +- compile test debug native success 4s MaxRSS:416M
+- FP-0007 case 13: case 2 passes with exit status 0 success 45ms
|  +- install fairpane-lab success
|     +- compile exe fairpane-lab debug native success 3s MaxRSS:369M
+- FP-0007 case 13: case 3 fails with exit status 1 success 51ms
|  +- install fairpane-lab (+1 more reused dependencies)
+- FP-0007 case 13: case 4 is unsupported with exit status 2 success 50ms
|  +- install fairpane-lab (+1 more reused dependencies)
+- FP-0007 case 13: case 1 is a harness error with exit status 3 success 52ms
|  +- install fairpane-lab (+1 more reused dependencies)
+- FP-0007 case 13: case 8 times out with exit status 4 success 55ms
|  +- install fairpane-lab (+1 more reused dependencies)
+- FP-0007 case 13: an unknown command exits with status 64 and writes no result success 46ms
|  +- install fairpane-lab (+1 more reused dependencies)
+- FP-0008 case 26: case 18 passes with exit status 0 success 46ms
|  +- install fairpane-lab (+1 more reused dependencies)
+- FP-0008 case 26: the token_count variant of case 19 fails with exit status 1 success 45ms
|  +- install fairpane-lab (+1 more reused dependencies)
+- FP-0008 case 26: the <p> case of case 21 is unsupported with exit status 2 success 46ms
|  +- install fairpane-lab (+1 more reused dependencies)
+- FP-0123 case 15 Lab-7: the UTF-16BE tokenize case of Lab-3 passes with exit status 0 success 48ms
|  +- install fairpane-lab (+1 more reused dependencies)
+- FP-0007 case 14: minimize reduces a failing fetch case with a 4096-byte body success 83ms
|  +- install fairpane-lab (+1 more reused dependencies)
+- FP-0007 case 14: the minimized case fails the same check success 11ms
|  +- install fairpane-lab (+1 more reused dependencies)
|  +- FP-0007 case 14: minimize reduces a failing fetch case with a 4096-byte body (+1 more reused dependencies)
+- FP-0007 case 14: the minimized document body is 1-minimal success 14ms
|  +- compile exe fairpane-lab-check debug native success 3s MaxRSS:356M
|  +- FP-0007 case 14: minimize reduces a failing fetch case with a 4096-byte body (+1 more reused dependencies)
+- FP-0007 case 14: minimize refuses a passing case success 54ms
|  +- install fairpane-lab (+1 more reused dependencies)
+- FP-0007 case 14: a refused minimization writes nothing success 47ms
|  +- compile exe fairpane-lab-check debug native (reused)
|  +- FP-0007 case 14: minimize refuses a passing case (+1 more reused dependencies)
+- FP-0054 case 5: minimize refuses an --out path that names the input file through another spelling success 12ms
|  +- install fairpane-lab (+1 more reused dependencies)
|  +- FP-0054 case 5: create a fresh directory success 66ms
|  |  +- compile exe fairpane-lab-check debug native (reused)
|  +- FP-0054 case 5: create a fresh directory (+1 more reused dependencies)
+- FP-0054 case 5: the refused minimization leaves the input unchanged success 10ms
|  +- compile exe fairpane-lab-check debug native (reused)
|  +- FP-0054 case 5: create a fresh directory (+1 more reused dependencies)
|  +- FP-0054 case 5: minimize refuses an --out path that names the input file through another spelling (+3 more reused dependencies)
+- FP-0054 revision 1 case 1: minimize refuses an --out path that is a hard link to the input file success 13ms
|  +- install fairpane-lab (+1 more reused dependencies)
|  +- FP-0054 revision 1 case 1: create a fresh directory success 65ms
|     +- compile exe fairpane-lab-check debug native (reused)
+- FP-0054 revision 1 case 1: the refused command leaves the input unchanged success 9ms
|  +- compile exe fairpane-lab-check debug native (reused)
|  +- FP-0054 revision 1 case 1: create a fresh directory (+1 more reused dependencies)
|  +- FP-0054 revision 1 case 1: minimize refuses an --out path that is a hard link to the input file (+2 more reused dependencies)
+- FP-0054 revision 1 case 2: run refuses a --transcript path that is a hard link to the input file success 12ms
|  +- install fairpane-lab (+1 more reused dependencies)
|  +- FP-0054 revision 1 case 2: create a fresh directory success 71ms
|     +- compile exe fairpane-lab-check debug native (reused)
+- FP-0054 revision 1 case 2: the refused command leaves the input unchanged success 32ms
|  +- compile exe fairpane-lab-check debug native (reused)
|  +- FP-0054 revision 1 case 2: create a fresh directory (+1 more reused dependencies)
|  +- FP-0054 revision 1 case 2: run refuses a --transcript path that is a hard link to the input file (+2 more reused dependencies)
+- FP-0054 revision 1 case 3: minimize refuses an --out path that names the input file in other letter case success 10ms
|  +- install fairpane-lab (+1 more reused dependencies)
|  +- FP-0054 revision 1 case 3: create a fresh directory success 64ms
|     +- compile exe fairpane-lab-check debug native (reused)
+- FP-0054 revision 1 case 3: the refused command leaves the input unchanged success 12ms
|  +- compile exe fairpane-lab-check debug native (reused)
|  +- FP-0054 revision 1 case 3: create a fresh directory (+1 more reused dependencies)
|  +- FP-0054 revision 1 case 3: minimize refuses an --out path that names the input file in other letter case (+2 more reused dependencies)
+- FP-0054 revision 1 case 4: minimize writes over a separate byte-identical copy of the input file success 13ms
|  +- install fairpane-lab (+1 more reused dependencies)
|  +- FP-0054 revision 1 case 4: create a fresh directory success 67ms
|     +- compile exe fairpane-lab-check debug native (reused)
+- FP-0054 revision 1 case 4: the written case is a version 2 case derived from the input digest success 32ms
|  +- compile exe fairpane-lab-check debug native (reused)
|  +- FP-0054 revision 1 case 4: create a fresh directory (+1 more reused dependencies)
|  +- FP-0054 revision 1 case 4: minimize writes over a separate byte-identical copy of the input file (+2 more reused dependencies)
+- FP-0054 revision 1 case 5: run, minimize, and replay report files one byte above the size limit success 77ms
|  +- compile exe fairpane-lab-check debug native (reused)
|  +- FP-0054 revision 1 case 5: create a fresh directory success 68ms
|  |  +- compile exe fairpane-lab-check debug native (reused)
|  +- install fairpane-lab (+1 more reused dependencies)
+- FP-0076 case 3: minimize writes over an existing out.json whose ACL denies read-data access to Everyone success 11ms
|  +- install fairpane-lab (+1 more reused dependencies)
|  +- FP-0076 case 3: create a fresh directory success 74ms
|     +- compile exe fairpane-lab-check debug native (reused)
+- FP-0076 case 3: out.json is a version 2 case derived from the input digest success 6ms
|  +- compile exe fairpane-lab-check debug native (reused)
|  +- FP-0076 case 3: create a fresh directory (+1 more reused dependencies)
|  +- FP-0076 case 3: restore read access to out.json success 31ms
|     +- compile exe fairpane-lab-check debug native (reused)
|     +- FP-0076 case 3: create a fresh directory (+1 more reused dependencies)
|     +- FP-0076 case 3: minimize writes over an existing out.json whose ACL denies read-data access to Everyone (+2 more reused dependencies)
+- FP-0076 case 4: minimize reports the output path out|.json, which cannot be identified success 12ms
|  +- install fairpane-lab (+1 more reused dependencies)
|  +- FP-0076 case 4: create a fresh directory success 70ms
|     +- compile exe fairpane-lab-check debug native (reused)
+- FP-0076 case 4: the directory gains no file success 31ms
|  +- compile exe fairpane-lab-check debug native (reused)
|  +- FP-0076 case 4: create a fresh directory (+1 more reused dependencies)
|  +- FP-0076 case 4: minimize reports the output path out|.json, which cannot be identified (+2 more reused dependencies)
+- FP-0076 case 7: the revision 1 case 5 helper reports failing checks and removes both oversized files success 68ms
|  +- compile exe fairpane-lab-check debug native (reused)
|  +- FP-0076 case 7: create a fresh directory success 64ms
|  |  +- compile exe fairpane-lab-check debug native (reused)
|  +- compile exe fairpane-lab-check debug native (reused)
+- FP-0076 case 7: no file remains after the failing run success 6ms
|  +- compile exe fairpane-lab-check debug native (reused)
|  +- FP-0076 case 7: create a fresh directory (+1 more reused dependencies)
|  +- FP-0076 case 7: the revision 1 case 5 helper reports failing checks and removes both oversized files (+3 more reused dependencies)
+- FP-0011 case 4: leaf_invokes_to_number.zig success 567ms
+- FP-0011 case 4: leaf_invokes_number_to_string.zig success 541ms
+- FP-0011 case 4: allocation_invokes_call.zig success 547ms
+- FP-0011 case 4: leaf_allocates.zig success 537ms
+- FP-0011 case 4: mutation_throws.zig success 510ms
+- FP-0011 case 4: leaf_calls_behavior.zig success 509ms
+- FP-0011 case 4: leaf_positive.zig success 581ms
+- FP-0011 case 5: catalog_callback_alone.zig success 390ms
+- FP-0011 case 5: catalog_exception_alone.zig success 440ms
+- FP-0011 case 5: catalog_duplicate_id.zig success 518ms
+- FP-0011 case 5: kernel_wider_context.zig success 425ms
+- FP-0011 case 5: kernel_undeclared_throw.zig success 469ms
+- FP-0011 case 8: layout_undescribed_field.zig success 438ms
+- FP-0011 case 8: layout_plain_reference.zig success 418ms
+- FP-0011 case 8: layout_missing_field.zig success 412ms
+- FP-0011 case 20: abi_reference_value.zig success 477ms
+- FP-0011 case 20: abi_nan_box_value.zig success 450ms
+- FP-0011 case 20: abi_tagged_index_value.zig success 495ms
+- FP-0011 case 34: leaf_reaches_heap.zig success 486ms
+- FP-0011 case 35: leaf_widens_context.zig success 509ms
+- FP-0011 case 36: binding_missing_kernel.zig success 478ms
+- FP-0011 case 36: binding_stray_kernel.zig success 522ms
+- library-test success
|  +- run test cached
|  |  +- compile test debug native cached 55ms MaxRSS:19M
|  +- FP-0066 case 1: ReleaseSafe libraries built in two directories are byte-identical success 9ms
|  |  +- compile exe fairpane-library-check debug native cached 53ms MaxRSS:19M
|  |  +- archive fairpane.lib safe success 16ms
|  |  |  +- compile obj fairpane_zcu safe native success 3s MaxRSS:172M
|  |  |     +- WriteFile fp0066-tree-a/src success
|  |  +- archive fairpane.lib safe success 14ms
|  |     +- compile obj fairpane_zcu safe native success 3s MaxRSS:168M
|  |        +- WriteFile fp0066-tree-a/src (reused)
|  +- FP-0066 case 2: the ReleaseSafe library contains neither its build directory nor the compiler installation directory success 36ms
|  |  +- compile exe fairpane-library-check debug native (reused)
|  |  +- archive fairpane.lib safe (+1 more reused dependencies)
|  |  +- WriteFile fp0066-tree-a/src (reused)
|  +- FP-0066 case 4: the Debug library keeps debug information that names the absolute source directory success 37ms
|  |  +- compile exe fairpane-library-check debug native (reused)
|  |  +- archive fairpane.lib debug success 20ms
|  |     +- compile obj fairpane_zcu debug native success 2s MaxRSS:270M
|  +- FP-0066 case 5: the ReleaseSafe library's only member is the object, named without a directory success 6ms
|  |  +- compile exe fairpane-library-check debug native (reused)
|  |  +- archive fairpane.lib safe (+1 more reused dependencies)
|  +- FP-0066: every member header of the ReleaseSafe library has a zero time stamp, owner, and group success 8ms
|     +- compile exe fairpane-library-check debug native (reused)
|     +- archive fairpane.lib safe (+1 more reused dependencies)
+- FP-0082 case 16: valid.js exits with status 0 and prints the T9 dump success 37ms
|  +- install fairpane-js-parse success
|     +- compile exe fairpane-js-parse debug native success 3s MaxRSS:346M
|        +- WriteFile src success
+- FP-0082 case 16: syntax.js exits with status 1 and prints its syntax error success 42ms
|  +- install fairpane-js-parse (+1 more reused dependencies)
+- FP-0082 case 16: unsupported.js exits with status 2 and prints its unsupported outcome success 41ms
|  +- install fairpane-js-parse (+1 more reused dependencies)
+- FP-0082 case 16: invalid-utf8.js exits with status 3 success 36ms
|  +- install fairpane-js-parse (+1 more reused dependencies)
+- FP-0082 case 16: a missing path exits with status 3 success 41ms
|  +- install fairpane-js-parse (+1 more reused dependencies)
+- FP-0082 case 16: no arguments exits with status 3 and writes the usage success 38ms
|  +- install fairpane-js-parse (+1 more reused dependencies)
+- FP-0082 case 17: the census of the sound fixture exits with status 0 success 43ms
|  +- install fairpane-js-parse (+1 more reused dependencies)
+- FP-0082 case 17: the census of the unsound fixture exits with status 1 success 40ms
|  +- install fairpane-js-parse (+1 more reused dependencies)
+- FP-0082 case 17: the census refuses an existing output file and exits with status 3 success 37ms
   +- install fairpane-js-parse (+1 more reused dependencies)
   +- WriteFile existing.jsonl cached

error: the following build command exited with code 1:
C:\src\fairpane\.zig-cache\global\o\253f29e51d3f235ff7bb0cfb57b92bf7\maker.exe build --zig-lib=C:\src\fairpane\.tools\zig\0.18.0-dev.120+9fe22a29b\x86_64-windows\lib --zig=C:\src\fairpane\.tools\zig\0.18.0-dev.120+9fe22a29b\x86_64-windows\zig.exe --global-cache=C:\src\fairpane\.zig-cache\global --seed=0x2ce045ec test --summary all --cache-dir out/fp0123-mutation
RESULT {"executable":"C:\\src\\fairpane\\.tools\\zig\\0.18.0-dev.120+9fe22a29b\\x86_64-windows\\zig.exe","arguments":["build","test","--summary","all","--cache-dir","out/fp0123-mutation"],"cwd":"C:\\Users\\requi\\.omp\\wt\\t6b5416396\\m","started_at":"2026-10-09T18:25:13.928Z","exit_code":1,"signal":null,"timed_out":false,"error":null,"duration_ms":43429,"environment_overrides":{"ZIG_GLOBAL_CACHE_DIR":"C:\\src\\fairpane\\.zig-cache\\global"}}

COMMAND ["C:\\Program Files\\Git\\cmd\\git.exe","apply","-R","engineering/evidence/FP-0123/raw/mutation-M3.diff"]
RESULT {"executable":"C:\\Program Files\\Git\\cmd\\git.exe","arguments":["apply","-R","engineering/evidence/FP-0123/raw/mutation-M3.diff"],"cwd":"C:\\Users\\requi\\.omp\\wt\\t6b5416396\\m","started_at":"2026-10-09T18:25:57.412Z","exit_code":0,"signal":null,"timed_out":false,"error":null,"duration_ms":22}

COMMAND ["C:\\Program Files\\Git\\cmd\\git.exe","hash-object","src/encoding/utf16.zig"]
db8d313f8d0bf4de1e9b50896d15d0d5e34c2cc0
RESULT {"executable":"C:\\Program Files\\Git\\cmd\\git.exe","arguments":["hash-object","src/encoding/utf16.zig"],"cwd":"C:\\Users\\requi\\.omp\\wt\\t6b5416396\\m","started_at":"2026-10-09T18:25:57.491Z","exit_code":0,"signal":null,"timed_out":false,"error":null,"duration_ms":22}

COMMAND ["C:\\Program Files\\Git\\cmd\\git.exe","hash-object","src/encoding/utf16.zig"]
db8d313f8d0bf4de1e9b50896d15d0d5e34c2cc0
RESULT {"executable":"C:\\Program Files\\Git\\cmd\\git.exe","arguments":["hash-object","src/encoding/utf16.zig"],"cwd":"C:\\Users\\requi\\.omp\\wt\\t6b5416396\\m","started_at":"2026-10-09T18:25:57.569Z","exit_code":0,"signal":null,"timed_out":false,"error":null,"duration_ms":21}

COMMAND ["C:\\Program Files\\Git\\cmd\\git.exe","apply","engineering/evidence/FP-0123/raw/mutation-M4.diff"]
RESULT {"executable":"C:\\Program Files\\Git\\cmd\\git.exe","arguments":["apply","engineering/evidence/FP-0123/raw/mutation-M4.diff"],"cwd":"C:\\Users\\requi\\.omp\\wt\\t6b5416396\\m","started_at":"2026-10-09T18:25:57.652Z","exit_code":0,"signal":null,"timed_out":false,"error":null,"duration_ms":24}

COMMAND ["C:\\Program Files\\Git\\cmd\\git.exe","hash-object","src/encoding/utf16.zig"]
fc6ee249058ad9c7872518c887d7ca720cf80e30
RESULT {"executable":"C:\\Program Files\\Git\\cmd\\git.exe","arguments":["hash-object","src/encoding/utf16.zig"],"cwd":"C:\\Users\\requi\\.omp\\wt\\t6b5416396\\m","started_at":"2026-10-09T18:25:57.734Z","exit_code":0,"signal":null,"timed_out":false,"error":null,"duration_ms":20}

COMMAND ["C:\\src\\fairpane\\.tools\\zig\\0.18.0-dev.120+9fe22a29b\\x86_64-windows\\zig.exe","build","test","--summary","all","--cache-dir","out/fp0123-mutation"]
test
+- FP-0082 case 16: a missing path exits with status 3 w
fairpane-js-parse: tests/js/parse/missing.js: FileNotFound
failed command: cd . && ".\\zig-out\\bin\\fairpane-js-parse.exe" file tests/js/parse/missing.js

test
+- FP-0082 case 16: invalid-utf8.js exits with status 3 w
fairpane-js-parse: .\tests\js\parse\invalid-utf8.js: InvalidUtf8
failed command: ".\\zig-out\\bin\\fairpane-js-parse.exe" file ".\\tests\\js\\parse\\invalid-utf8.js"

test
+- FP-0082 case 17: the census refuses an existing output file and exits with status 3 w
fairpane-js-parse: census: cannot create .\out\fp0123-mutation\o\0c925f44918d6f5adba948a0455992d0\existing.jsonl: PathAlreadyExists
failed command: ".\\zig-out\\bin\\fairpane-js-parse.exe" census ".\\tests\\js\\census\\sound" ".\\out\\fp0123-mutation\\o\\0c925f44918d6f5adba948a0455992d0\\existing.jsonl"

test
+- run test 297 pass, 2 fail (299 total)
error: 'encoding.tests.test.FP-0123 case 6: the UTF-16LE and UTF-16BE decoders in replacement mode' failed:
       FP-0082 case 10: measured stack use 21120 bytes for 1022 terms and 20992 bytes for 1021 parentheses
       slices differ. first difference occurs at index 1 (0x1)
       
       ============ expected this output: =============  len: 1 (0x1)
       
       [0]: 65533
       
       ============= instead found this: ==============  len: 2 (0x2)
       
       [0]: 65533
       [1]: 65533
       
       ================================================
       
       row B12: one call
       slices differ. first difference occurs at index 1 (0x1)
       
       ============ expected this output: =============  len: 1 (0x1)
       
       [0]: 65533
       
       ============= instead found this: ==============  len: 2 (0x2)
       
       [0]: 65533
       [1]: 65533
       
       ================================================
       
       row C8: one call
       C:\Users\requi\.omp\wt\t6b5416396\m\src\handles.zig:727:46: 0x7ff62eba86e5 in expectation (test_zcu.obj)
                   if (handle.owner != model.owner) return error.WrongOwner;
                                                    ^
       C:\Users\requi\.omp\wt\t6b5416396\m\src\handles.zig:730:69: 0x7ff62eba3652 in expectation (test_zcu.obj)
                   if (!slot.live or slot.generation != handle.generation) return error.StaleHandle;
                                                                           ^
       C:\Users\requi\.omp\wt\t6b5416396\m\src\handles.zig:730:69: 0x7ff62eba3652 in expectation (test_zcu.obj)
                   if (!slot.live or slot.generation != handle.generation) return error.StaleHandle;
                                                                           ^
       C:\Users\requi\.omp\wt\t6b5416396\m\src\handles.zig:730:69: 0x7ff62eba3652 in expectation (test_zcu.obj)
                   if (!slot.live or slot.generation != handle.generation) return error.StaleHandle;
                                                                           ^
       C:\Users\requi\.omp\wt\t6b5416396\m\src\handles.zig:728:70: 0x7ff62eba35dd in expectation (test_zcu.obj)
                   if (handle.generation == 0 or handle.index >= model.len) return error.InvalidHandle;
                                                                            ^
       C:\Users\requi\.omp\wt\t6b5416396\m\src\handles.zig:730:69: 0x7ff62eba3652 in expectation (test_zcu.obj)
                   if (!slot.live or slot.generation != handle.generation) return error.StaleHandle;
                                                                           ^
       C:\Users\requi\.omp\wt\t6b5416396\m\src\handles.zig:730:69: 0x7ff62eba58d2 in expectation (test_zcu.obj)
                   if (!slot.live or slot.generation != handle.generation) return error.StaleHandle;
                                                                           ^
       C:\Users\requi\.omp\wt\t6b5416396\m\src\handles.zig:730:69: 0x7ff62eba3652 in expectation (test_zcu.obj)
                   if (!slot.live or slot.generation != handle.generation) return error.StaleHandle;
                                                                           ^
       C:\Users\requi\.omp\wt\t6b5416396\m\src\handles.zig:730:69: 0x7ff62eba3652 in expectation (test_zcu.obj)
                   if (!slot.live or slot.generation != handle.generation) return error.StaleHandle;
                                                                           ^
       C:\Users\requi\.omp\wt\t6b5416396\m\src\handles.zig:730:69: 0x7ff62eba3652 in expectation (test_zcu.obj)
                   if (!slot.live or slot.generation != handle.generation) return error.StaleHandle;
                                                                           ^
       C:\Users\requi\.omp\wt\t6b5416396\m\src\handles.zig:730:69: 0x7ff62eba3652 in expectation (test_zcu.obj)
                   if (!slot.live or slot.generation != handle.generation) return error.StaleHandle;
                                                                           ^
       C:\Users\requi\.omp\wt\t6b5416396\m\src\handles.zig:730:69: 0x7ff62eba3652 in expectation (test_zcu.obj)
                   if (!slot.live or slot.generation != handle.generation) return error.StaleHandle;
                                                                           ^
       C:\Users\requi\.omp\wt\t6b5416396\m\src\handles.zig:730:69: 0x7ff62eba3652 in expectation (test_zcu.obj)
                   if (!slot.live or slot.generation != handle.generation) return error.StaleHandle;
                                                                           ^
       C:\Users\requi\.omp\wt\t6b5416396\m\src\handles.zig:730:69: 0x7ff62eba3652 in expectation (test_zcu.obj)
                   if (!slot.live or slot.generation != handle.generation) return error.StaleHandle;
                                                                           ^
       C:\Users\requi\.omp\wt\t6b5416396\m\src\handles.zig:728:70: 0x7ff62eba35dd in expectation (test_zcu.obj)
                   if (handle.generation == 0 or handle.index >= model.len) return error.InvalidHandle;
                                                                            ^
       C:\Users\requi\.omp\wt\t6b5416396\m\src\handles.zig:730:69: 0x7ff62eba58d2 in expectation (test_zcu.obj)
                   if (!slot.live or slot.generation != handle.generation) return error.StaleHandle;
                                                                           ^
       C:\Users\requi\.omp\wt\t6b5416396\m\src\handles.zig:730:69: 0x7ff62eba58d2 in expectation (test_zcu.obj)
                   if (!slot.live or slot.generation != handle.generation) return error.StaleHandle;
                                                                           ^
       C:\Users\requi\.omp\wt\t6b5416396\m\src\handles.zig:727:46: 0x7ff62eba3585 in expectation (test_zcu.obj)
                   if (handle.owner != model.owner) return error.WrongOwner;
                                                    ^
       C:\Users\requi\.omp\wt\t6b5416396\m\src\handles.zig:730:69: 0x7ff62eba3652 in expectation (test_zcu.obj)
                   if (!slot.live or slot.generation != handle.generation) return error.StaleHandle;
                                                                           ^
       C:\Users\requi\.omp\wt\t6b5416396\m\src\handles.zig:730:69: 0x7ff62eba3652 in expectation (test_zcu.obj)
                   if (!slot.live or slot.generation != handle.generation) return error.StaleHandle;
                                                                           ^
       C:\Users\requi\.omp\wt\t6b5416396\m\src\encoding\tests.zig:392:22: 0x7ff62ece8231 in expectRows (test_zcu.obj)
           if (failed != 0) return error.TestUnexpectedResult;
                            ^
       C:\Users\requi\.omp\wt\t6b5416396\m\src\encoding\tests.zig:400:5: 0x7ff62eceb982 in test.FP-0123 case 6: the UTF-16LE and UTF-16BE decoders in replacement mode (test_zcu.obj)
           try expectRows(&case_6_rows);
           ^
error: 'encoding.tests.test.FP-0123 case 12: every partition of each row into chunks, and a 2-unit output buffer, give the one-call result' failed:
       slices differ. first difference occurs at index 1 (0x1)
       
       ============ expected this output: =============  len: 1 (0x1)
       
       [0]: 65533
       
       ============= instead found this: ==============  len: 2 (0x2)
       
       [0]: 65533
       [1]: 65533
       
       ================================================
       
       row B12: partition mask 0, trailing empty call false
       slices differ. first difference occurs at index 1 (0x1)
       
       ============ expected this output: =============  len: 1 (0x1)
       
       [0]: 65533
       
       ============= instead found this: ==============  len: 2 (0x2)
       
       [0]: 65533
       [1]: 65533
       
       ================================================
       
       row C8: partition mask 0, trailing empty call false
       C:\src\fairpane\.tools\zig\0.18.0-dev.120+9fe22a29b\x86_64-windows\lib\std\testing.zig:584:14: 0x7ff62e9a412f in expect (test_zcu.obj)
           if (!ok) return error.TestUnexpectedResult;
                    ^
       C:\Users\requi\.omp\wt\t6b5416396\m\src\encoding\tests.zig:636:5: 0x7ff62ecdfe90 in test.FP-0123 case 12: every partition of each row into chunks, and a 2-unit output buffer, give the one-call result (test_zcu.obj)
           try testing.expect(passed);
           ^
failed command: cd . && ".\\out\\fp0123-mutation\\o\\24637afa15cb69b16af14723db17655d\\test.exe" "--cache-dir=.\\out\\fp0123-mutation" --seed=0xd421ecb0 --listen=-

Build Summary: 99/101 steps succeeded (1 failed); 342/344 tests passed (2 failed)
test transitive failure
+- run test 297 pass, 2 fail (299 total)
|  +- compile test debug native success 10s MaxRSS:930M
+- run test 45 pass (45 total) 375ms MaxRSS:16M
|  +- compile test debug native success 4s MaxRSS:417M
+- FP-0007 case 13: case 2 passes with exit status 0 success 70ms
|  +- install fairpane-lab success
|     +- compile exe fairpane-lab debug native success 3s MaxRSS:368M
+- FP-0007 case 13: case 3 fails with exit status 1 success 72ms
|  +- install fairpane-lab (+1 more reused dependencies)
+- FP-0007 case 13: case 4 is unsupported with exit status 2 success 74ms
|  +- install fairpane-lab (+1 more reused dependencies)
+- FP-0007 case 13: case 1 is a harness error with exit status 3 success 66ms
|  +- install fairpane-lab (+1 more reused dependencies)
+- FP-0007 case 13: case 8 times out with exit status 4 success 69ms
|  +- install fairpane-lab (+1 more reused dependencies)
+- FP-0007 case 13: an unknown command exits with status 64 and writes no result success 68ms
|  +- install fairpane-lab (+1 more reused dependencies)
+- FP-0008 case 26: case 18 passes with exit status 0 success 62ms
|  +- install fairpane-lab (+1 more reused dependencies)
+- FP-0008 case 26: the token_count variant of case 19 fails with exit status 1 success 66ms
|  +- install fairpane-lab (+1 more reused dependencies)
+- FP-0008 case 26: the <p> case of case 21 is unsupported with exit status 2 success 75ms
|  +- install fairpane-lab (+1 more reused dependencies)
+- FP-0123 case 15 Lab-7: the UTF-16BE tokenize case of Lab-3 passes with exit status 0 success 62ms
|  +- install fairpane-lab (+1 more reused dependencies)
+- FP-0007 case 14: minimize reduces a failing fetch case with a 4096-byte body success 125ms
|  +- install fairpane-lab (+1 more reused dependencies)
+- FP-0007 case 14: the minimized case fails the same check success 9ms
|  +- install fairpane-lab (+1 more reused dependencies)
|  +- FP-0007 case 14: minimize reduces a failing fetch case with a 4096-byte body (+1 more reused dependencies)
+- FP-0007 case 14: the minimized document body is 1-minimal success 17ms
|  +- compile exe fairpane-lab-check debug native success 3s MaxRSS:356M
|  +- FP-0007 case 14: minimize reduces a failing fetch case with a 4096-byte body (+1 more reused dependencies)
+- FP-0007 case 14: minimize refuses a passing case success 72ms
|  +- install fairpane-lab (+1 more reused dependencies)
+- FP-0007 case 14: a refused minimization writes nothing success 40ms
|  +- compile exe fairpane-lab-check debug native (reused)
|  +- FP-0007 case 14: minimize refuses a passing case (+1 more reused dependencies)
+- FP-0054 case 5: minimize refuses an --out path that names the input file through another spelling success 59ms
|  +- install fairpane-lab (+1 more reused dependencies)
|  +- FP-0054 case 5: create a fresh directory success 88ms
|  |  +- compile exe fairpane-lab-check debug native (reused)
|  +- FP-0054 case 5: create a fresh directory (+1 more reused dependencies)
+- FP-0054 case 5: the refused minimization leaves the input unchanged success 62ms
|  +- compile exe fairpane-lab-check debug native (reused)
|  +- FP-0054 case 5: create a fresh directory (+1 more reused dependencies)
|  +- FP-0054 case 5: minimize refuses an --out path that names the input file through another spelling (+3 more reused dependencies)
+- FP-0054 revision 1 case 1: minimize refuses an --out path that is a hard link to the input file success 54ms
|  +- install fairpane-lab (+1 more reused dependencies)
|  +- FP-0054 revision 1 case 1: create a fresh directory success 87ms
|     +- compile exe fairpane-lab-check debug native (reused)
+- FP-0054 revision 1 case 1: the refused command leaves the input unchanged success 39ms
|  +- compile exe fairpane-lab-check debug native (reused)
|  +- FP-0054 revision 1 case 1: create a fresh directory (+1 more reused dependencies)
|  +- FP-0054 revision 1 case 1: minimize refuses an --out path that is a hard link to the input file (+2 more reused dependencies)
+- FP-0054 revision 1 case 2: run refuses a --transcript path that is a hard link to the input file success 68ms
|  +- install fairpane-lab (+1 more reused dependencies)
|  +- FP-0054 revision 1 case 2: create a fresh directory success 91ms
|     +- compile exe fairpane-lab-check debug native (reused)
+- FP-0054 revision 1 case 2: the refused command leaves the input unchanged success 58ms
|  +- compile exe fairpane-lab-check debug native (reused)
|  +- FP-0054 revision 1 case 2: create a fresh directory (+1 more reused dependencies)
|  +- FP-0054 revision 1 case 2: run refuses a --transcript path that is a hard link to the input file (+2 more reused dependencies)
+- FP-0054 revision 1 case 3: minimize refuses an --out path that names the input file in other letter case success 63ms
|  +- install fairpane-lab (+1 more reused dependencies)
|  +- FP-0054 revision 1 case 3: create a fresh directory success 87ms
|     +- compile exe fairpane-lab-check debug native (reused)
+- FP-0054 revision 1 case 3: the refused command leaves the input unchanged success 59ms
|  +- compile exe fairpane-lab-check debug native (reused)
|  +- FP-0054 revision 1 case 3: create a fresh directory (+1 more reused dependencies)
|  +- FP-0054 revision 1 case 3: minimize refuses an --out path that names the input file in other letter case (+2 more reused dependencies)
+- FP-0054 revision 1 case 4: minimize writes over a separate byte-identical copy of the input file success 67ms
|  +- install fairpane-lab (+1 more reused dependencies)
|  +- FP-0054 revision 1 case 4: create a fresh directory success 84ms
|     +- compile exe fairpane-lab-check debug native (reused)
+- FP-0054 revision 1 case 4: the written case is a version 2 case derived from the input digest success 58ms
|  +- compile exe fairpane-lab-check debug native (reused)
|  +- FP-0054 revision 1 case 4: create a fresh directory (+1 more reused dependencies)
|  +- FP-0054 revision 1 case 4: minimize writes over a separate byte-identical copy of the input file (+2 more reused dependencies)
+- FP-0054 revision 1 case 5: run, minimize, and replay report files one byte above the size limit success 132ms
|  +- compile exe fairpane-lab-check debug native (reused)
|  +- FP-0054 revision 1 case 5: create a fresh directory success 81ms
|  |  +- compile exe fairpane-lab-check debug native (reused)
|  +- install fairpane-lab (+1 more reused dependencies)
+- FP-0076 case 3: minimize writes over an existing out.json whose ACL denies read-data access to Everyone success 59ms
|  +- install fairpane-lab (+1 more reused dependencies)
|  +- FP-0076 case 3: create a fresh directory success 92ms
|     +- compile exe fairpane-lab-check debug native (reused)
+- FP-0076 case 3: out.json is a version 2 case derived from the input digest success 34ms
|  +- compile exe fairpane-lab-check debug native (reused)
|  +- FP-0076 case 3: create a fresh directory (+1 more reused dependencies)
|  +- FP-0076 case 3: restore read access to out.json success 36ms
|     +- compile exe fairpane-lab-check debug native (reused)
|     +- FP-0076 case 3: create a fresh directory (+1 more reused dependencies)
|     +- FP-0076 case 3: minimize writes over an existing out.json whose ACL denies read-data access to Everyone (+2 more reused dependencies)
+- FP-0076 case 4: minimize reports the output path out|.json, which cannot be identified success 51ms
|  +- install fairpane-lab (+1 more reused dependencies)
|  +- FP-0076 case 4: create a fresh directory success 92ms
|     +- compile exe fairpane-lab-check debug native (reused)
+- FP-0076 case 4: the directory gains no file success 39ms
|  +- compile exe fairpane-lab-check debug native (reused)
|  +- FP-0076 case 4: create a fresh directory (+1 more reused dependencies)
|  +- FP-0076 case 4: minimize reports the output path out|.json, which cannot be identified (+2 more reused dependencies)
+- FP-0076 case 7: the revision 1 case 5 helper reports failing checks and removes both oversized files success 63ms
|  +- compile exe fairpane-lab-check debug native (reused)
|  +- FP-0076 case 7: create a fresh directory success 82ms
|  |  +- compile exe fairpane-lab-check debug native (reused)
|  +- compile exe fairpane-lab-check debug native (reused)
+- FP-0076 case 7: no file remains after the failing run success 46ms
|  +- compile exe fairpane-lab-check debug native (reused)
|  +- FP-0076 case 7: create a fresh directory (+1 more reused dependencies)
|  +- FP-0076 case 7: the revision 1 case 5 helper reports failing checks and removes both oversized files (+3 more reused dependencies)
+- FP-0011 case 4: leaf_invokes_to_number.zig success 604ms
+- FP-0011 case 4: leaf_invokes_number_to_string.zig success 607ms
+- FP-0011 case 4: allocation_invokes_call.zig success 549ms
+- FP-0011 case 4: leaf_allocates.zig success 536ms
+- FP-0011 case 4: mutation_throws.zig success 463ms
+- FP-0011 case 4: leaf_calls_behavior.zig success 522ms
+- FP-0011 case 4: leaf_positive.zig success 563ms
+- FP-0011 case 5: catalog_callback_alone.zig success 532ms
+- FP-0011 case 5: catalog_exception_alone.zig success 542ms
+- FP-0011 case 5: catalog_duplicate_id.zig success 497ms
+- FP-0011 case 5: kernel_wider_context.zig success 532ms
+- FP-0011 case 5: kernel_undeclared_throw.zig success 612ms
+- FP-0011 case 8: layout_undescribed_field.zig success 600ms
+- FP-0011 case 8: layout_plain_reference.zig success 487ms
+- FP-0011 case 8: layout_missing_field.zig success 481ms
+- FP-0011 case 20: abi_reference_value.zig success 498ms
+- FP-0011 case 20: abi_nan_box_value.zig success 484ms
+- FP-0011 case 20: abi_tagged_index_value.zig success 541ms
+- FP-0011 case 34: leaf_reaches_heap.zig success 291ms
+- FP-0011 case 35: leaf_widens_context.zig success 583ms
+- FP-0011 case 36: binding_missing_kernel.zig success 582ms
+- FP-0011 case 36: binding_stray_kernel.zig success 606ms
+- library-test success
|  +- run test cached
|  |  +- compile test debug native cached 62ms MaxRSS:21M
|  +- FP-0066 case 1: ReleaseSafe libraries built in two directories are byte-identical success 15ms
|  |  +- compile exe fairpane-library-check debug native cached 74ms MaxRSS:21M
|  |  +- archive fairpane.lib safe success 17ms
|  |  |  +- compile obj fairpane_zcu safe native success 4s MaxRSS:174M
|  |  |     +- WriteFile fp0066-tree-a/src success
|  |  +- archive fairpane.lib safe success 19ms
|  |     +- compile obj fairpane_zcu safe native success 3s MaxRSS:174M
|  |        +- WriteFile fp0066-tree-a/src (reused)
|  +- FP-0066 case 2: the ReleaseSafe library contains neither its build directory nor the compiler installation directory success 53ms
|  |  +- compile exe fairpane-library-check debug native (reused)
|  |  +- archive fairpane.lib safe (+1 more reused dependencies)
|  |  +- WriteFile fp0066-tree-a/src (reused)
|  +- FP-0066 case 4: the Debug library keeps debug information that names the absolute source directory success 45ms
|  |  +- compile exe fairpane-library-check debug native (reused)
|  |  +- archive fairpane.lib debug success 23ms
|  |     +- compile obj fairpane_zcu debug native success 2s MaxRSS:268M
|  +- FP-0066 case 5: the ReleaseSafe library's only member is the object, named without a directory success 8ms
|  |  +- compile exe fairpane-library-check debug native (reused)
|  |  +- archive fairpane.lib safe (+1 more reused dependencies)
|  +- FP-0066: every member header of the ReleaseSafe library has a zero time stamp, owner, and group success 8ms
|     +- compile exe fairpane-library-check debug native (reused)
|     +- archive fairpane.lib safe (+1 more reused dependencies)
+- FP-0082 case 16: valid.js exits with status 0 and prints the T9 dump success 41ms
|  +- install fairpane-js-parse success
|     +- compile exe fairpane-js-parse debug native success 3s MaxRSS:346M
|        +- WriteFile src success
+- FP-0082 case 16: syntax.js exits with status 1 and prints its syntax error success 46ms
|  +- install fairpane-js-parse (+1 more reused dependencies)
+- FP-0082 case 16: unsupported.js exits with status 2 and prints its unsupported outcome success 44ms
|  +- install fairpane-js-parse (+1 more reused dependencies)
+- FP-0082 case 16: invalid-utf8.js exits with status 3 success 42ms
|  +- install fairpane-js-parse (+1 more reused dependencies)
+- FP-0082 case 16: a missing path exits with status 3 success 45ms
|  +- install fairpane-js-parse (+1 more reused dependencies)
+- FP-0082 case 16: no arguments exits with status 3 and writes the usage success 39ms
|  +- install fairpane-js-parse (+1 more reused dependencies)
+- FP-0082 case 17: the census of the sound fixture exits with status 0 success 48ms
|  +- install fairpane-js-parse (+1 more reused dependencies)
+- FP-0082 case 17: the census of the unsound fixture exits with status 1 success 50ms
|  +- install fairpane-js-parse (+1 more reused dependencies)
+- FP-0082 case 17: the census refuses an existing output file and exits with status 3 success 47ms
   +- install fairpane-js-parse (+1 more reused dependencies)
   +- WriteFile existing.jsonl cached

error: the following build command exited with code 1:
C:\src\fairpane\.zig-cache\global\o\253f29e51d3f235ff7bb0cfb57b92bf7\maker.exe build --zig-lib=C:\src\fairpane\.tools\zig\0.18.0-dev.120+9fe22a29b\x86_64-windows\lib --zig=C:\src\fairpane\.tools\zig\0.18.0-dev.120+9fe22a29b\x86_64-windows\zig.exe --global-cache=C:\src\fairpane\.zig-cache\global --seed=0xd421ecb0 test --summary all --cache-dir out/fp0123-mutation
RESULT {"executable":"C:\\src\\fairpane\\.tools\\zig\\0.18.0-dev.120+9fe22a29b\\x86_64-windows\\zig.exe","arguments":["build","test","--summary","all","--cache-dir","out/fp0123-mutation"],"cwd":"C:\\Users\\requi\\.omp\\wt\\t6b5416396\\m","started_at":"2026-10-09T18:25:57.811Z","exit_code":1,"signal":null,"timed_out":false,"error":null,"duration_ms":45986,"environment_overrides":{"ZIG_GLOBAL_CACHE_DIR":"C:\\src\\fairpane\\.zig-cache\\global"}}

COMMAND ["C:\\Program Files\\Git\\cmd\\git.exe","apply","-R","engineering/evidence/FP-0123/raw/mutation-M4.diff"]
RESULT {"executable":"C:\\Program Files\\Git\\cmd\\git.exe","arguments":["apply","-R","engineering/evidence/FP-0123/raw/mutation-M4.diff"],"cwd":"C:\\Users\\requi\\.omp\\wt\\t6b5416396\\m","started_at":"2026-10-09T18:26:43.858Z","exit_code":0,"signal":null,"timed_out":false,"error":null,"duration_ms":24}

COMMAND ["C:\\Program Files\\Git\\cmd\\git.exe","hash-object","src/encoding/utf16.zig"]
db8d313f8d0bf4de1e9b50896d15d0d5e34c2cc0
RESULT {"executable":"C:\\Program Files\\Git\\cmd\\git.exe","arguments":["hash-object","src/encoding/utf16.zig"],"cwd":"C:\\Users\\requi\\.omp\\wt\\t6b5416396\\m","started_at":"2026-10-09T18:26:43.944Z","exit_code":0,"signal":null,"timed_out":false,"error":null,"duration_ms":23}

COMMAND ["C:\\Program Files\\Git\\cmd\\git.exe","hash-object","src/encoding/root.zig"]
c003462293d0579767bffe8e040d099df7ecec24
RESULT {"executable":"C:\\Program Files\\Git\\cmd\\git.exe","arguments":["hash-object","src/encoding/root.zig"],"cwd":"C:\\Users\\requi\\.omp\\wt\\t6b5416396\\m","started_at":"2026-10-09T18:26:44.030Z","exit_code":0,"signal":null,"timed_out":false,"error":null,"duration_ms":22}

COMMAND ["C:\\Program Files\\Git\\cmd\\git.exe","apply","engineering/evidence/FP-0123/raw/mutation-M5.diff"]
RESULT {"executable":"C:\\Program Files\\Git\\cmd\\git.exe","arguments":["apply","engineering/evidence/FP-0123/raw/mutation-M5.diff"],"cwd":"C:\\Users\\requi\\.omp\\wt\\t6b5416396\\m","started_at":"2026-10-09T18:26:44.130Z","exit_code":0,"signal":null,"timed_out":false,"error":null,"duration_ms":23}

COMMAND ["C:\\Program Files\\Git\\cmd\\git.exe","hash-object","src/encoding/root.zig"]
dedd9fe8df50b4897a089105aa8eb2619e76b24f
RESULT {"executable":"C:\\Program Files\\Git\\cmd\\git.exe","arguments":["hash-object","src/encoding/root.zig"],"cwd":"C:\\Users\\requi\\.omp\\wt\\t6b5416396\\m","started_at":"2026-10-09T18:26:44.235Z","exit_code":0,"signal":null,"timed_out":false,"error":null,"duration_ms":37}

COMMAND ["C:\\src\\fairpane\\.tools\\zig\\0.18.0-dev.120+9fe22a29b\\x86_64-windows\\zig.exe","build","test","--summary","all","--cache-dir","out/fp0123-mutation"]
test
+- FP-0082 case 16: a missing path exits with status 3 w
fairpane-js-parse: tests/js/parse/missing.js: FileNotFound
failed command: cd . && ".\\zig-out\\bin\\fairpane-js-parse.exe" file tests/js/parse/missing.js

test
+- FP-0082 case 16: invalid-utf8.js exits with status 3 w
fairpane-js-parse: .\tests\js\parse\invalid-utf8.js: InvalidUtf8
failed command: ".\\zig-out\\bin\\fairpane-js-parse.exe" file ".\\tests\\js\\parse\\invalid-utf8.js"

test
+- FP-0082 case 17: the census refuses an existing output file and exits with status 3 w
fairpane-js-parse: census: cannot create .\out\fp0123-mutation\o\0c925f44918d6f5adba948a0455992d0\existing.jsonl: PathAlreadyExists
failed command: ".\\zig-out\\bin\\fairpane-js-parse.exe" census ".\\tests\\js\\census\\sound" ".\\out\\fp0123-mutation\\o\\0c925f44918d6f5adba948a0455992d0\\existing.jsonl"

test
+- run test 296 pass, 3 fail (299 total)
error: 'encoding.tests.test.FP-0123 case 7: the replacement and x-user-defined decoders' failed:
       FP-0082 case 10: measured stack use 21120 bytes for 1022 terms and 20992 bytes for 1021 parentheses
       slices differ. first difference occurs at index 0 (0x0)
       
       ============ expected this output: =============  len: 0 (0x0)
       
       
       ============= instead found this: ==============  len: 1 (0x1)
       
       [0]: 65533
       
       ================================================
       
       row D1: one call
       C:\Users\requi\.omp\wt\t6b5416396\m\src\handles.zig:727:46: 0x7ff7323f86e5 in expectation (test_zcu.obj)
                   if (handle.owner != model.owner) return error.WrongOwner;
                                                    ^
       C:\Users\requi\.omp\wt\t6b5416396\m\src\handles.zig:730:69: 0x7ff7323f3652 in expectation (test_zcu.obj)
                   if (!slot.live or slot.generation != handle.generation) return error.StaleHandle;
                                                                           ^
       C:\Users\requi\.omp\wt\t6b5416396\m\src\handles.zig:730:69: 0x7ff7323f3652 in expectation (test_zcu.obj)
                   if (!slot.live or slot.generation != handle.generation) return error.StaleHandle;
                                                                           ^
       C:\Users\requi\.omp\wt\t6b5416396\m\src\handles.zig:730:69: 0x7ff7323f3652 in expectation (test_zcu.obj)
                   if (!slot.live or slot.generation != handle.generation) return error.StaleHandle;
                                                                           ^
       C:\Users\requi\.omp\wt\t6b5416396\m\src\handles.zig:728:70: 0x7ff7323f35dd in expectation (test_zcu.obj)
                   if (handle.generation == 0 or handle.index >= model.len) return error.InvalidHandle;
                                                                            ^
       C:\Users\requi\.omp\wt\t6b5416396\m\src\handles.zig:730:69: 0x7ff7323f3652 in expectation (test_zcu.obj)
                   if (!slot.live or slot.generation != handle.generation) return error.StaleHandle;
                                                                           ^
       C:\Users\requi\.omp\wt\t6b5416396\m\src\handles.zig:730:69: 0x7ff7323f58d2 in expectation (test_zcu.obj)
                   if (!slot.live or slot.generation != handle.generation) return error.StaleHandle;
                                                                           ^
       C:\Users\requi\.omp\wt\t6b5416396\m\src\handles.zig:730:69: 0x7ff7323f3652 in expectation (test_zcu.obj)
                   if (!slot.live or slot.generation != handle.generation) return error.StaleHandle;
                                                                           ^
       C:\Users\requi\.omp\wt\t6b5416396\m\src\handles.zig:730:69: 0x7ff7323f3652 in expectation (test_zcu.obj)
                   if (!slot.live or slot.generation != handle.generation) return error.StaleHandle;
                                                                           ^
       C:\Users\requi\.omp\wt\t6b5416396\m\src\handles.zig:730:69: 0x7ff7323f3652 in expectation (test_zcu.obj)
                   if (!slot.live or slot.generation != handle.generation) return error.StaleHandle;
                                                                           ^
       C:\Users\requi\.omp\wt\t6b5416396\m\src\handles.zig:730:69: 0x7ff7323f3652 in expectation (test_zcu.obj)
                   if (!slot.live or slot.generation != handle.generation) return error.StaleHandle;
                                                                           ^
       C:\Users\requi\.omp\wt\t6b5416396\m\src\handles.zig:730:69: 0x7ff7323f3652 in expectation (test_zcu.obj)
                   if (!slot.live or slot.generation != handle.generation) return error.StaleHandle;
                                                                           ^
       C:\Users\requi\.omp\wt\t6b5416396\m\src\handles.zig:730:69: 0x7ff7323f3652 in expectation (test_zcu.obj)
                   if (!slot.live or slot.generation != handle.generation) return error.StaleHandle;
                                                                           ^
       C:\Users\requi\.omp\wt\t6b5416396\m\src\handles.zig:730:69: 0x7ff7323f3652 in expectation (test_zcu.obj)
                   if (!slot.live or slot.generation != handle.generation) return error.StaleHandle;
                                                                           ^
       C:\Users\requi\.omp\wt\t6b5416396\m\src\handles.zig:728:70: 0x7ff7323f35dd in expectation (test_zcu.obj)
                   if (handle.generation == 0 or handle.index >= model.len) return error.InvalidHandle;
                                                                            ^
       C:\Users\requi\.omp\wt\t6b5416396\m\src\handles.zig:730:69: 0x7ff7323f58d2 in expectation (test_zcu.obj)
                   if (!slot.live or slot.generation != handle.generation) return error.StaleHandle;
                                                                           ^
       C:\Users\requi\.omp\wt\t6b5416396\m\src\handles.zig:730:69: 0x7ff7323f58d2 in expectation (test_zcu.obj)
                   if (!slot.live or slot.generation != handle.generation) return error.StaleHandle;
                                                                           ^
       C:\Users\requi\.omp\wt\t6b5416396\m\src\handles.zig:727:46: 0x7ff7323f3585 in expectation (test_zcu.obj)
                   if (handle.owner != model.owner) return error.WrongOwner;
                                                    ^
       C:\Users\requi\.omp\wt\t6b5416396\m\src\handles.zig:730:69: 0x7ff7323f3652 in expectation (test_zcu.obj)
                   if (!slot.live or slot.generation != handle.generation) return error.StaleHandle;
                                                                           ^
       C:\Users\requi\.omp\wt\t6b5416396\m\src\handles.zig:730:69: 0x7ff7323f3652 in expectation (test_zcu.obj)
                   if (!slot.live or slot.generation != handle.generation) return error.StaleHandle;
                                                                           ^
       C:\Users\requi\.omp\wt\t6b5416396\m\src\encoding\tests.zig:392:22: 0x7ff732538241 in expectRows (test_zcu.obj)
           if (failed != 0) return error.TestUnexpectedResult;
                            ^
       C:\Users\requi\.omp\wt\t6b5416396\m\src\encoding\tests.zig:404:5: 0x7ff73253b284 in test.FP-0123 case 7: the replacement and x-user-defined decoders (test_zcu.obj)
           try expectRows(&case_7_rows);
           ^
error: 'encoding.tests.test.FP-0123 case 8: fatal mode stops at the first error and stays malformed' failed:
       expected 0, found 1
       C:\src\fairpane\.tools\zig\0.18.0-dev.120+9fe22a29b\x86_64-windows\lib\std\testing.zig:93:17: 0x7ff7321e53ea in expectEqualInner__func_843 (test_zcu.obj)
                       return error.TestExpectedEqual;
                       ^
       C:\src\fairpane\.tools\zig\0.18.0-dev.120+9fe22a29b\x86_64-windows\lib\std\testing.zig:57: 0x7ff73253a9de in expectEqual (test_zcu.obj)
           return expectEqualInner(T, expected, actual);
       
       C:\src\fairpane\.tools\zig\0.18.0-dev.120+9fe22a29b\x86_64-windows\lib\std\testing.zig:128:17: 0x7ff73253aa06 in expectEqualInner__func_4554 (test_zcu.obj)
                       try expectEqual(@field(expected, field_name), @field(actual, field_name));
                       ^
       C:\src\fairpane\.tools\zig\0.18.0-dev.120+9fe22a29b\x86_64-windows\lib\std\testing.zig:57: 0x7ff73253ac1d in expectEqual (test_zcu.obj)
           return expectEqualInner(T, expected, actual);
       
       C:\Users\requi\.omp\wt\t6b5416396\m\src\encoding\tests.zig:434:5: 0x7ff73253ac6c in test.FP-0123 case 8: fatal mode stops at the first error and stays malformed (test_zcu.obj)
           try testing.expectEqual(Result{ .read = 0, .written = 0, .errors = 0, .status = .finished }, empty.decode("", &output, true));
        
error: 'encoding.tests.test.FP-0123 case 12: every partition of each row into chunks, and a 2-unit output buffer, give the one-call result' failed:
          ^
       slices differ. first difference occurs at index 0 (0x0)
       
       ============ expected this output: =============  len: 0 (0x0)
       
       
       ============= instead found this: ==============  len: 1 (0x1)
       
       [0]: 65533
       
       ================================================
       
       row D1: partition mask 0, trailing empty call false
       C:\src\fairpane\.tools\zig\0.18.0-dev.120+9fe22a29b\x86_64-windows\lib\std\testing.zig:584:14: 0x7ff7321f412f in expect (test_zcu.obj)
           if (!ok) return error.TestUnexpectedResult;
                    ^
       C:\Users\requi\.omp\wt\t6b5416396\m\src\encoding\tests.zig:636:5: 0x7ff73252fea0 in test.FP-0123 case 12: every partition of each row into chunks, and a 2-unit output buffer, give the one-call result (test_zcu.obj)
           try testing.expect(passed);
           ^
failed command: cd . && ".\\out\\fp0123-mutation\\o\\e56b7eb50cc7b284696fa2bd86849fce\\test.exe" "--cache-dir=.\\out\\fp0123-mutation" --seed=0xb1db311e --listen=-

Build Summary: 99/101 steps succeeded (1 failed); 341/344 tests passed (3 failed)
test transitive failure
+- run test 296 pass, 3 fail (299 total)
|  +- compile test debug native success 11s MaxRSS:930M
+- run test 45 pass (45 total) 318ms MaxRSS:16M
|  +- compile test debug native success 4s MaxRSS:414M
+- FP-0007 case 13: case 2 passes with exit status 0 success 125ms
|  +- install fairpane-lab success
|     +- compile exe fairpane-lab debug native success 4s MaxRSS:368M
+- FP-0007 case 13: case 3 fails with exit status 1 success 117ms
|  +- install fairpane-lab (+1 more reused dependencies)
+- FP-0007 case 13: case 4 is unsupported with exit status 2 success 119ms
|  +- install fairpane-lab (+1 more reused dependencies)
+- FP-0007 case 13: case 1 is a harness error with exit status 3 success 120ms
|  +- install fairpane-lab (+1 more reused dependencies)
+- FP-0007 case 13: case 8 times out with exit status 4 success 130ms
|  +- install fairpane-lab (+1 more reused dependencies)
+- FP-0007 case 13: an unknown command exits with status 64 and writes no result success 122ms
|  +- install fairpane-lab (+1 more reused dependencies)
+- FP-0008 case 26: case 18 passes with exit status 0 success 129ms
|  +- install fairpane-lab (+1 more reused dependencies)
+- FP-0008 case 26: the token_count variant of case 19 fails with exit status 1 success 128ms
|  +- install fairpane-lab (+1 more reused dependencies)
+- FP-0008 case 26: the <p> case of case 21 is unsupported with exit status 2 success 123ms
|  +- install fairpane-lab (+1 more reused dependencies)
+- FP-0123 case 15 Lab-7: the UTF-16BE tokenize case of Lab-3 passes with exit status 0 success 131ms
|  +- install fairpane-lab (+1 more reused dependencies)
+- FP-0007 case 14: minimize reduces a failing fetch case with a 4096-byte body success 168ms
|  +- install fairpane-lab (+1 more reused dependencies)
+- FP-0007 case 14: the minimized case fails the same check success 7ms
|  +- install fairpane-lab (+1 more reused dependencies)
|  +- FP-0007 case 14: minimize reduces a failing fetch case with a 4096-byte body (+1 more reused dependencies)
+- FP-0007 case 14: the minimized document body is 1-minimal success 13ms
|  +- compile exe fairpane-lab-check debug native success 3s MaxRSS:356M
|  +- FP-0007 case 14: minimize reduces a failing fetch case with a 4096-byte body (+1 more reused dependencies)
+- FP-0007 case 14: minimize refuses a passing case success 134ms
|  +- install fairpane-lab (+1 more reused dependencies)
+- FP-0007 case 14: a refused minimization writes nothing success 13ms
|  +- compile exe fairpane-lab-check debug native (reused)
|  +- FP-0007 case 14: minimize refuses a passing case (+1 more reused dependencies)
+- FP-0054 case 5: minimize refuses an --out path that names the input file through another spelling success 119ms
|  +- install fairpane-lab (+1 more reused dependencies)
|  +- FP-0054 case 5: create a fresh directory success 95ms
|  |  +- compile exe fairpane-lab-check debug native (reused)
|  +- FP-0054 case 5: create a fresh directory (+1 more reused dependencies)
+- FP-0054 case 5: the refused minimization leaves the input unchanged success 36ms
|  +- compile exe fairpane-lab-check debug native (reused)
|  +- FP-0054 case 5: create a fresh directory (+1 more reused dependencies)
|  +- FP-0054 case 5: minimize refuses an --out path that names the input file through another spelling (+3 more reused dependencies)
+- FP-0054 revision 1 case 1: minimize refuses an --out path that is a hard link to the input file success 63ms
|  +- install fairpane-lab (+1 more reused dependencies)
|  +- FP-0054 revision 1 case 1: create a fresh directory success 94ms
|     +- compile exe fairpane-lab-check debug native (reused)
+- FP-0054 revision 1 case 1: the refused command leaves the input unchanged success 85ms
|  +- compile exe fairpane-lab-check debug native (reused)
|  +- FP-0054 revision 1 case 1: create a fresh directory (+1 more reused dependencies)
|  +- FP-0054 revision 1 case 1: minimize refuses an --out path that is a hard link to the input file (+2 more reused dependencies)
+- FP-0054 revision 1 case 2: run refuses a --transcript path that is a hard link to the input file success 123ms
|  +- install fairpane-lab (+1 more reused dependencies)
|  +- FP-0054 revision 1 case 2: create a fresh directory success 104ms
|     +- compile exe fairpane-lab-check debug native (reused)
+- FP-0054 revision 1 case 2: the refused command leaves the input unchanged success 35ms
|  +- compile exe fairpane-lab-check debug native (reused)
|  +- FP-0054 revision 1 case 2: create a fresh directory (+1 more reused dependencies)
|  +- FP-0054 revision 1 case 2: run refuses a --transcript path that is a hard link to the input file (+2 more reused dependencies)
+- FP-0054 revision 1 case 3: minimize refuses an --out path that names the input file in other letter case success 115ms
|  +- install fairpane-lab (+1 more reused dependencies)
|  +- FP-0054 revision 1 case 3: create a fresh directory success 97ms
|     +- compile exe fairpane-lab-check debug native (reused)
+- FP-0054 revision 1 case 3: the refused command leaves the input unchanged success 37ms
|  +- compile exe fairpane-lab-check debug native (reused)
|  +- FP-0054 revision 1 case 3: create a fresh directory (+1 more reused dependencies)
|  +- FP-0054 revision 1 case 3: minimize refuses an --out path that names the input file in other letter case (+2 more reused dependencies)
+- FP-0054 revision 1 case 4: minimize writes over a separate byte-identical copy of the input file success 125ms
|  +- install fairpane-lab (+1 more reused dependencies)
|  +- FP-0054 revision 1 case 4: create a fresh directory success 102ms
|     +- compile exe fairpane-lab-check debug native (reused)
+- FP-0054 revision 1 case 4: the written case is a version 2 case derived from the input digest success 32ms
|  +- compile exe fairpane-lab-check debug native (reused)
|  +- FP-0054 revision 1 case 4: create a fresh directory (+1 more reused dependencies)
|  +- FP-0054 revision 1 case 4: minimize writes over a separate byte-identical copy of the input file (+2 more reused dependencies)
+- FP-0054 revision 1 case 5: run, minimize, and replay report files one byte above the size limit success 171ms
|  +- compile exe fairpane-lab-check debug native (reused)
|  +- FP-0054 revision 1 case 5: create a fresh directory success 97ms
|  |  +- compile exe fairpane-lab-check debug native (reused)
|  +- install fairpane-lab (+1 more reused dependencies)
+- FP-0076 case 3: minimize writes over an existing out.json whose ACL denies read-data access to Everyone success 117ms
|  +- install fairpane-lab (+1 more reused dependencies)
|  +- FP-0076 case 3: create a fresh directory success 95ms
|     +- compile exe fairpane-lab-check debug native (reused)
+- FP-0076 case 3: out.json is a version 2 case derived from the input digest success 7ms
|  +- compile exe fairpane-lab-check debug native (reused)
|  +- FP-0076 case 3: create a fresh directory (+1 more reused dependencies)
|  +- FP-0076 case 3: restore read access to out.json success 36ms
|     +- compile exe fairpane-lab-check debug native (reused)
|     +- FP-0076 case 3: create a fresh directory (+1 more reused dependencies)
|     +- FP-0076 case 3: minimize writes over an existing out.json whose ACL denies read-data access to Everyone (+2 more reused dependencies)
+- FP-0076 case 4: minimize reports the output path out|.json, which cannot be identified success 114ms
|  +- install fairpane-lab (+1 more reused dependencies)
|  +- FP-0076 case 4: create a fresh directory success 100ms
|     +- compile exe fairpane-lab-check debug native (reused)
+- FP-0076 case 4: the directory gains no file success 34ms
|  +- compile exe fairpane-lab-check debug native (reused)
|  +- FP-0076 case 4: create a fresh directory (+1 more reused dependencies)
|  +- FP-0076 case 4: minimize reports the output path out|.json, which cannot be identified (+2 more reused dependencies)
+- FP-0076 case 7: the revision 1 case 5 helper reports failing checks and removes both oversized files success 88ms
|  +- compile exe fairpane-lab-check debug native (reused)
|  +- FP-0076 case 7: create a fresh directory success 91ms
|  |  +- compile exe fairpane-lab-check debug native (reused)
|  +- compile exe fairpane-lab-check debug native (reused)
+- FP-0076 case 7: no file remains after the failing run success 64ms
|  +- compile exe fairpane-lab-check debug native (reused)
|  +- FP-0076 case 7: create a fresh directory (+1 more reused dependencies)
|  +- FP-0076 case 7: the revision 1 case 5 helper reports failing checks and removes both oversized files (+3 more reused dependencies)
+- FP-0011 case 4: leaf_invokes_to_number.zig success 589ms
+- FP-0011 case 4: leaf_invokes_number_to_string.zig success 572ms
+- FP-0011 case 4: allocation_invokes_call.zig success 552ms
+- FP-0011 case 4: leaf_allocates.zig success 464ms
+- FP-0011 case 4: mutation_throws.zig success 496ms
+- FP-0011 case 4: leaf_calls_behavior.zig success 574ms
+- FP-0011 case 4: leaf_positive.zig success 601ms
+- FP-0011 case 5: catalog_callback_alone.zig success 455ms
+- FP-0011 case 5: catalog_exception_alone.zig success 489ms
+- FP-0011 case 5: catalog_duplicate_id.zig success 499ms
+- FP-0011 case 5: kernel_wider_context.zig success 498ms
+- FP-0011 case 5: kernel_undeclared_throw.zig success 540ms
+- FP-0011 case 8: layout_undescribed_field.zig success 499ms
+- FP-0011 case 8: layout_plain_reference.zig success 449ms
+- FP-0011 case 8: layout_missing_field.zig success 537ms
+- FP-0011 case 20: abi_reference_value.zig success 548ms
+- FP-0011 case 20: abi_nan_box_value.zig success 464ms
+- FP-0011 case 20: abi_tagged_index_value.zig success 477ms
+- FP-0011 case 34: leaf_reaches_heap.zig success 449ms
+- FP-0011 case 35: leaf_widens_context.zig success 521ms
+- FP-0011 case 36: binding_missing_kernel.zig success 522ms
+- FP-0011 case 36: binding_stray_kernel.zig success 502ms
+- library-test success
|  +- run test cached
|  |  +- compile test debug native cached 186ms MaxRSS:18M
|  +- FP-0066 case 1: ReleaseSafe libraries built in two directories are byte-identical success 10ms
|  |  +- compile exe fairpane-library-check debug native cached 221ms MaxRSS:19M
|  |  +- archive fairpane.lib safe success 103ms
|  |  |  +- compile obj fairpane_zcu safe native success 4s MaxRSS:174M
|  |  |     +- WriteFile fp0066-tree-a/src success
|  |  +- archive fairpane.lib safe success 17ms
|  |     +- compile obj fairpane_zcu safe native success 4s MaxRSS:173M
|  |        +- WriteFile fp0066-tree-a/src (reused)
|  +- FP-0066 case 2: the ReleaseSafe library contains neither its build directory nor the compiler installation directory success 41ms
|  |  +- compile exe fairpane-library-check debug native (reused)
|  |  +- archive fairpane.lib safe (+1 more reused dependencies)
|  |  +- WriteFile fp0066-tree-a/src (reused)
|  +- FP-0066 case 4: the Debug library keeps debug information that names the absolute source directory success 58ms
|  |  +- compile exe fairpane-library-check debug native (reused)
|  |  +- archive fairpane.lib debug success 21ms
|  |     +- compile obj fairpane_zcu debug native success 2s MaxRSS:269M
|  +- FP-0066 case 5: the ReleaseSafe library's only member is the object, named without a directory success 9ms
|  |  +- compile exe fairpane-library-check debug native (reused)
|  |  +- archive fairpane.lib safe (+1 more reused dependencies)
|  +- FP-0066: every member header of the ReleaseSafe library has a zero time stamp, owner, and group success 7ms
|     +- compile exe fairpane-library-check debug native (reused)
|     +- archive fairpane.lib safe (+1 more reused dependencies)
+- FP-0082 case 16: valid.js exits with status 0 and prints the T9 dump success 64ms
|  +- install fairpane-js-parse success
|     +- compile exe fairpane-js-parse debug native success 3s MaxRSS:343M
|        +- WriteFile src success
+- FP-0082 case 16: syntax.js exits with status 1 and prints its syntax error success 62ms
|  +- install fairpane-js-parse (+1 more reused dependencies)
+- FP-0082 case 16: unsupported.js exits with status 2 and prints its unsupported outcome success 58ms
|  +- install fairpane-js-parse (+1 more reused dependencies)
+- FP-0082 case 16: invalid-utf8.js exits with status 3 success 61ms
|  +- install fairpane-js-parse (+1 more reused dependencies)
+- FP-0082 case 16: a missing path exits with status 3 success 64ms
|  +- install fairpane-js-parse (+1 more reused dependencies)
+- FP-0082 case 16: no arguments exits with status 3 and writes the usage success 59ms
|  +- install fairpane-js-parse (+1 more reused dependencies)
+- FP-0082 case 17: the census of the sound fixture exits with status 0 success 67ms
|  +- install fairpane-js-parse (+1 more reused dependencies)
+- FP-0082 case 17: the census of the unsound fixture exits with status 1 success 68ms
|  +- install fairpane-js-parse (+1 more reused dependencies)
+- FP-0082 case 17: the census refuses an existing output file and exits with status 3 success 64ms
   +- install fairpane-js-parse (+1 more reused dependencies)
   +- WriteFile existing.jsonl cached

error: the following build command exited with code 1:
C:\src\fairpane\.zig-cache\global\o\253f29e51d3f235ff7bb0cfb57b92bf7\maker.exe build --zig-lib=C:\src\fairpane\.tools\zig\0.18.0-dev.120+9fe22a29b\x86_64-windows\lib --zig=C:\src\fairpane\.tools\zig\0.18.0-dev.120+9fe22a29b\x86_64-windows\zig.exe --global-cache=C:\src\fairpane\.zig-cache\global --seed=0xb1db311e test --summary all --cache-dir out/fp0123-mutation
RESULT {"executable":"C:\\src\\fairpane\\.tools\\zig\\0.18.0-dev.120+9fe22a29b\\x86_64-windows\\zig.exe","arguments":["build","test","--summary","all","--cache-dir","out/fp0123-mutation"],"cwd":"C:\\Users\\requi\\.omp\\wt\\t6b5416396\\m","started_at":"2026-10-09T18:26:44.388Z","exit_code":1,"signal":null,"timed_out":false,"error":null,"duration_ms":39918,"environment_overrides":{"ZIG_GLOBAL_CACHE_DIR":"C:\\src\\fairpane\\.zig-cache\\global"}}

COMMAND ["C:\\Program Files\\Git\\cmd\\git.exe","apply","-R","engineering/evidence/FP-0123/raw/mutation-M5.diff"]
RESULT {"executable":"C:\\Program Files\\Git\\cmd\\git.exe","arguments":["apply","-R","engineering/evidence/FP-0123/raw/mutation-M5.diff"],"cwd":"C:\\Users\\requi\\.omp\\wt\\t6b5416396\\m","started_at":"2026-10-09T18:27:24.373Z","exit_code":0,"signal":null,"timed_out":false,"error":null,"duration_ms":42}

COMMAND ["C:\\Program Files\\Git\\cmd\\git.exe","hash-object","src/encoding/root.zig"]
c003462293d0579767bffe8e040d099df7ecec24
RESULT {"executable":"C:\\Program Files\\Git\\cmd\\git.exe","arguments":["hash-object","src/encoding/root.zig"],"cwd":"C:\\Users\\requi\\.omp\\wt\\t6b5416396\\m","started_at":"2026-10-09T18:27:24.493Z","exit_code":0,"signal":null,"timed_out":false,"error":null,"duration_ms":20}

COMMAND ["C:\\Program Files\\Git\\cmd\\git.exe","hash-object","src/encoding/root.zig"]
c003462293d0579767bffe8e040d099df7ecec24
RESULT {"executable":"C:\\Program Files\\Git\\cmd\\git.exe","arguments":["hash-object","src/encoding/root.zig"],"cwd":"C:\\Users\\requi\\.omp\\wt\\t6b5416396\\m","started_at":"2026-10-09T18:27:24.567Z","exit_code":0,"signal":null,"timed_out":false,"error":null,"duration_ms":20}

COMMAND ["C:\\Program Files\\Git\\cmd\\git.exe","apply","engineering/evidence/FP-0123/raw/mutation-M6.diff"]
RESULT {"executable":"C:\\Program Files\\Git\\cmd\\git.exe","arguments":["apply","engineering/evidence/FP-0123/raw/mutation-M6.diff"],"cwd":"C:\\Users\\requi\\.omp\\wt\\t6b5416396\\m","started_at":"2026-10-09T18:27:24.643Z","exit_code":0,"signal":null,"timed_out":false,"error":null,"duration_ms":20}

COMMAND ["C:\\Program Files\\Git\\cmd\\git.exe","hash-object","src/encoding/root.zig"]
b2844a5689ba8ea8c6c8ec032ce0fc925338980a
RESULT {"executable":"C:\\Program Files\\Git\\cmd\\git.exe","arguments":["hash-object","src/encoding/root.zig"],"cwd":"C:\\Users\\requi\\.omp\\wt\\t6b5416396\\m","started_at":"2026-10-09T18:27:24.726Z","exit_code":0,"signal":null,"timed_out":false,"error":null,"duration_ms":21}

COMMAND ["C:\\src\\fairpane\\.tools\\zig\\0.18.0-dev.120+9fe22a29b\\x86_64-windows\\zig.exe","build","test","--summary","all","--cache-dir","out/fp0123-mutation"]
test
+- FP-0082 case 16: a missing path exits with status 3 w
fairpane-js-parse: tests/js/parse/missing.js: FileNotFound
failed command: cd . && ".\\zig-out\\bin\\fairpane-js-parse.exe" file tests/js/parse/missing.js

test
+- FP-0082 case 16: invalid-utf8.js exits with status 3 w
fairpane-js-parse: .\tests\js\parse\invalid-utf8.js: InvalidUtf8
failed command: ".\\zig-out\\bin\\fairpane-js-parse.exe" file ".\\tests\\js\\parse\\invalid-utf8.js"

test
+- FP-0082 case 17: the census refuses an existing output file and exits with status 3 w
fairpane-js-parse: census: cannot create .\out\fp0123-mutation\o\0c925f44918d6f5adba948a0455992d0\existing.jsonl: PathAlreadyExists
failed command: ".\\zig-out\\bin\\fairpane-js-parse.exe" census ".\\tests\\js\\census\\sound" ".\\out\\fp0123-mutation\\o\\0c925f44918d6f5adba948a0455992d0\\existing.jsonl"

test
+- run test 295 pass, 4 fail (299 total)
error: 'encoding.tests.test.FP-0123 case 9 T1: two bytes do not decide the byte order mark before end-of-queue' failed:
       FP-0082 case 10: measured stack use 21120 bytes for 1022 terms and 20992 bytes for 1021 parentheses
       expected null, found .utf_16le
       C:\Users\requi\.omp\wt\t6b5416396\m\src\handles.zig:727:46: 0x7ff6afb786e5 in expectation (test_zcu.obj)
                   if (handle.owner != model.owner) return error.WrongOwner;
                                                    ^
       C:\Users\requi\.omp\wt\t6b5416396\m\src\handles.zig:730:69: 0x7ff6afb73652 in expectation (test_zcu.obj)
                   if (!slot.live or slot.generation != handle.generation) return error.StaleHandle;
                                                                           ^
       C:\Users\requi\.omp\wt\t6b5416396\m\src\handles.zig:730:69: 0x7ff6afb73652 in expectation (test_zcu.obj)
                   if (!slot.live or slot.generation != handle.generation) return error.StaleHandle;
                                                                           ^
       C:\Users\requi\.omp\wt\t6b5416396\m\src\handles.zig:730:69: 0x7ff6afb73652 in expectation (test_zcu.obj)
                   if (!slot.live or slot.generation != handle.generation) return error.StaleHandle;
                                                                           ^
       C:\Users\requi\.omp\wt\t6b5416396\m\src\handles.zig:728:70: 0x7ff6afb735dd in expectation (test_zcu.obj)
                   if (handle.generation == 0 or handle.index >= model.len) return error.InvalidHandle;
                                                                            ^
       C:\Users\requi\.omp\wt\t6b5416396\m\src\handles.zig:730:69: 0x7ff6afb73652 in expectation (test_zcu.obj)
                   if (!slot.live or slot.generation != handle.generation) return error.StaleHandle;
                                                                           ^
       C:\Users\requi\.omp\wt\t6b5416396\m\src\handles.zig:730:69: 0x7ff6afb758d2 in expectation (test_zcu.obj)
                   if (!slot.live or slot.generation != handle.generation) return error.StaleHandle;
                                                                           ^
       C:\Users\requi\.omp\wt\t6b5416396\m\src\handles.zig:730:69: 0x7ff6afb73652 in expectation (test_zcu.obj)
                   if (!slot.live or slot.generation != handle.generation) return error.StaleHandle;
                                                                           ^
       C:\Users\requi\.omp\wt\t6b5416396\m\src\handles.zig:730:69: 0x7ff6afb73652 in expectation (test_zcu.obj)
                   if (!slot.live or slot.generation != handle.generation) return error.StaleHandle;
                                                                           ^
       C:\Users\requi\.omp\wt\t6b5416396\m\src\handles.zig:730:69: 0x7ff6afb73652 in expectation (test_zcu.obj)
                   if (!slot.live or slot.generation != handle.generation) return error.StaleHandle;
                                                                           ^
       C:\Users\requi\.omp\wt\t6b5416396\m\src\handles.zig:730:69: 0x7ff6afb73652 in expectation (test_zcu.obj)
                   if (!slot.live or slot.generation != handle.generation) return error.StaleHandle;
                                                                           ^
       C:\Users\requi\.omp\wt\t6b5416396\m\src\handles.zig:730:69: 0x7ff6afb73652 in expectation (test_zcu.obj)
                   if (!slot.live or slot.generation != handle.generation) return error.StaleHandle;
                                                                           ^
       C:\Users\requi\.omp\wt\t6b5416396\m\src\handles.zig:730:69: 0x7ff6afb73652 in expectation (test_zcu.obj)
                   if (!slot.live or slot.generation != handle.generation) return error.StaleHandle;
                                                                           ^
       C:\Users\requi\.omp\wt\t6b5416396\m\src\handles.zig:730:69: 0x7ff6afb73652 in expectation (test_zcu.obj)
                   if (!slot.live or slot.generation != handle.generation) return error.StaleHandle;
                                                                           ^
       C:\Users\requi\.omp\wt\t6b5416396\m\src\handles.zig:728:70: 0x7ff6afb735dd in expectation (test_zcu.obj)
                   if (handle.generation == 0 or handle.index >= model.len) return error.InvalidHandle;
                                                                            ^
       C:\Users\requi\.omp\wt\t6b5416396\m\src\handles.zig:730:69: 0x7ff6afb758d2 in expectation (test_zcu.obj)
                   if (!slot.live or slot.generation != handle.generation) return error.StaleHandle;
                                                                           ^
       C:\Users\requi\.omp\wt\t6b5416396\m\src\handles.zig:730:69: 0x7ff6afb758d2 in expectation (test_zcu.obj)
                   if (!slot.live or slot.generation != handle.generation) return error.StaleHandle;
                                                                           ^
       C:\Users\requi\.omp\wt\t6b5416396\m\src\handles.zig:727:46: 0x7ff6afb73585 in expectation (test_zcu.obj)
                   if (handle.owner != model.owner) return error.WrongOwner;
                                                    ^
       C:\Users\requi\.omp\wt\t6b5416396\m\src\handles.zig:730:69: 0x7ff6afb73652 in expectation (test_zcu.obj)
                   if (!slot.live or slot.generation != handle.generation) return error.StaleHandle;
                                                                           ^
       C:\Users\requi\.omp\wt\t6b5416396\m\src\handles.zig:730:69: 0x7ff6afb73652 in expectation (test_zcu.obj)
                   if (!slot.live or slot.generation != handle.generation) return error.StaleHandle;
                                                                           ^
       C:\src\fairpane\.tools\zig\0.18.0-dev.120+9fe22a29b\x86_64-windows\lib\std\testing.zig:178:21: 0x7ff6afcb0594 in expectEqualInner__func_4513 (test_zcu.obj)
                           return error.TestExpectedEqual;
                           ^
       C:\src\fairpane\.tools\zig\0.18.0-dev.120+9fe22a29b\x86_64-windows\lib\std\testing.zig:57: 0x7ff6afcb9347 in expectEqual (test_zcu.obj)
           return expectEqualInner(T, expected, actual);
       
       C:\Users\requi\.omp\wt\t6b5416396\m\src\encoding\tests.zig:468:5: 0x7ff6afcb93a5 in test.FP-0123 case 9 T1: two bytes do not decide the byte order mark before end-of-queue (test_zcu.obj)
           try testing.expectEqual(@as(?Encoding, null), d.encoding());
           ^
error: 'encoding.tests.test.FP-0123 case 9 T2: the byte order mark arrives one byte per call' failed:
       expected 3, found 0
       C:\src\fairpane\.tools\zig\0.18.0-dev.120+9fe22a29b\x86_64-windows\lib\std\testing.zig:93:17: 0x7ff6afb6d9ec in expectEqualInner__func_3505 (test_zcu.obj)
                       return error.TestExpectedEqual;
                       ^
       C:\src\fairpane\.tools\zig\0.18.0-dev.120+9fe22a29b\x86_64-windows\lib\std\testing.zig:57: 0x7ff6afb99e33 in expectEqual (test_zcu.obj)
           return expectEqualInner(T, expected, actual);
       
       C:\src\fairpane\.tools\zig\0.18.0-dev.120+9fe22a29b\x86_64-windows\lib\std\testing.zig:170:21: 0x7ff6afb99e5b in expectEqualInner__func_3657 (test_zcu.obj)
                           try expectEqual(expected_payload, actual_payload);
                           ^
       C:\src\fairpane\.tools\zig\0.18.0-dev.120+9fe22a29b\x86_64-windows\lib\std\testing.zig:57: 0x7ff6afcb8f19 in expectEqual (test_zcu.obj)
           return expectEqualInner(T, expected, actual);
       
       C:\Users\requi\.omp\wt\t6b5416396\m\src\encoding\tests.zig:489:5: 0x7ff6afcb8f65 in test.FP-0123 case 9 T2: the byte order mark arrives one byte per call (test_zcu.obj)
           try testing.expectEqual(@as(?u2, 3), d.bomLength());
           ^
error: 'encoding.tests.test.FP-0123 case 9 T3: end-of-queue decides on the two bytes that peeking returned' failed:
       expected null, found .utf_8
       C:\src\fairpane\.tools\zig\0.18.0-dev.120+9fe22a29b\x86_64-windows\lib\std\testing.zig:178:21: 0x7ff6afcb0594 in expectEqualInner__func_4513 (test_zcu.obj)
                           return error.TestExpectedEqual;
                           ^
       C:\src\fairpane\.tools\zig\0.18.0-dev.120+9fe22a29b\x86_64-windows\lib\std\testing.zig:57: 0x7ff6afcb8791 in expectEqual (test_zcu.obj)
           return expectEqualInner(T, expected, actual);
       
       C:\Users\requi\.omp\wt\t6b5416396\m\src\encoding\tests.zig:498:5: 0x7ff6afcb8804 in test.FP-0123 case 9 T3: end-of-queue decides on the two bytes that peeking returned (test_zcu.obj)
           try testing.expectEqual(@as(?Encoding, null), d.encoding());
           ^
error: 'encoding.tests.test.FP-0123 case 12: every partition of each row into chunks, and a 2-unit output buffer, give the one-call result' failed:
       slices differ. first difference occurs at index 0 (0x0)
       
       ============ expected this output: =============  len: 1 (0x1)
       
       [0]: 65
       
       ============= instead found this: ==============  len: 2 (0x2)
       
       [0]: 65279
       [1]: 65
       
       ================================================
       
       row G1: partition mask 1, trailing empty call false
       slices differ. first difference occurs at index 0 (0x0)
       
       ============ expected this output: =============  len: 1 (0x1)
       
       [0]: 65
       
       ============= instead found this: ==============  len: 2 (0x2)
       
       [0]: 48111
       [1]: 16831
       
       ================================================
       
       row G2: partition mask 1, trailing empty call false
       slices differ. first difference occurs at index 0 (0x0)
       
       ============ expected this output: =============  len: 1 (0x1)
       
       [0]: 65
       
       ============= instead found this: ==============  len: 4 (0x4)
       
       [0]: 65533
       [1]: 65533
       [2]: 0
       [3]: 65
       
       ================================================
       
       row G3: partition mask 1, trailing empty call false
       slices differ. first difference occurs at index 0 (0x0)
       
       ============ expected this output: =============  len: 1 (0x1)
       
       [0]: 65
       
       ============= instead found this: ==============  len: 4 (0x4)
       
       [0]: 65533
       [1]: 65533
       [2]: 65
       [3]: 0
       
       ================================================
       
       row G4: partition mask 1, trailing empty call false
       slices differ. first difference occurs at index 1 (0x1)
       
       ============ expected this output: =============  len: 1 (0x1)
       
       [0]: 65279
       
       ============= instead found this: ==============  len: 2 (0x2)
       
       [0]: 65279
       [1]: 65279
       
       ================================================
       
       row G5: partition mask 1, trailing empty call false
       slices differ. first difference occurs at index 0 (0x0)
       
       ============ expected this output: =============  len: 1 (0x1)
       
       [0]: 65279
       
       ============= instead found this: ==============  len: 4 (0x4)
       
       [0]: 65533
       [1]: 65533
       [2]: 65533
       [3]: 65533
       
       ================================================
       
       row G6: partition mask 1, trailing empty call false
       slices differ. first difference occurs at index 0 (0x0)
       
       ============ expected this output: =============  len: 1 (0x1)
       
       [0]: 65534
       
       ============= instead found this: ==============  len: 4 (0x4)
       
       [0]: 65533
       [1]: 65533
       [2]: 65533
       [3]: 65533
       
       ================================================
       
       row G7: partition mask 1, trailing empty call false
       slices differ. first difference occurs at index 0 (0x0)
       
       ============ expected this output: =============  len: 0 (0x0)
       
       
       ============= instead found this: ==============  len: 2 (0x2)
       
       [0]: 65533
       [1]: 65533
       
       ================================================
       
       row G9: partition mask 1, trailing empty call false
       slices differ. first difference occurs at index 1 (0x1)
       
       ============ expected this output: =============  len: 1 (0x1)
       
       [0]: 65533
       
       ============= instead found this: ==============  len: 3 (0x3)
       
       [0]: 65533
       [1]: 65533
       [2]: 65
       
       ================================================
       
       row G11: partition mask 1, trailing empty call false
       slices differ. first difference occurs at index 0 (0x0)
       
       ============ expected this output: =============  len: 0 (0x0)
       
       
       ============= instead found this: ==============  len: 1 (0x1)
       
       [0]: 65533
       
       ================================================
       
       row G13: partition mask 1, trailing empty call false
       row G17: partition mask 1, trailing empty call false
       slices differ. first difference occurs at index 0 (0x0)
       
       ============ expected this output: =============  len: 2 (0x2)
       
       [0]: 65533
       [1]: 65533
       
       ============= instead found this: ==============  len: 3 (0x3)
       
       [0]: 65279
       [1]: 65533
       [2]: 65533
       
       ================================================
       
       row G18: partition mask 1, trailing empty call false
       slices differ. first difference occurs at index 0 (0x0)
       
       ============ expected this output: =============  len: 1 (0x1)
       
       [0]: 65
       
       ============= instead found this: ==============  len: 2 (0x2)
       
       [0]: 65279
       [1]: 65
       
       ================================================
       
       row H1: partition mask 1, trailing empty call false
       slices differ. first difference occurs at index 1 (0x1)
       
       ============ expected this output: =============  len: 1 (0x1)
       
       [0]: 65279
       
       ============= instead found this: ==============  len: 2 (0x2)
       
       [0]: 65279
       [1]: 65279
       
       ================================================
       
       row H4: partition mask 1, trailing empty call false
       C:\src\fairpane\.tools\zig\0.18.0-dev.120+9fe22a29b\x86_64-windows\lib\std\testing.zig:584:14: 0x7ff6af97412f in expect (test_zcu.obj)
           if (!ok) return error.TestUnexpectedResult;
                    ^
       C:\Users\requi\.omp\wt\t6b5416396\m\src\encoding\tests.zig:636:5: 0x7ff6afcafe80 in test.FP-0123 case 12: every partition of each row into chunks, and a 2-unit output buffer, give the one-call result (test_zcu.obj)
           try testing.expect(passed);
           ^
failed command: cd . && ".\\out\\fp0123-mutation\\o\\136588f9300166d1c8da262adc755905\\test.exe" "--cache-dir=.\\out\\fp0123-mutation" --seed=0xfa71e755 --listen=-

Build Summary: 99/101 steps succeeded (1 failed); 340/344 tests passed (4 failed)
test transitive failure
+- run test 295 pass, 4 fail (299 total)
|  +- compile test debug native success 12s MaxRSS:929M
+- run test 45 pass (45 total) 373ms MaxRSS:16M
|  +- compile test debug native success 5s MaxRSS:418M
+- FP-0007 case 13: case 2 passes with exit status 0 success 67ms
|  +- install fairpane-lab success
|     +- compile exe fairpane-lab debug native success 4s MaxRSS:367M
+- FP-0007 case 13: case 3 fails with exit status 1 success 63ms
|  +- install fairpane-lab (+1 more reused dependencies)
+- FP-0007 case 13: case 4 is unsupported with exit status 2 success 57ms
|  +- install fairpane-lab (+1 more reused dependencies)
+- FP-0007 case 13: case 1 is a harness error with exit status 3 success 51ms
|  +- install fairpane-lab (+1 more reused dependencies)
+- FP-0007 case 13: case 8 times out with exit status 4 success 57ms
|  +- install fairpane-lab (+1 more reused dependencies)
+- FP-0007 case 13: an unknown command exits with status 64 and writes no result success 63ms
|  +- install fairpane-lab (+1 more reused dependencies)
+- FP-0008 case 26: case 18 passes with exit status 0 success 65ms
|  +- install fairpane-lab (+1 more reused dependencies)
+- FP-0008 case 26: the token_count variant of case 19 fails with exit status 1 success 54ms
|  +- install fairpane-lab (+1 more reused dependencies)
+- FP-0008 case 26: the <p> case of case 21 is unsupported with exit status 2 success 59ms
|  +- install fairpane-lab (+1 more reused dependencies)
+- FP-0123 case 15 Lab-7: the UTF-16BE tokenize case of Lab-3 passes with exit status 0 success 61ms
|  +- install fairpane-lab (+1 more reused dependencies)
+- FP-0007 case 14: minimize reduces a failing fetch case with a 4096-byte body success 110ms
|  +- install fairpane-lab (+1 more reused dependencies)
+- FP-0007 case 14: the minimized case fails the same check success 9ms
|  +- install fairpane-lab (+1 more reused dependencies)
|  +- FP-0007 case 14: minimize reduces a failing fetch case with a 4096-byte body (+1 more reused dependencies)
+- FP-0007 case 14: the minimized document body is 1-minimal success 16ms
|  +- compile exe fairpane-lab-check debug native success 4s MaxRSS:356M
|  +- FP-0007 case 14: minimize reduces a failing fetch case with a 4096-byte body (+1 more reused dependencies)
+- FP-0007 case 14: minimize refuses a passing case success 60ms
|  +- install fairpane-lab (+1 more reused dependencies)
+- FP-0007 case 14: a refused minimization writes nothing success 47ms
|  +- compile exe fairpane-lab-check debug native (reused)
|  +- FP-0007 case 14: minimize refuses a passing case (+1 more reused dependencies)
+- FP-0054 case 5: minimize refuses an --out path that names the input file through another spelling success 54ms
|  +- install fairpane-lab (+1 more reused dependencies)
|  +- FP-0054 case 5: create a fresh directory success 129ms
|  |  +- compile exe fairpane-lab-check debug native (reused)
|  +- FP-0054 case 5: create a fresh directory (+1 more reused dependencies)
+- FP-0054 case 5: the refused minimization leaves the input unchanged success 61ms
|  +- compile exe fairpane-lab-check debug native (reused)
|  +- FP-0054 case 5: create a fresh directory (+1 more reused dependencies)
|  +- FP-0054 case 5: minimize refuses an --out path that names the input file through another spelling (+3 more reused dependencies)
+- FP-0054 revision 1 case 1: minimize refuses an --out path that is a hard link to the input file success 57ms
|  +- install fairpane-lab (+1 more reused dependencies)
|  +- FP-0054 revision 1 case 1: create a fresh directory success 99ms
|     +- compile exe fairpane-lab-check debug native (reused)
+- FP-0054 revision 1 case 1: the refused command leaves the input unchanged success 60ms
|  +- compile exe fairpane-lab-check debug native (reused)
|  +- FP-0054 revision 1 case 1: create a fresh directory (+1 more reused dependencies)
|  +- FP-0054 revision 1 case 1: minimize refuses an --out path that is a hard link to the input file (+2 more reused dependencies)
+- FP-0054 revision 1 case 2: run refuses a --transcript path that is a hard link to the input file success 52ms
|  +- install fairpane-lab (+1 more reused dependencies)
|  +- FP-0054 revision 1 case 2: create a fresh directory success 96ms
|     +- compile exe fairpane-lab-check debug native (reused)
+- FP-0054 revision 1 case 2: the refused command leaves the input unchanged success 60ms
|  +- compile exe fairpane-lab-check debug native (reused)
|  +- FP-0054 revision 1 case 2: create a fresh directory (+1 more reused dependencies)
|  +- FP-0054 revision 1 case 2: run refuses a --transcript path that is a hard link to the input file (+2 more reused dependencies)
+- FP-0054 revision 1 case 3: minimize refuses an --out path that names the input file in other letter case success 62ms
|  +- install fairpane-lab (+1 more reused dependencies)
|  +- FP-0054 revision 1 case 3: create a fresh directory success 128ms
|     +- compile exe fairpane-lab-check debug native (reused)
+- FP-0054 revision 1 case 3: the refused command leaves the input unchanged success 58ms
|  +- compile exe fairpane-lab-check debug native (reused)
|  +- FP-0054 revision 1 case 3: create a fresh directory (+1 more reused dependencies)
|  +- FP-0054 revision 1 case 3: minimize refuses an --out path that names the input file in other letter case (+2 more reused dependencies)
+- FP-0054 revision 1 case 4: minimize writes over a separate byte-identical copy of the input file success 52ms
|  +- install fairpane-lab (+1 more reused dependencies)
|  +- FP-0054 revision 1 case 4: create a fresh directory success 98ms
|     +- compile exe fairpane-lab-check debug native (reused)
+- FP-0054 revision 1 case 4: the written case is a version 2 case derived from the input digest success 61ms
|  +- compile exe fairpane-lab-check debug native (reused)
|  +- FP-0054 revision 1 case 4: create a fresh directory (+1 more reused dependencies)
|  +- FP-0054 revision 1 case 4: minimize writes over a separate byte-identical copy of the input file (+2 more reused dependencies)
+- FP-0054 revision 1 case 5: run, minimize, and replay report files one byte above the size limit success 138ms
|  +- compile exe fairpane-lab-check debug native (reused)
|  +- FP-0054 revision 1 case 5: create a fresh directory success 92ms
|  |  +- compile exe fairpane-lab-check debug native (reused)
|  +- install fairpane-lab (+1 more reused dependencies)
+- FP-0076 case 3: minimize writes over an existing out.json whose ACL denies read-data access to Everyone success 62ms
|  +- install fairpane-lab (+1 more reused dependencies)
|  +- FP-0076 case 3: create a fresh directory success 95ms
|     +- compile exe fairpane-lab-check debug native (reused)
+- FP-0076 case 3: out.json is a version 2 case derived from the input digest success 7ms
|  +- compile exe fairpane-lab-check debug native (reused)
|  +- FP-0076 case 3: create a fresh directory (+1 more reused dependencies)
|  +- FP-0076 case 3: restore read access to out.json success 58ms
|     +- compile exe fairpane-lab-check debug native (reused)
|     +- FP-0076 case 3: create a fresh directory (+1 more reused dependencies)
|     +- FP-0076 case 3: minimize writes over an existing out.json whose ACL denies read-data access to Everyone (+2 more reused dependencies)
+- FP-0076 case 4: minimize reports the output path out|.json, which cannot be identified success 56ms
|  +- install fairpane-lab (+1 more reused dependencies)
|  +- FP-0076 case 4: create a fresh directory success 95ms
|     +- compile exe fairpane-lab-check debug native (reused)
+- FP-0076 case 4: the directory gains no file success 60ms
|  +- compile exe fairpane-lab-check debug native (reused)
|  +- FP-0076 case 4: create a fresh directory (+1 more reused dependencies)
|  +- FP-0076 case 4: minimize reports the output path out|.json, which cannot be identified (+2 more reused dependencies)
+- FP-0076 case 7: the revision 1 case 5 helper reports failing checks and removes both oversized files success 103ms
|  +- compile exe fairpane-lab-check debug native (reused)
|  +- FP-0076 case 7: create a fresh directory success 130ms
|  |  +- compile exe fairpane-lab-check debug native (reused)
|  +- compile exe fairpane-lab-check debug native (reused)
+- FP-0076 case 7: no file remains after the failing run success 44ms
|  +- compile exe fairpane-lab-check debug native (reused)
|  +- FP-0076 case 7: create a fresh directory (+1 more reused dependencies)
|  +- FP-0076 case 7: the revision 1 case 5 helper reports failing checks and removes both oversized files (+3 more reused dependencies)
+- FP-0011 case 4: leaf_invokes_to_number.zig success 613ms
+- FP-0011 case 4: leaf_invokes_number_to_string.zig success 825ms
+- FP-0011 case 4: allocation_invokes_call.zig success 851ms
+- FP-0011 case 4: leaf_allocates.zig success 797ms
+- FP-0011 case 4: mutation_throws.zig success 779ms
+- FP-0011 case 4: leaf_calls_behavior.zig success 765ms
+- FP-0011 case 4: leaf_positive.zig success 820ms
+- FP-0011 case 5: catalog_callback_alone.zig success 751ms
+- FP-0011 case 5: catalog_exception_alone.zig success 427ms
+- FP-0011 case 5: catalog_duplicate_id.zig success 585ms
+- FP-0011 case 5: kernel_wider_context.zig success 510ms
+- FP-0011 case 5: kernel_undeclared_throw.zig success 429ms
+- FP-0011 case 8: layout_undescribed_field.zig success 548ms
+- FP-0011 case 8: layout_plain_reference.zig success 488ms
+- FP-0011 case 8: layout_missing_field.zig success 807ms
+- FP-0011 case 20: abi_reference_value.zig success 430ms
+- FP-0011 case 20: abi_nan_box_value.zig success 796ms
+- FP-0011 case 20: abi_tagged_index_value.zig success 795ms
+- FP-0011 case 34: leaf_reaches_heap.zig success 529ms
+- FP-0011 case 35: leaf_widens_context.zig success 535ms
+- FP-0011 case 36: binding_missing_kernel.zig success 784ms
+- FP-0011 case 36: binding_stray_kernel.zig success 784ms
+- library-test success
|  +- run test cached
|  |  +- compile test debug native cached 56ms MaxRSS:21M
|  +- FP-0066 case 1: ReleaseSafe libraries built in two directories are byte-identical success 17ms
|  |  +- compile exe fairpane-library-check debug native cached 145ms MaxRSS:21M
|  |  +- archive fairpane.lib safe success 20ms
|  |  |  +- compile obj fairpane_zcu safe native success 4s MaxRSS:173M
|  |  |     +- WriteFile fp0066-tree-a/src success
|  |  +- archive fairpane.lib safe success 21ms
|  |     +- compile obj fairpane_zcu safe native success 4s MaxRSS:174M
|  |        +- WriteFile fp0066-tree-a/src (reused)
|  +- FP-0066 case 2: the ReleaseSafe library contains neither its build directory nor the compiler installation directory success 56ms
|  |  +- compile exe fairpane-library-check debug native (reused)
|  |  +- archive fairpane.lib safe (+1 more reused dependencies)
|  |  +- WriteFile fp0066-tree-a/src (reused)
|  +- FP-0066 case 4: the Debug library keeps debug information that names the absolute source directory success 49ms
|  |  +- compile exe fairpane-library-check debug native (reused)
|  |  +- archive fairpane.lib debug success 31ms
|  |     +- compile obj fairpane_zcu debug native success 2s MaxRSS:268M
|  +- FP-0066 case 5: the ReleaseSafe library's only member is the object, named without a directory success 9ms
|  |  +- compile exe fairpane-library-check debug native (reused)
|  |  +- archive fairpane.lib safe (+1 more reused dependencies)
|  +- FP-0066: every member header of the ReleaseSafe library has a zero time stamp, owner, and group success 11ms
|     +- compile exe fairpane-library-check debug native (reused)
|     +- archive fairpane.lib safe (+1 more reused dependencies)
+- FP-0082 case 16: valid.js exits with status 0 and prints the T9 dump success 42ms
|  +- install fairpane-js-parse success
|     +- compile exe fairpane-js-parse debug native success 3s MaxRSS:347M
|        +- WriteFile src success
+- FP-0082 case 16: syntax.js exits with status 1 and prints its syntax error success 44ms
|  +- install fairpane-js-parse (+1 more reused dependencies)
+- FP-0082 case 16: unsupported.js exits with status 2 and prints its unsupported outcome success 47ms
|  +- install fairpane-js-parse (+1 more reused dependencies)
+- FP-0082 case 16: invalid-utf8.js exits with status 3 success 45ms
|  +- install fairpane-js-parse (+1 more reused dependencies)
+- FP-0082 case 16: a missing path exits with status 3 success 47ms
|  +- install fairpane-js-parse (+1 more reused dependencies)
+- FP-0082 case 16: no arguments exits with status 3 and writes the usage success 40ms
|  +- install fairpane-js-parse (+1 more reused dependencies)
+- FP-0082 case 17: the census of the sound fixture exits with status 0 success 53ms
|  +- install fairpane-js-parse (+1 more reused dependencies)
+- FP-0082 case 17: the census of the unsound fixture exits with status 1 success 51ms
|  +- install fairpane-js-parse (+1 more reused dependencies)
+- FP-0082 case 17: the census refuses an existing output file and exits with status 3 success 48ms
   +- install fairpane-js-parse (+1 more reused dependencies)
   +- WriteFile existing.jsonl cached

error: the following build command exited with code 1:
C:\src\fairpane\.zig-cache\global\o\253f29e51d3f235ff7bb0cfb57b92bf7\maker.exe build --zig-lib=C:\src\fairpane\.tools\zig\0.18.0-dev.120+9fe22a29b\x86_64-windows\lib --zig=C:\src\fairpane\.tools\zig\0.18.0-dev.120+9fe22a29b\x86_64-windows\zig.exe --global-cache=C:\src\fairpane\.zig-cache\global --seed=0xfa71e755 test --summary all --cache-dir out/fp0123-mutation
RESULT {"executable":"C:\\src\\fairpane\\.tools\\zig\\0.18.0-dev.120+9fe22a29b\\x86_64-windows\\zig.exe","arguments":["build","test","--summary","all","--cache-dir","out/fp0123-mutation"],"cwd":"C:\\Users\\requi\\.omp\\wt\\t6b5416396\\m","started_at":"2026-10-09T18:27:24.801Z","exit_code":1,"signal":null,"timed_out":false,"error":null,"duration_ms":47591,"environment_overrides":{"ZIG_GLOBAL_CACHE_DIR":"C:\\src\\fairpane\\.zig-cache\\global"}}

COMMAND ["C:\\Program Files\\Git\\cmd\\git.exe","apply","-R","engineering/evidence/FP-0123/raw/mutation-M6.diff"]
RESULT {"executable":"C:\\Program Files\\Git\\cmd\\git.exe","arguments":["apply","-R","engineering/evidence/FP-0123/raw/mutation-M6.diff"],"cwd":"C:\\Users\\requi\\.omp\\wt\\t6b5416396\\m","started_at":"2026-10-09T18:28:12.458Z","exit_code":0,"signal":null,"timed_out":false,"error":null,"duration_ms":28}

COMMAND ["C:\\Program Files\\Git\\cmd\\git.exe","hash-object","src/encoding/root.zig"]
c003462293d0579767bffe8e040d099df7ecec24
RESULT {"executable":"C:\\Program Files\\Git\\cmd\\git.exe","arguments":["hash-object","src/encoding/root.zig"],"cwd":"C:\\Users\\requi\\.omp\\wt\\t6b5416396\\m","started_at":"2026-10-09T18:28:12.546Z","exit_code":0,"signal":null,"timed_out":false,"error":null,"duration_ms":23}

COMMAND ["C:\\Program Files\\Git\\cmd\\git.exe","hash-object","src/encoding/root.zig"]
c003462293d0579767bffe8e040d099df7ecec24
RESULT {"executable":"C:\\Program Files\\Git\\cmd\\git.exe","arguments":["hash-object","src/encoding/root.zig"],"cwd":"C:\\Users\\requi\\.omp\\wt\\t6b5416396\\m","started_at":"2026-10-09T18:28:12.628Z","exit_code":0,"signal":null,"timed_out":false,"error":null,"duration_ms":22}

COMMAND ["C:\\Program Files\\Git\\cmd\\git.exe","apply","engineering/evidence/FP-0123/raw/mutation-M7.diff"]
RESULT {"executable":"C:\\Program Files\\Git\\cmd\\git.exe","arguments":["apply","engineering/evidence/FP-0123/raw/mutation-M7.diff"],"cwd":"C:\\Users\\requi\\.omp\\wt\\t6b5416396\\m","started_at":"2026-10-09T18:28:12.711Z","exit_code":0,"signal":null,"timed_out":false,"error":null,"duration_ms":25}

COMMAND ["C:\\Program Files\\Git\\cmd\\git.exe","hash-object","src/encoding/root.zig"]
fcc10bb0c49e95eaab07fad29ae5ccf6096c4380
RESULT {"executable":"C:\\Program Files\\Git\\cmd\\git.exe","arguments":["hash-object","src/encoding/root.zig"],"cwd":"C:\\Users\\requi\\.omp\\wt\\t6b5416396\\m","started_at":"2026-10-09T18:28:12.798Z","exit_code":0,"signal":null,"timed_out":false,"error":null,"duration_ms":23}

COMMAND ["C:\\src\\fairpane\\.tools\\zig\\0.18.0-dev.120+9fe22a29b\\x86_64-windows\\zig.exe","build","test","--summary","all","--cache-dir","out/fp0123-mutation"]
test
+- FP-0082 case 16: a missing path exits with status 3 w
fairpane-js-parse: tests/js/parse/missing.js: FileNotFound
failed command: cd . && ".\\zig-out\\bin\\fairpane-js-parse.exe" file tests/js/parse/missing.js

test
+- FP-0082 case 16: invalid-utf8.js exits with status 3 w
fairpane-js-parse: .\tests\js\parse\invalid-utf8.js: InvalidUtf8
failed command: ".\\zig-out\\bin\\fairpane-js-parse.exe" file ".\\tests\\js\\parse\\invalid-utf8.js"

test
+- FP-0082 case 17: the census refuses an existing output file and exits with status 3 w
fairpane-js-parse: census: cannot create .\out\fp0123-mutation\o\0c925f44918d6f5adba948a0455992d0\existing.jsonl: PathAlreadyExists
failed command: ".\\zig-out\\bin\\fairpane-js-parse.exe" census ".\\tests\\js\\census\\sound" ".\\out\\fp0123-mutation\\o\\0c925f44918d6f5adba948a0455992d0\\existing.jsonl"

test
+- run test 298 pass, 1 fail (299 total)
error: 'encoding.tests.test.FP-0123 case 3: getEncoding trims ASCII whitespace and matches labels ASCII case-insensitively, for u8 and u16' failed:
       FP-0082 case 10: measured stack use 21120 bytes for 1022 terms and 20992 bytes for 1021 parentheses
       expected .utf_8, found null
       getEncoding label: "\t\n\x0c\r unicode-1-1-utf-8\t\n\x0c\r "
       C:\Users\requi\.omp\wt\t6b5416396\m\src\handles.zig:727:46: 0x7ff681e986e5 in expectation (test_zcu.obj)
                   if (handle.owner != model.owner) return error.WrongOwner;
                                                    ^
       C:\Users\requi\.omp\wt\t6b5416396\m\src\handles.zig:730:69: 0x7ff681e93652 in expectation (test_zcu.obj)
                   if (!slot.live or slot.generation != handle.generation) return error.StaleHandle;
                                                                           ^
       C:\Users\requi\.omp\wt\t6b5416396\m\src\handles.zig:730:69: 0x7ff681e93652 in expectation (test_zcu.obj)
                   if (!slot.live or slot.generation != handle.generation) return error.StaleHandle;
                                                                           ^
       C:\Users\requi\.omp\wt\t6b5416396\m\src\handles.zig:730:69: 0x7ff681e93652 in expectation (test_zcu.obj)
                   if (!slot.live or slot.generation != handle.generation) return error.StaleHandle;
                                                                           ^
       C:\Users\requi\.omp\wt\t6b5416396\m\src\handles.zig:728:70: 0x7ff681e935dd in expectation (test_zcu.obj)
                   if (handle.generation == 0 or handle.index >= model.len) return error.InvalidHandle;
                                                                            ^
       C:\Users\requi\.omp\wt\t6b5416396\m\src\handles.zig:730:69: 0x7ff681e93652 in expectation (test_zcu.obj)
                   if (!slot.live or slot.generation != handle.generation) return error.StaleHandle;
                                                                           ^
       C:\Users\requi\.omp\wt\t6b5416396\m\src\handles.zig:730:69: 0x7ff681e958d2 in expectation (test_zcu.obj)
                   if (!slot.live or slot.generation != handle.generation) return error.StaleHandle;
                                                                           ^
       C:\Users\requi\.omp\wt\t6b5416396\m\src\handles.zig:730:69: 0x7ff681e93652 in expectation (test_zcu.obj)
                   if (!slot.live or slot.generation != handle.generation) return error.StaleHandle;
                                                                           ^
       C:\Users\requi\.omp\wt\t6b5416396\m\src\handles.zig:730:69: 0x7ff681e93652 in expectation (test_zcu.obj)
                   if (!slot.live or slot.generation != handle.generation) return error.StaleHandle;
                                                                           ^
       C:\Users\requi\.omp\wt\t6b5416396\m\src\handles.zig:730:69: 0x7ff681e93652 in expectation (test_zcu.obj)
                   if (!slot.live or slot.generation != handle.generation) return error.StaleHandle;
                                                                           ^
       C:\Users\requi\.omp\wt\t6b5416396\m\src\handles.zig:730:69: 0x7ff681e93652 in expectation (test_zcu.obj)
                   if (!slot.live or slot.generation != handle.generation) return error.StaleHandle;
                                                                           ^
       C:\Users\requi\.omp\wt\t6b5416396\m\src\handles.zig:730:69: 0x7ff681e93652 in expectation (test_zcu.obj)
                   if (!slot.live or slot.generation != handle.generation) return error.StaleHandle;
                                                                           ^
       C:\Users\requi\.omp\wt\t6b5416396\m\src\handles.zig:730:69: 0x7ff681e93652 in expectation (test_zcu.obj)
                   if (!slot.live or slot.generation != handle.generation) return error.StaleHandle;
                                                                           ^
       C:\Users\requi\.omp\wt\t6b5416396\m\src\handles.zig:730:69: 0x7ff681e93652 in expectation (test_zcu.obj)
                   if (!slot.live or slot.generation != handle.generation) return error.StaleHandle;
                                                                           ^
       C:\Users\requi\.omp\wt\t6b5416396\m\src\handles.zig:728:70: 0x7ff681e935dd in expectation (test_zcu.obj)
                   if (handle.generation == 0 or handle.index >= model.len) return error.InvalidHandle;
                                                                            ^
       C:\Users\requi\.omp\wt\t6b5416396\m\src\handles.zig:730:69: 0x7ff681e958d2 in expectation (test_zcu.obj)
                   if (!slot.live or slot.generation != handle.generation) return error.StaleHandle;
                                                                           ^
       C:\Users\requi\.omp\wt\t6b5416396\m\src\handles.zig:730:69: 0x7ff681e958d2 in expectation (test_zcu.obj)
                   if (!slot.live or slot.generation != handle.generation) return error.StaleHandle;
                                                                           ^
       C:\Users\requi\.omp\wt\t6b5416396\m\src\handles.zig:727:46: 0x7ff681e93585 in expectation (test_zcu.obj)
                   if (handle.owner != model.owner) return error.WrongOwner;
                                                    ^
       C:\Users\requi\.omp\wt\t6b5416396\m\src\handles.zig:730:69: 0x7ff681e93652 in expectation (test_zcu.obj)
                   if (!slot.live or slot.generation != handle.generation) return error.StaleHandle;
                                                                           ^
       C:\Users\requi\.omp\wt\t6b5416396\m\src\handles.zig:730:69: 0x7ff681e93652 in expectation (test_zcu.obj)
                   if (!slot.live or slot.generation != handle.generation) return error.StaleHandle;
                                                                           ^
       C:\src\fairpane\.tools\zig\0.18.0-dev.120+9fe22a29b\x86_64-windows\lib\std\testing.zig:173:21: 0x7ff681fd0514 in expectEqualInner__func_4513 (test_zcu.obj)
                           return error.TestExpectedEqual;
                           ^
       C:\src\fairpane\.tools\zig\0.18.0-dev.120+9fe22a29b\x86_64-windows\lib\std\testing.zig:57: 0x7ff681fdbbee in expectEqual (test_zcu.obj)
           return expectEqualInner(T, expected, actual);
       
       C:\Users\requi\.omp\wt\t6b5416396\m\src\encoding\tests.zig:102:5: 0x7ff681fdbcce in expectGet (test_zcu.obj)
           try testing.expectEqual(expected, encoding.getEncoding(u8, label));
           ^
       C:\Users\requi\.omp\wt\t6b5416396\m\src\encoding\tests.zig:117:13: 0x7ff681fdc1e2 in test.FP-0123 case 3: getEncoding trims ASCII whitespace and matches labels ASCII case-insensitively, for u8 and u16 (test_zcu.obj)
                   try expectGet(e, surrounded);
                   ^
failed command: cd . && ".\\out\\fp0123-mutation\\o\\ea33ff905768f22133aeddedd931a94a\\test.exe" "--cache-dir=.\\out\\fp0123-mutation" --seed=0x3bc4c3d --listen=-

Build Summary: 99/101 steps succeeded (1 failed); 343/344 tests passed (1 failed)
test transitive failure
+- run test 298 pass, 1 fail (299 total)
|  +- compile test debug native success 11s MaxRSS:940M
+- run test 45 pass (45 total) 380ms MaxRSS:16M
|  +- compile test debug native success 5s MaxRSS:425M
+- FP-0007 case 13: case 2 passes with exit status 0 success 71ms
|  +- install fairpane-lab success
|     +- compile exe fairpane-lab debug native success 4s MaxRSS:378M
+- FP-0007 case 13: case 3 fails with exit status 1 success 65ms
|  +- install fairpane-lab (+1 more reused dependencies)
+- FP-0007 case 13: case 4 is unsupported with exit status 2 success 70ms
|  +- install fairpane-lab (+1 more reused dependencies)
+- FP-0007 case 13: case 1 is a harness error with exit status 3 success 59ms
|  +- install fairpane-lab (+1 more reused dependencies)
+- FP-0007 case 13: case 8 times out with exit status 4 success 69ms
|  +- install fairpane-lab (+1 more reused dependencies)
+- FP-0007 case 13: an unknown command exits with status 64 and writes no result success 54ms
|  +- install fairpane-lab (+1 more reused dependencies)
+- FP-0008 case 26: case 18 passes with exit status 0 success 63ms
|  +- install fairpane-lab (+1 more reused dependencies)
+- FP-0008 case 26: the token_count variant of case 19 fails with exit status 1 success 67ms
|  +- install fairpane-lab (+1 more reused dependencies)
+- FP-0008 case 26: the <p> case of case 21 is unsupported with exit status 2 success 57ms
|  +- install fairpane-lab (+1 more reused dependencies)
+- FP-0123 case 15 Lab-7: the UTF-16BE tokenize case of Lab-3 passes with exit status 0 success 61ms
|  +- install fairpane-lab (+1 more reused dependencies)
+- FP-0007 case 14: minimize reduces a failing fetch case with a 4096-byte body success 122ms
|  +- install fairpane-lab (+1 more reused dependencies)
+- FP-0007 case 14: the minimized case fails the same check success 51ms
|  +- install fairpane-lab (+1 more reused dependencies)
|  +- FP-0007 case 14: minimize reduces a failing fetch case with a 4096-byte body (+1 more reused dependencies)
+- FP-0007 case 14: the minimized document body is 1-minimal success 57ms
|  +- compile exe fairpane-lab-check debug native success 4s MaxRSS:367M
|  +- FP-0007 case 14: minimize reduces a failing fetch case with a 4096-byte body (+1 more reused dependencies)
+- FP-0007 case 14: minimize refuses a passing case success 73ms
|  +- install fairpane-lab (+1 more reused dependencies)
+- FP-0007 case 14: a refused minimization writes nothing success 82ms
|  +- compile exe fairpane-lab-check debug native (reused)
|  +- FP-0007 case 14: minimize refuses a passing case (+1 more reused dependencies)
+- FP-0054 case 5: minimize refuses an --out path that names the input file through another spelling success 53ms
|  +- install fairpane-lab (+1 more reused dependencies)
|  +- FP-0054 case 5: create a fresh directory success 57ms
|  |  +- compile exe fairpane-lab-check debug native (reused)
|  +- FP-0054 case 5: create a fresh directory (+1 more reused dependencies)
+- FP-0054 case 5: the refused minimization leaves the input unchanged success 35ms
|  +- compile exe fairpane-lab-check debug native (reused)
|  +- FP-0054 case 5: create a fresh directory (+1 more reused dependencies)
|  +- FP-0054 case 5: minimize refuses an --out path that names the input file through another spelling (+3 more reused dependencies)
+- FP-0054 revision 1 case 1: minimize refuses an --out path that is a hard link to the input file success 59ms
|  +- install fairpane-lab (+1 more reused dependencies)
|  +- FP-0054 revision 1 case 1: create a fresh directory success 52ms
|     +- compile exe fairpane-lab-check debug native (reused)
+- FP-0054 revision 1 case 1: the refused command leaves the input unchanged success 62ms
|  +- compile exe fairpane-lab-check debug native (reused)
|  +- FP-0054 revision 1 case 1: create a fresh directory (+1 more reused dependencies)
|  +- FP-0054 revision 1 case 1: minimize refuses an --out path that is a hard link to the input file (+2 more reused dependencies)
+- FP-0054 revision 1 case 2: run refuses a --transcript path that is a hard link to the input file success 63ms
|  +- install fairpane-lab (+1 more reused dependencies)
|  +- FP-0054 revision 1 case 2: create a fresh directory success 53ms
|     +- compile exe fairpane-lab-check debug native (reused)
+- FP-0054 revision 1 case 2: the refused command leaves the input unchanged success 62ms
|  +- compile exe fairpane-lab-check debug native (reused)
|  +- FP-0054 revision 1 case 2: create a fresh directory (+1 more reused dependencies)
|  +- FP-0054 revision 1 case 2: run refuses a --transcript path that is a hard link to the input file (+2 more reused dependencies)
+- FP-0054 revision 1 case 3: minimize refuses an --out path that names the input file in other letter case success 57ms
|  +- install fairpane-lab (+1 more reused dependencies)
|  +- FP-0054 revision 1 case 3: create a fresh directory success 55ms
|     +- compile exe fairpane-lab-check debug native (reused)
+- FP-0054 revision 1 case 3: the refused command leaves the input unchanged success 34ms
|  +- compile exe fairpane-lab-check debug native (reused)
|  +- FP-0054 revision 1 case 3: create a fresh directory (+1 more reused dependencies)
|  +- FP-0054 revision 1 case 3: minimize refuses an --out path that names the input file in other letter case (+2 more reused dependencies)
+- FP-0054 revision 1 case 4: minimize writes over a separate byte-identical copy of the input file success 62ms
|  +- install fairpane-lab (+1 more reused dependencies)
|  +- FP-0054 revision 1 case 4: create a fresh directory success 85ms
|     +- compile exe fairpane-lab-check debug native (reused)
+- FP-0054 revision 1 case 4: the written case is a version 2 case derived from the input digest success 60ms
|  +- compile exe fairpane-lab-check debug native (reused)
|  +- FP-0054 revision 1 case 4: create a fresh directory (+1 more reused dependencies)
|  +- FP-0054 revision 1 case 4: minimize writes over a separate byte-identical copy of the input file (+2 more reused dependencies)
+- FP-0054 revision 1 case 5: run, minimize, and replay report files one byte above the size limit success 135ms
|  +- compile exe fairpane-lab-check debug native (reused)
|  +- FP-0054 revision 1 case 5: create a fresh directory success 53ms
|  |  +- compile exe fairpane-lab-check debug native (reused)
|  +- install fairpane-lab (+1 more reused dependencies)
+- FP-0076 case 3: minimize writes over an existing out.json whose ACL denies read-data access to Everyone success 67ms
|  +- install fairpane-lab (+1 more reused dependencies)
|  +- FP-0076 case 3: create a fresh directory success 89ms
|     +- compile exe fairpane-lab-check debug native (reused)
+- FP-0076 case 3: out.json is a version 2 case derived from the input digest success 59ms
|  +- compile exe fairpane-lab-check debug native (reused)
|  +- FP-0076 case 3: create a fresh directory (+1 more reused dependencies)
|  +- FP-0076 case 3: restore read access to out.json success 60ms
|     +- compile exe fairpane-lab-check debug native (reused)
|     +- FP-0076 case 3: create a fresh directory (+1 more reused dependencies)
|     +- FP-0076 case 3: minimize writes over an existing out.json whose ACL denies read-data access to Everyone (+2 more reused dependencies)
+- FP-0076 case 4: minimize reports the output path out|.json, which cannot be identified success 55ms
|  +- install fairpane-lab (+1 more reused dependencies)
|  +- FP-0076 case 4: create a fresh directory success 57ms
|     +- compile exe fairpane-lab-check debug native (reused)
+- FP-0076 case 4: the directory gains no file success 36ms
|  +- compile exe fairpane-lab-check debug native (reused)
|  +- FP-0076 case 4: create a fresh directory (+1 more reused dependencies)
|  +- FP-0076 case 4: minimize reports the output path out|.json, which cannot be identified (+2 more reused dependencies)
+- FP-0076 case 7: the revision 1 case 5 helper reports failing checks and removes both oversized files success 88ms
|  +- compile exe fairpane-lab-check debug native (reused)
|  +- FP-0076 case 7: create a fresh directory success 54ms
|  |  +- compile exe fairpane-lab-check debug native (reused)
|  +- compile exe fairpane-lab-check debug native (reused)
+- FP-0076 case 7: no file remains after the failing run success 44ms
|  +- compile exe fairpane-lab-check debug native (reused)
|  +- FP-0076 case 7: create a fresh directory (+1 more reused dependencies)
|  +- FP-0076 case 7: the revision 1 case 5 helper reports failing checks and removes both oversized files (+3 more reused dependencies)
+- FP-0011 case 4: leaf_invokes_to_number.zig success 979ms
+- FP-0011 case 4: leaf_invokes_number_to_string.zig success 979ms
+- FP-0011 case 4: allocation_invokes_call.zig success 860ms
+- FP-0011 case 4: leaf_allocates.zig success 1s
+- FP-0011 case 4: mutation_throws.zig success 760ms
+- FP-0011 case 4: leaf_calls_behavior.zig success 842ms
+- FP-0011 case 4: leaf_positive.zig success 816ms
+- FP-0011 case 5: catalog_callback_alone.zig success 948ms
+- FP-0011 case 5: catalog_exception_alone.zig success 871ms
+- FP-0011 case 5: catalog_duplicate_id.zig success 948ms
+- FP-0011 case 5: kernel_wider_context.zig success 875ms
+- FP-0011 case 5: kernel_undeclared_throw.zig success 759ms
+- FP-0011 case 8: layout_undescribed_field.zig success 950ms
+- FP-0011 case 8: layout_plain_reference.zig success 866ms
+- FP-0011 case 8: layout_missing_field.zig success 1s
+- FP-0011 case 20: abi_reference_value.zig success 810ms
+- FP-0011 case 20: abi_nan_box_value.zig success 894ms
+- FP-0011 case 20: abi_tagged_index_value.zig success 814ms
+- FP-0011 case 34: leaf_reaches_heap.zig success 833ms
+- FP-0011 case 35: leaf_widens_context.zig success 819ms
+- FP-0011 case 36: binding_missing_kernel.zig success 761ms
+- FP-0011 case 36: binding_stray_kernel.zig success 842ms
+- library-test success
|  +- run test cached
|  |  +- compile test debug native cached 67ms MaxRSS:43M
|  +- FP-0066 case 1: ReleaseSafe libraries built in two directories are byte-identical success 15ms
|  |  +- compile exe fairpane-library-check debug native cached 77ms MaxRSS:43M
|  |  +- archive fairpane.lib safe success 19ms
|  |  |  +- compile obj fairpane_zcu safe native success 4s MaxRSS:176M
|  |  |     +- WriteFile fp0066-tree-a/src success
|  |  +- archive fairpane.lib safe success 19ms
|  |     +- compile obj fairpane_zcu safe native success 4s MaxRSS:175M
|  |        +- WriteFile fp0066-tree-a/src (reused)
|  +- FP-0066 case 2: the ReleaseSafe library contains neither its build directory nor the compiler installation directory success 54ms
|  |  +- compile exe fairpane-library-check debug native (reused)
|  |  +- archive fairpane.lib safe (+1 more reused dependencies)
|  |  +- WriteFile fp0066-tree-a/src (reused)
|  +- FP-0066 case 4: the Debug library keeps debug information that names the absolute source directory success 77ms
|  |  +- compile exe fairpane-library-check debug native (reused)
|  |  +- archive fairpane.lib debug success 23ms
|  |     +- compile obj fairpane_zcu debug native success 2s MaxRSS:280M
|  +- FP-0066 case 5: the ReleaseSafe library's only member is the object, named without a directory success 7ms
|  |  +- compile exe fairpane-library-check debug native (reused)
|  |  +- archive fairpane.lib safe (+1 more reused dependencies)
|  +- FP-0066: every member header of the ReleaseSafe library has a zero time stamp, owner, and group success 10ms
|     +- compile exe fairpane-library-check debug native (reused)
|     +- archive fairpane.lib safe (+1 more reused dependencies)
+- FP-0082 case 16: valid.js exits with status 0 and prints the T9 dump success 80ms
|  +- install fairpane-js-parse success
|     +- compile exe fairpane-js-parse debug native success 4s MaxRSS:356M
|        +- WriteFile src success
+- FP-0082 case 16: syntax.js exits with status 1 and prints its syntax error success 86ms
|  +- install fairpane-js-parse (+1 more reused dependencies)
+- FP-0082 case 16: unsupported.js exits with status 2 and prints its unsupported outcome success 85ms
|  +- install fairpane-js-parse (+1 more reused dependencies)
+- FP-0082 case 16: invalid-utf8.js exits with status 3 success 82ms
|  +- install fairpane-js-parse (+1 more reused dependencies)
+- FP-0082 case 16: a missing path exits with status 3 success 85ms
|  +- install fairpane-js-parse (+1 more reused dependencies)
+- FP-0082 case 16: no arguments exits with status 3 and writes the usage success 82ms
|  +- install fairpane-js-parse (+1 more reused dependencies)
+- FP-0082 case 17: the census of the sound fixture exits with status 0 success 91ms
|  +- install fairpane-js-parse (+1 more reused dependencies)
+- FP-0082 case 17: the census of the unsound fixture exits with status 1 success 89ms
|  +- install fairpane-js-parse (+1 more reused dependencies)
+- FP-0082 case 17: the census refuses an existing output file and exits with status 3 success 86ms
   +- install fairpane-js-parse (+1 more reused dependencies)
   +- WriteFile existing.jsonl cached

error: the following build command exited with code 1:
C:\src\fairpane\.zig-cache\global\o\253f29e51d3f235ff7bb0cfb57b92bf7\maker.exe build --zig-lib=C:\src\fairpane\.tools\zig\0.18.0-dev.120+9fe22a29b\x86_64-windows\lib --zig=C:\src\fairpane\.tools\zig\0.18.0-dev.120+9fe22a29b\x86_64-windows\zig.exe --global-cache=C:\src\fairpane\.zig-cache\global --seed=0x3bc4c3d test --summary all --cache-dir out/fp0123-mutation
RESULT {"executable":"C:\\src\\fairpane\\.tools\\zig\\0.18.0-dev.120+9fe22a29b\\x86_64-windows\\zig.exe","arguments":["build","test","--summary","all","--cache-dir","out/fp0123-mutation"],"cwd":"C:\\Users\\requi\\.omp\\wt\\t6b5416396\\m","started_at":"2026-10-09T18:28:12.885Z","exit_code":1,"signal":null,"timed_out":false,"error":null,"duration_ms":49615,"environment_overrides":{"ZIG_GLOBAL_CACHE_DIR":"C:\\src\\fairpane\\.zig-cache\\global"}}

COMMAND ["C:\\Program Files\\Git\\cmd\\git.exe","apply","-R","engineering/evidence/FP-0123/raw/mutation-M7.diff"]
RESULT {"executable":"C:\\Program Files\\Git\\cmd\\git.exe","arguments":["apply","-R","engineering/evidence/FP-0123/raw/mutation-M7.diff"],"cwd":"C:\\Users\\requi\\.omp\\wt\\t6b5416396\\m","started_at":"2026-10-09T18:29:02.570Z","exit_code":0,"signal":null,"timed_out":false,"error":null,"duration_ms":33}

COMMAND ["C:\\Program Files\\Git\\cmd\\git.exe","hash-object","src/encoding/root.zig"]
c003462293d0579767bffe8e040d099df7ecec24
RESULT {"executable":"C:\\Program Files\\Git\\cmd\\git.exe","arguments":["hash-object","src/encoding/root.zig"],"cwd":"C:\\Users\\requi\\.omp\\wt\\t6b5416396\\m","started_at":"2026-10-09T18:29:02.697Z","exit_code":0,"signal":null,"timed_out":false,"error":null,"duration_ms":28}

COMMAND ["C:\\Program Files\\Git\\cmd\\git.exe","hash-object","src/lab.zig"]
f69f8a4c39e03bbdea7b775f73d0bc4da5aaac04
RESULT {"executable":"C:\\Program Files\\Git\\cmd\\git.exe","arguments":["hash-object","src/lab.zig"],"cwd":"C:\\Users\\requi\\.omp\\wt\\t6b5416396\\m","started_at":"2026-10-09T18:29:02.803Z","exit_code":0,"signal":null,"timed_out":false,"error":null,"duration_ms":31}

COMMAND ["C:\\Program Files\\Git\\cmd\\git.exe","apply","engineering/evidence/FP-0123/raw/mutation-M8.diff"]
RESULT {"executable":"C:\\Program Files\\Git\\cmd\\git.exe","arguments":["apply","engineering/evidence/FP-0123/raw/mutation-M8.diff"],"cwd":"C:\\Users\\requi\\.omp\\wt\\t6b5416396\\m","started_at":"2026-10-09T18:29:02.911Z","exit_code":0,"signal":null,"timed_out":false,"error":null,"duration_ms":28}

COMMAND ["C:\\Program Files\\Git\\cmd\\git.exe","hash-object","src/lab.zig"]
7bd028bb84c8af40383108b2d8a985619f6ac76b
RESULT {"executable":"C:\\Program Files\\Git\\cmd\\git.exe","arguments":["hash-object","src/lab.zig"],"cwd":"C:\\Users\\requi\\.omp\\wt\\t6b5416396\\m","started_at":"2026-10-09T18:29:03.032Z","exit_code":0,"signal":null,"timed_out":false,"error":null,"duration_ms":50}

COMMAND ["C:\\src\\fairpane\\.tools\\zig\\0.18.0-dev.120+9fe22a29b\\x86_64-windows\\zig.exe","build","test","--summary","all","--cache-dir","out/fp0123-mutation"]
test
+- FP-0082 case 16: a missing path exits with status 3 w
fairpane-js-parse: tests/js/parse/missing.js: FileNotFound
failed command: cd . && ".\\zig-out\\bin\\fairpane-js-parse.exe" file tests/js/parse/missing.js

test
+- FP-0082 case 16: invalid-utf8.js exits with status 3 w
fairpane-js-parse: .\tests\js\parse\invalid-utf8.js: InvalidUtf8
failed command: ".\\zig-out\\bin\\fairpane-js-parse.exe" file ".\\tests\\js\\parse\\invalid-utf8.js"

test
+- FP-0082 case 17: the census refuses an existing output file and exits with status 3 w
fairpane-js-parse: census: cannot create .\out\fp0123-mutation\o\0c925f44918d6f5adba948a0455992d0\existing.jsonl: PathAlreadyExists
failed command: ".\\zig-out\\bin\\fairpane-js-parse.exe" census ".\\tests\\js\\census\\sound" ".\\out\\fp0123-mutation\\o\\0c925f44918d6f5adba948a0455992d0\\existing.jsonl"

test
+- FP-0123 case 15 Lab-7: the UTF-16BE tokenize case of Lab-3 passes with exit status 0 failure
error: ========= expected to find in stdout: =========
       "result": "pass"
       ========= but stdout does not contain it: =====
       {
         "format": "fairpane-lab-result",
         "version": 1,
         "case": "eb050889a89e50547e56753296eeaebd1746c2da8cced8f2fec01f6a1f703850",
         "corpus": null,
         "inputs": {
           "document": {
             "url": "https://example.test/fp0123-utf16be.html",
             "length": 8,
             "sha256": "2fdd57e7926aa472cba61940b28a61b3378ce3983c9ed44a8faf9e78420a882a"
           },
           "resources": [],
           "environment": {
             "time_origin_ms": 0,
             "random_seed": "0000000000000000000000000000000000000000000000000000000000000000",
             "viewport": {
               "width": 1024,
               "height": 768,
               "device_pixel_ratio_milli": 1000
             },
             "locale": "en-US",
             "time_zone": "UTC"
           }
         },
         "environment_consumers": {
           "time_origin_ms": [],
           "random_seed": [],
           "viewport": [],
           "locale": [],
           "time_zone": []
         },
         "stages": [
           {
             "stage": "fetch",
             "status": "completed",
             "requests": [
               {
                 "request": 1,
                 "url": "https://example.test/fp0123-utf16be.html",
                 "answer": "response"
               }
             ],
             "document_state": "loaded",
             "body_length": 8,
             "body_sha256": "2fdd57e7926aa472cba61940b28a61b3378ce3983c9ed44a8faf9e78420a882a"
           },
           {
             "stage": "decode",
             "status": "completed",
             "encoding": "UTF-16LE",
             "confidence": "certain",
             "bom_bytes": 2,
             "code_units": 3,
             "output_sha256": "b58f5eda32d9707c1bfa4349df965818700f90d9bd5185aaf342399a7c0c983c",
             "detail": null
           },
           {
             "stage": "tokenize",
             "status": "completed",
             "token_count": 2,
             "tokens_sha256": "eb1fc33d836f38597ae370f0051d486c193f8e84539cab9d1da79eb7f01c42b2",
             "errors": []
           },
           {
             "stage": "tree",
             "status": "unsupported"
           },
           {
             "stage": "style",
             "status": "unsupported"
           },
           {
             "stage": "layout",
             "status": "unsupported"
           },
           {
             "stage": "paint",
             "status": "unsupported"
           },
           {
             "stage": "script",
             "status": "unsupported"
           }
         ],
         "events": [
           {
             "event": "request_issued",
             "document": 1,
             "request": 1,
             "kind": "resource",
             "version": 1,
             "url": "https://example.test/fp0123-utf16be.html"
           },
           {
             "event": "document_state_changed",
             "document": 1,
             "request": 1,
             "kind": "resource",
             "version": 1,
             "state": "loading",
             "reject_reason": null
           },
           {
             "event": "document_state_changed",
             "document": 1,
             "request": 1,
             "kind": "resource",
             "version": 1,
             "state": "loaded",
             "reject_reason": null
           }
         ],
         "steps": 1,
         "outcome": {
           "result": "fail",
           "stage": "tokenize",
           "check": "tokens_sha256",
           "expected": "9c9f423215056c1e18179b3c9b4d6025ea1b0de69fb3c0a0d5afa0e9ff7d9c39",
           "observed": "eb1fc33d836f38597ae370f0051d486c193f8e84539cab9d1da79eb7f01c42b2",
           "detail": null
         }
       }
       
failed command: ".\\zig-out\\bin\\fairpane-lab.exe" run ".\\tests\\lab\\fp0123-tokenize-utf16be.json"

test
+- run test 296 pass, 3 fail (299 total)
FP-0082 case 10: measured stack use 21120 bytes for 1022 terms and 20992 bytes for 1021 parentheses
error: 'lab.test.FP-0008 case 21, revised by FP-0123 case 15 Lab-1: a body without a byte order mark is unsupported at decode, and each UTF-16 byte order mark completes decode' failed:
       ====== expected this output: =========
       UTF-16BE␃
       
       ======== instead found this: =========
       UTF-16LE␃
       
       ======================================
       First difference occurs on line 1:
       expected:
       UTF-16BE
             ^ ('\x42')
       found:
       UTF-16LE
             ^ ('\x4c')
       C:\src\fairpane\.tools\zig\0.18.0-dev.120+9fe22a29b\x86_64-windows\lib\std\testing.zig:696:9: 0x7ff737769c7b in expectEqualStrings (test_zcu.obj)
               return error.TestExpectedEqual;
               ^
       C:\Users\requi\.omp\wt\t6b5416396\m\src\lab.zig:2338:5: 0x7ff737971eaf in expectString (test_zcu.obj)
           try testing.expectEqualStrings(expected, value.string);
           ^
       C:\Users\requi\.omp\wt\t6b5416396\m\src\lab.zig:3094:9: 0x7ff7379d8d72 in test.FP-0008 case 21, revised by FP-0123 case 15 Lab-1: a body without a byte order mark is unsupported at decode, and each UTF-16 byte order mark completes decode (test_zcu.obj)
               try expectString(case.encoding, try member(r.outcome, "observed"));
               ^
error: 'lab.test.FP-0123 case 15 Lab-3: a UTF-16BE byte order mark body tokenizes and passes' failed:
       expected .pass, found .fail
       C:\src\fairpane\.tools\zig\0.18.0-dev.120+9fe22a29b\x86_64-windows\lib\std\testing.zig:93:17: 0x7ff73797196c in expectEqualInner__func_3691 (test_zcu.obj)
                       return error.TestExpectedEqual;
                       ^
       C:\src\fairpane\.tools\zig\0.18.0-dev.120+9fe22a29b\x86_64-windows\lib\std\testing.zig:57: 0x7ff7379d4f14 in expectEqual (test_zcu.obj)
           return expectEqualInner(T, expected, actual);
       
       C:\Users\requi\.omp\wt\t6b5416396\m\src\lab.zig:3175:5: 0x7ff7379d4f9e in test.FP-0123 case 15 Lab-3: a UTF-16BE byte order mark body tokenizes and passes (test_zcu.obj)
           try testing.expectEqual(Result.pass, r.run.outcome.result);
           ^
error: 'lab.test.FP-0123 case 15 Lab-6: each induced allocation failure in a UTF-16 run reports harness-error and leaks nothing' failed:
       C:\Users\requi\.omp\wt\t6b5416396\m\src\lab.zig:3231:17: 0x7ff7379d3092 in runDecodedUnderAllocationFailure (test_zcu.obj)
               else => return error.TestUnexpectedResult,
                       ^
       C:\src\fairpane\.tools\zig\0.18.0-dev.120+9fe22a29b\x86_64-windows\lib\std\testing.zig:1154:9: 0x7ff7379d321c in checkAllAllocationFailures__func_3943 (test_zcu.obj)
               try @call(.auto, test_fn, .{failing_allocator_inst.allocator()} ++ extra_args);
               ^
       C:\Users\requi\.omp\wt\t6b5416396\m\src\lab.zig:3241:9: 0x7ff7379d3719 in test.FP-0123 case 15 Lab-6: each induced allocation failure in a UTF-16 run reports harness-error and leaks nothing (test_zcu.obj)
               try testing.checkAllAllocationFailures(no_remap.allocator(), runDecodedUnderAllocationFailure, .{bytes});
               ^
failed command: cd . && ".\\out\\fp0123-mutation\\o\\bafa62858e19092725a84a0b74962a14\\test.exe" "--cache-dir=.\\out\\fp0123-mutation" --seed=0x31431e8a --listen=-

Build Summary: 98/101 steps succeeded (2 failed); 341/344 tests passed (3 failed)
test transitive failure
+- run test 296 pass, 3 fail (299 total)
|  +- compile test debug native success 11s MaxRSS:928M
+- run test 45 pass (45 total) 323ms MaxRSS:16M
|  +- compile test debug native success 5s MaxRSS:415M
+- FP-0007 case 13: case 2 passes with exit status 0 success 91ms
|  +- install fairpane-lab success
|     +- compile exe fairpane-lab debug native success 4s MaxRSS:367M
+- FP-0007 case 13: case 3 fails with exit status 1 success 89ms
|  +- install fairpane-lab (+1 more reused dependencies)
+- FP-0007 case 13: case 4 is unsupported with exit status 2 success 96ms
|  +- install fairpane-lab (+1 more reused dependencies)
+- FP-0007 case 13: case 1 is a harness error with exit status 3 success 91ms
|  +- install fairpane-lab (+1 more reused dependencies)
+- FP-0007 case 13: case 8 times out with exit status 4 success 91ms
|  +- install fairpane-lab (+1 more reused dependencies)
+- FP-0007 case 13: an unknown command exits with status 64 and writes no result success 93ms
|  +- install fairpane-lab (+1 more reused dependencies)
+- FP-0008 case 26: case 18 passes with exit status 0 success 97ms
|  +- install fairpane-lab (+1 more reused dependencies)
+- FP-0008 case 26: the token_count variant of case 19 fails with exit status 1 success 91ms
|  +- install fairpane-lab (+1 more reused dependencies)
+- FP-0008 case 26: the <p> case of case 21 is unsupported with exit status 2 success 92ms
|  +- install fairpane-lab (+1 more reused dependencies)
+- FP-0123 case 15 Lab-7: the UTF-16BE tokenize case of Lab-3 passes with exit status 0 failure
|  +- install fairpane-lab (+1 more reused dependencies)
+- FP-0007 case 14: minimize reduces a failing fetch case with a 4096-byte body success 129ms
|  +- install fairpane-lab (+1 more reused dependencies)
+- FP-0007 case 14: the minimized case fails the same check success 9ms
|  +- install fairpane-lab (+1 more reused dependencies)
|  +- FP-0007 case 14: minimize reduces a failing fetch case with a 4096-byte body (+1 more reused dependencies)
+- FP-0007 case 14: the minimized document body is 1-minimal success 18ms
|  +- compile exe fairpane-lab-check debug native success 4s MaxRSS:349M
|  +- FP-0007 case 14: minimize reduces a failing fetch case with a 4096-byte body (+1 more reused dependencies)
+- FP-0007 case 14: minimize refuses a passing case success 93ms
|  +- install fairpane-lab (+1 more reused dependencies)
+- FP-0007 case 14: a refused minimization writes nothing success 15ms
|  +- compile exe fairpane-lab-check debug native (reused)
|  +- FP-0007 case 14: minimize refuses a passing case (+1 more reused dependencies)
+- FP-0054 case 5: minimize refuses an --out path that names the input file through another spelling success 60ms
|  +- install fairpane-lab (+1 more reused dependencies)
|  +- FP-0054 case 5: create a fresh directory success 52ms
|  |  +- compile exe fairpane-lab-check debug native (reused)
|  +- FP-0054 case 5: create a fresh directory (+1 more reused dependencies)
+- FP-0054 case 5: the refused minimization leaves the input unchanged success 61ms
|  +- compile exe fairpane-lab-check debug native (reused)
|  +- FP-0054 case 5: create a fresh directory (+1 more reused dependencies)
|  +- FP-0054 case 5: minimize refuses an --out path that names the input file through another spelling (+3 more reused dependencies)
+- FP-0054 revision 1 case 1: minimize refuses an --out path that is a hard link to the input file success 50ms
|  +- install fairpane-lab (+1 more reused dependencies)
|  +- FP-0054 revision 1 case 1: create a fresh directory success 50ms
|     +- compile exe fairpane-lab-check debug native (reused)
+- FP-0054 revision 1 case 1: the refused command leaves the input unchanged success 62ms
|  +- compile exe fairpane-lab-check debug native (reused)
|  +- FP-0054 revision 1 case 1: create a fresh directory (+1 more reused dependencies)
|  +- FP-0054 revision 1 case 1: minimize refuses an --out path that is a hard link to the input file (+2 more reused dependencies)
+- FP-0054 revision 1 case 2: run refuses a --transcript path that is a hard link to the input file success 54ms
|  +- install fairpane-lab (+1 more reused dependencies)
|  +- FP-0054 revision 1 case 2: create a fresh directory success 48ms
|     +- compile exe fairpane-lab-check debug native (reused)
+- FP-0054 revision 1 case 2: the refused command leaves the input unchanged success 61ms
|  +- compile exe fairpane-lab-check debug native (reused)
|  +- FP-0054 revision 1 case 2: create a fresh directory (+1 more reused dependencies)
|  +- FP-0054 revision 1 case 2: run refuses a --transcript path that is a hard link to the input file (+2 more reused dependencies)
+- FP-0054 revision 1 case 3: minimize refuses an --out path that names the input file in other letter case success 48ms
|  +- install fairpane-lab (+1 more reused dependencies)
|  +- FP-0054 revision 1 case 3: create a fresh directory success 50ms
|     +- compile exe fairpane-lab-check debug native (reused)
+- FP-0054 revision 1 case 3: the refused command leaves the input unchanged success 62ms
|  +- compile exe fairpane-lab-check debug native (reused)
|  +- FP-0054 revision 1 case 3: create a fresh directory (+1 more reused dependencies)
|  +- FP-0054 revision 1 case 3: minimize refuses an --out path that names the input file in other letter case (+2 more reused dependencies)
+- FP-0054 revision 1 case 4: minimize writes over a separate byte-identical copy of the input file success 54ms
|  +- install fairpane-lab (+1 more reused dependencies)
|  +- FP-0054 revision 1 case 4: create a fresh directory success 53ms
|     +- compile exe fairpane-lab-check debug native (reused)
+- FP-0054 revision 1 case 4: the written case is a version 2 case derived from the input digest success 61ms
|  +- compile exe fairpane-lab-check debug native (reused)
|  +- FP-0054 revision 1 case 4: create a fresh directory (+1 more reused dependencies)
|  +- FP-0054 revision 1 case 4: minimize writes over a separate byte-identical copy of the input file (+2 more reused dependencies)
+- FP-0054 revision 1 case 5: run, minimize, and replay report files one byte above the size limit success 138ms
|  +- compile exe fairpane-lab-check debug native (reused)
|  +- FP-0054 revision 1 case 5: create a fresh directory success 56ms
|  |  +- compile exe fairpane-lab-check debug native (reused)
|  +- install fairpane-lab (+1 more reused dependencies)
+- FP-0076 case 3: minimize writes over an existing out.json whose ACL denies read-data access to Everyone success 60ms
|  +- install fairpane-lab (+1 more reused dependencies)
|  +- FP-0076 case 3: create a fresh directory success 57ms
|     +- compile exe fairpane-lab-check debug native (reused)
+- FP-0076 case 3: out.json is a version 2 case derived from the input digest success 7ms
|  +- compile exe fairpane-lab-check debug native (reused)
|  +- FP-0076 case 3: create a fresh directory (+1 more reused dependencies)
|  +- FP-0076 case 3: restore read access to out.json success 59ms
|     +- compile exe fairpane-lab-check debug native (reused)
|     +- FP-0076 case 3: create a fresh directory (+1 more reused dependencies)
|     +- FP-0076 case 3: minimize writes over an existing out.json whose ACL denies read-data access to Everyone (+2 more reused dependencies)
+- FP-0076 case 4: minimize reports the output path out|.json, which cannot be identified success 55ms
|  +- install fairpane-lab (+1 more reused dependencies)
|  +- FP-0076 case 4: create a fresh directory success 59ms
|     +- compile exe fairpane-lab-check debug native (reused)
+- FP-0076 case 4: the directory gains no file success 62ms
|  +- compile exe fairpane-lab-check debug native (reused)
|  +- FP-0076 case 4: create a fresh directory (+1 more reused dependencies)
|  +- FP-0076 case 4: minimize reports the output path out|.json, which cannot be identified (+2 more reused dependencies)
+- FP-0076 case 7: the revision 1 case 5 helper reports failing checks and removes both oversized files success 156ms
|  +- compile exe fairpane-lab-check debug native (reused)
|  +- FP-0076 case 7: create a fresh directory success 57ms
|  |  +- compile exe fairpane-lab-check debug native (reused)
|  +- compile exe fairpane-lab-check debug native (reused)
+- FP-0076 case 7: no file remains after the failing run success 8ms
|  +- compile exe fairpane-lab-check debug native (reused)
|  +- FP-0076 case 7: create a fresh directory (+1 more reused dependencies)
|  +- FP-0076 case 7: the revision 1 case 5 helper reports failing checks and removes both oversized files (+3 more reused dependencies)
+- FP-0011 case 4: leaf_invokes_to_number.zig success 708ms
+- FP-0011 case 4: leaf_invokes_number_to_string.zig success 929ms
+- FP-0011 case 4: allocation_invokes_call.zig success 661ms
+- FP-0011 case 4: leaf_allocates.zig success 717ms
+- FP-0011 case 4: mutation_throws.zig success 681ms
+- FP-0011 case 4: leaf_calls_behavior.zig success 673ms
+- FP-0011 case 4: leaf_positive.zig success 926ms
+- FP-0011 case 5: catalog_callback_alone.zig success 562ms
+- FP-0011 case 5: catalog_exception_alone.zig success 926ms
+- FP-0011 case 5: catalog_duplicate_id.zig success 638ms
+- FP-0011 case 5: kernel_wider_context.zig success 705ms
+- FP-0011 case 5: kernel_undeclared_throw.zig success 697ms
+- FP-0011 case 8: layout_undescribed_field.zig success 929ms
+- FP-0011 case 8: layout_plain_reference.zig success 953ms
+- FP-0011 case 8: layout_missing_field.zig success 718ms
+- FP-0011 case 20: abi_reference_value.zig success 773ms
+- FP-0011 case 20: abi_nan_box_value.zig success 642ms
+- FP-0011 case 20: abi_tagged_index_value.zig success 653ms
+- FP-0011 case 34: leaf_reaches_heap.zig success 677ms
+- FP-0011 case 35: leaf_widens_context.zig success 640ms
+- FP-0011 case 36: binding_missing_kernel.zig success 578ms
+- FP-0011 case 36: binding_stray_kernel.zig success 634ms
+- library-test success
|  +- run test cached
|  |  +- compile test debug native cached 173ms MaxRSS:18M
|  +- FP-0066 case 1: ReleaseSafe libraries built in two directories are byte-identical success 13ms
|  |  +- compile exe fairpane-library-check debug native cached 159ms MaxRSS:18M
|  |  +- archive fairpane.lib safe success 18ms
|  |  |  +- compile obj fairpane_zcu safe native success 4s MaxRSS:172M
|  |  |     +- WriteFile fp0066-tree-a/src success
|  |  +- archive fairpane.lib safe success 99ms
|  |     +- compile obj fairpane_zcu safe native success 4s MaxRSS:172M
|  |        +- WriteFile fp0066-tree-a/src (reused)
|  +- FP-0066 case 2: the ReleaseSafe library contains neither its build directory nor the compiler installation directory success 39ms
|  |  +- compile exe fairpane-library-check debug native (reused)
|  |  +- archive fairpane.lib safe (+1 more reused dependencies)
|  |  +- WriteFile fp0066-tree-a/src (reused)
|  +- FP-0066 case 4: the Debug library keeps debug information that names the absolute source directory success 73ms
|  |  +- compile exe fairpane-library-check debug native (reused)
|  |  +- archive fairpane.lib debug success 25ms
|  |     +- compile obj fairpane_zcu debug native success 3s MaxRSS:269M
|  +- FP-0066 case 5: the ReleaseSafe library's only member is the object, named without a directory success 7ms
|  |  +- compile exe fairpane-library-check debug native (reused)
|  |  +- archive fairpane.lib safe (+1 more reused dependencies)
|  +- FP-0066: every member header of the ReleaseSafe library has a zero time stamp, owner, and group success 8ms
|     +- compile exe fairpane-library-check debug native (reused)
|     +- archive fairpane.lib safe (+1 more reused dependencies)
+- FP-0082 case 16: valid.js exits with status 0 and prints the T9 dump success 83ms
|  +- install fairpane-js-parse success
|     +- compile exe fairpane-js-parse debug native success 4s MaxRSS:338M
|        +- WriteFile src success
+- FP-0082 case 16: syntax.js exits with status 1 and prints its syntax error success 84ms
|  +- install fairpane-js-parse (+1 more reused dependencies)
+- FP-0082 case 16: unsupported.js exits with status 2 and prints its unsupported outcome success 88ms
|  +- install fairpane-js-parse (+1 more reused dependencies)
+- FP-0082 case 16: invalid-utf8.js exits with status 3 success 87ms
|  +- install fairpane-js-parse (+1 more reused dependencies)
+- FP-0082 case 16: a missing path exits with status 3 success 87ms
|  +- install fairpane-js-parse (+1 more reused dependencies)
+- FP-0082 case 16: no arguments exits with status 3 and writes the usage success 80ms
|  +- install fairpane-js-parse (+1 more reused dependencies)
+- FP-0082 case 17: the census of the sound fixture exits with status 0 success 91ms
|  +- install fairpane-js-parse (+1 more reused dependencies)
+- FP-0082 case 17: the census of the unsound fixture exits with status 1 success 89ms
|  +- install fairpane-js-parse (+1 more reused dependencies)
+- FP-0082 case 17: the census refuses an existing output file and exits with status 3 success 88ms
   +- install fairpane-js-parse (+1 more reused dependencies)
   +- WriteFile existing.jsonl cached

error: the following build command exited with code 1:
C:\src\fairpane\.zig-cache\global\o\253f29e51d3f235ff7bb0cfb57b92bf7\maker.exe build --zig-lib=C:\src\fairpane\.tools\zig\0.18.0-dev.120+9fe22a29b\x86_64-windows\lib --zig=C:\src\fairpane\.tools\zig\0.18.0-dev.120+9fe22a29b\x86_64-windows\zig.exe --global-cache=C:\src\fairpane\.zig-cache\global --seed=0x31431e8a test --summary all --cache-dir out/fp0123-mutation
RESULT {"executable":"C:\\src\\fairpane\\.tools\\zig\\0.18.0-dev.120+9fe22a29b\\x86_64-windows\\zig.exe","arguments":["build","test","--summary","all","--cache-dir","out/fp0123-mutation"],"cwd":"C:\\Users\\requi\\.omp\\wt\\t6b5416396\\m","started_at":"2026-10-09T18:29:03.198Z","exit_code":1,"signal":null,"timed_out":false,"error":null,"duration_ms":44869,"environment_overrides":{"ZIG_GLOBAL_CACHE_DIR":"C:\\src\\fairpane\\.zig-cache\\global"}}

COMMAND ["C:\\Program Files\\Git\\cmd\\git.exe","apply","-R","engineering/evidence/FP-0123/raw/mutation-M8.diff"]
RESULT {"executable":"C:\\Program Files\\Git\\cmd\\git.exe","arguments":["apply","-R","engineering/evidence/FP-0123/raw/mutation-M8.diff"],"cwd":"C:\\Users\\requi\\.omp\\wt\\t6b5416396\\m","started_at":"2026-10-09T18:29:48.125Z","exit_code":0,"signal":null,"timed_out":false,"error":null,"duration_ms":24}

COMMAND ["C:\\Program Files\\Git\\cmd\\git.exe","hash-object","src/lab.zig"]
f69f8a4c39e03bbdea7b775f73d0bc4da5aaac04
RESULT {"executable":"C:\\Program Files\\Git\\cmd\\git.exe","arguments":["hash-object","src/lab.zig"],"cwd":"C:\\Users\\requi\\.omp\\wt\\t6b5416396\\m","started_at":"2026-10-09T18:29:48.229Z","exit_code":0,"signal":null,"timed_out":false,"error":null,"duration_ms":22}

COMMAND ["C:\\Program Files\\Git\\cmd\\git.exe","hash-object","src/encoding/root.zig"]
c003462293d0579767bffe8e040d099df7ecec24
RESULT {"executable":"C:\\Program Files\\Git\\cmd\\git.exe","arguments":["hash-object","src/encoding/root.zig"],"cwd":"C:\\Users\\requi\\.omp\\wt\\t6b5416396\\m","started_at":"2026-10-09T18:29:48.307Z","exit_code":0,"signal":null,"timed_out":false,"error":null,"duration_ms":21}

COMMAND ["C:\\Program Files\\Git\\cmd\\git.exe","apply","engineering/evidence/FP-0123/raw/mutation-M9.diff"]
RESULT {"executable":"C:\\Program Files\\Git\\cmd\\git.exe","arguments":["apply","engineering/evidence/FP-0123/raw/mutation-M9.diff"],"cwd":"C:\\Users\\requi\\.omp\\wt\\t6b5416396\\m","started_at":"2026-10-09T18:29:48.409Z","exit_code":0,"signal":null,"timed_out":false,"error":null,"duration_ms":23}

COMMAND ["C:\\Program Files\\Git\\cmd\\git.exe","hash-object","src/encoding/root.zig"]
55df0d32d835a1ca985095eebcdbc05f7c22684d
RESULT {"executable":"C:\\Program Files\\Git\\cmd\\git.exe","arguments":["hash-object","src/encoding/root.zig"],"cwd":"C:\\Users\\requi\\.omp\\wt\\t6b5416396\\m","started_at":"2026-10-09T18:29:48.512Z","exit_code":0,"signal":null,"timed_out":false,"error":null,"duration_ms":46}

COMMAND ["C:\\src\\fairpane\\.tools\\zig\\0.18.0-dev.120+9fe22a29b\\x86_64-windows\\zig.exe","build","test","--summary","all","--cache-dir","out/fp0123-mutation"]
test
+- FP-0082 case 16: a missing path exits with status 3 w
fairpane-js-parse: tests/js/parse/missing.js: FileNotFound
failed command: cd . && ".\\zig-out\\bin\\fairpane-js-parse.exe" file tests/js/parse/missing.js

test
+- FP-0082 case 16: invalid-utf8.js exits with status 3 w
fairpane-js-parse: .\tests\js\parse\invalid-utf8.js: InvalidUtf8
failed command: ".\\zig-out\\bin\\fairpane-js-parse.exe" file ".\\tests\\js\\parse\\invalid-utf8.js"

test
+- FP-0082 case 17: the census refuses an existing output file and exits with status 3 w
fairpane-js-parse: census: cannot create .\out\fp0123-mutation\o\0c925f44918d6f5adba948a0455992d0\existing.jsonl: PathAlreadyExists
failed command: ".\\zig-out\\bin\\fairpane-js-parse.exe" census ".\\tests\\js\\census\\sound" ".\\out\\fp0123-mutation\\o\\0c925f44918d6f5adba948a0455992d0\\existing.jsonl"

test
+- run test 296 pass, 3 fail (299 total)
error: 'encoding.tests.test.FP-0123 case 8: fatal mode stops at the first error and stays malformed' failed:
       FP-0082 case 10: measured stack use 21120 bytes for 1022 terms and 20992 bytes for 1021 parentheses
       slices differ. first difference occurs at index 1 (0x1)
       
       ============ expected this output: =============  len: 1 (0x1)
       
       [0]: 65
       
       ============= instead found this: ==============  len: 4 (0x4)
       
       [0]: 65
       [1]: 65533
       [2]: 65
       [3]: 66
       
       ================================================
       
       row F2: one call
       slices differ. first difference occurs at index 1 (0x1)
       
       ============ expected this output: =============  len: 1 (0x1)
       
       [0]: 65
       
       ============= instead found this: ==============  len: 3 (0x3)
       
       [0]: 65
       [1]: 65533
       [2]: 66
       
       ================================================
       
       row F3: one call
       slices differ. first difference occurs at index 0 (0x0)
       
       ============ expected this output: =============  len: 0 (0x0)
       
       
       ============= instead found this: ==============  len: 1 (0x1)
       
       [0]: 65533
       
       ================================================
       
       row F4: one call
       slices differ. first difference occurs at index 1 (0x1)
       
       ============ expected this output: =============  len: 1 (0x1)
       
       [0]: 65
       
       ============= instead found this: ==============  len: 2 (0x2)
       
       [0]: 65
       [1]: 65533
       
       ================================================
       
       row F5: one call
       slices differ. first difference occurs at index 1 (0x1)
       
       ============ expected this output: =============  len: 1 (0x1)
       
       [0]: 65
       
       ============= instead found this: ==============  len: 2 (0x2)
       
       [0]: 65
       [1]: 65533
       
       ================================================
       
       row F8: one call
       C:\Users\requi\.omp\wt\t6b5416396\m\src\handles.zig:727:46: 0x7ff6bb1386e5 in expectation (test_zcu.obj)
                   if (handle.owner != model.owner) return error.WrongOwner;
                                                    ^
       C:\Users\requi\.omp\wt\t6b5416396\m\src\handles.zig:730:69: 0x7ff6bb133652 in expectation (test_zcu.obj)
                   if (!slot.live or slot.generation != handle.generation) return error.StaleHandle;
                                                                           ^
       C:\Users\requi\.omp\wt\t6b5416396\m\src\handles.zig:730:69: 0x7ff6bb133652 in expectation (test_zcu.obj)
                   if (!slot.live or slot.generation != handle.generation) return error.StaleHandle;
                                                                           ^
       C:\Users\requi\.omp\wt\t6b5416396\m\src\handles.zig:730:69: 0x7ff6bb133652 in expectation (test_zcu.obj)
                   if (!slot.live or slot.generation != handle.generation) return error.StaleHandle;
                                                                           ^
       C:\Users\requi\.omp\wt\t6b5416396\m\src\handles.zig:728:70: 0x7ff6bb1335dd in expectation (test_zcu.obj)
                   if (handle.generation == 0 or handle.index >= model.len) return error.InvalidHandle;
                                                                            ^
       C:\Users\requi\.omp\wt\t6b5416396\m\src\handles.zig:730:69: 0x7ff6bb133652 in expectation (test_zcu.obj)
                   if (!slot.live or slot.generation != handle.generation) return error.StaleHandle;
                                                                           ^
       C:\Users\requi\.omp\wt\t6b5416396\m\src\handles.zig:730:69: 0x7ff6bb1358d2 in expectation (test_zcu.obj)
                   if (!slot.live or slot.generation != handle.generation) return error.StaleHandle;
                                                                           ^
       C:\Users\requi\.omp\wt\t6b5416396\m\src\handles.zig:730:69: 0x7ff6bb133652 in expectation (test_zcu.obj)
                   if (!slot.live or slot.generation != handle.generation) return error.StaleHandle;
                                                                           ^
       C:\Users\requi\.omp\wt\t6b5416396\m\src\handles.zig:730:69: 0x7ff6bb133652 in expectation (test_zcu.obj)
                   if (!slot.live or slot.generation != handle.generation) return error.StaleHandle;
                                                                           ^
       C:\Users\requi\.omp\wt\t6b5416396\m\src\handles.zig:730:69: 0x7ff6bb133652 in expectation (test_zcu.obj)
                   if (!slot.live or slot.generation != handle.generation) return error.StaleHandle;
                                                                           ^
       C:\Users\requi\.omp\wt\t6b5416396\m\src\handles.zig:730:69: 0x7ff6bb133652 in expectation (test_zcu.obj)
                   if (!slot.live or slot.generation != handle.generation) return error.StaleHandle;
                                                                           ^
       C:\Users\requi\.omp\wt\t6b5416396\m\src\handles.zig:730:69: 0x7ff6bb133652 in expectation (test_zcu.obj)
                   if (!slot.live or slot.generation != handle.generation) return error.StaleHandle;
                                                                           ^
       C:\Users\requi\.omp\wt\t6b5416396\m\src\handles.zig:730:69: 0x7ff6bb133652 in expectation (test_zcu.obj)
                   if (!slot.live or slot.generation != handle.generation) return error.StaleHandle;
                                                                           ^
       C:\Users\requi\.omp\wt\t6b5416396\m\src\handles.zig:730:69: 0x7ff6bb133652 in expectation (test_zcu.obj)
                   if (!slot.live or slot.generation != handle.generation) return error.StaleHandle;
                                                                           ^
       C:\Users\requi\.omp\wt\t6b5416396\m\src\handles.zig:728:70: 0x7ff6bb1335dd in expectation (test_zcu.obj)
                   if (handle.generation == 0 or handle.index >= model.len) return error.InvalidHandle;
                                                                            ^
       C:\Users\requi\.omp\wt\t6b5416396\m\src\handles.zig:730:69: 0x7ff6bb1358d2 in expectation (test_zcu.obj)
                   if (!slot.live or slot.generation != handle.generation) return error.StaleHandle;
                                                                           ^
       C:\Users\requi\.omp\wt\t6b5416396\m\src\handles.zig:730:69: 0x7ff6bb1358d2 in expectation (test_zcu.obj)
                   if (!slot.live or slot.generation != handle.generation) return error.StaleHandle;
                                                                           ^
       C:\Users\requi\.omp\wt\t6b5416396\m\src\handles.zig:727:46: 0x7ff6bb133585 in expectation (test_zcu.obj)
                   if (handle.owner != model.owner) return error.WrongOwner;
                                                    ^
       C:\Users\requi\.omp\wt\t6b5416396\m\src\handles.zig:730:69: 0x7ff6bb133652 in expectation (test_zcu.obj)
                   if (!slot.live or slot.generation != handle.generation) return error.StaleHandle;
                                                                           ^
       C:\Users\requi\.omp\wt\t6b5416396\m\src\handles.zig:730:69: 0x7ff6bb133652 in expectation (test_zcu.obj)
                   if (!slot.live or slot.generation != handle.generation) return error.StaleHandle;
                                                                           ^
       C:\Users\requi\.omp\wt\t6b5416396\m\src\encoding\tests.zig:392:22: 0x7ff6bb2781d1 in expectRows (test_zcu.obj)
           if (failed != 0) return error.TestUnexpectedResult;
                            ^
       C:\Users\requi\.omp\wt\t6b5416396\m\src\encoding\tests.zig:429:5: 0x7ff6bb27aadd in test.FP-0123 case 8: fatal mode stops at the first error and stays malformed (test_zcu.obj)
           try expectRows(&case_8_rows);
           ^
error: 'encoding.tests.test.FP-0123 case 10: the UTF-8 decode hooks' failed:
       slices differ. first difference occurs at index 1 (0x1)
       
       ============ expected this output: =============  len: 1 (0x1)
       
       [0]: 65
       
       ============= instead found this: ==============  len: 2 (0x2)
       
       [0]: 65
       [1]: 65533
       
       ================================================
       
       row H7: one call
       C:\Users\requi\.omp\wt\t6b5416396\m\src\encoding\tests.zig:392:22: 0x7ff6bb2781d1 in expectRows (test_zcu.obj)
           if (failed != 0) return error.TestUnexpectedResult;
                            ^
       C:\Users\requi\.omp\wt\t6b5416396\m\src\encoding\tests.zig:507:5: 0x7ff6bb278242 in test.FP-0123 case 10: the UTF-8 decode hooks (test_zcu.obj)
           try expectRows(&case_10_rows);
           ^
error: 'encoding.tests.test.FP-0123 case 12: every partition of each row into chunks, and a 2-unit output buffer, give the one-call result' failed:
       slices differ. first difference occurs at index 1 (0x1)
       
       ============ expected this output: =============  len: 1 (0x1)
       
       [0]: 65
       
       ============= instead found this: ==============  len: 4 (0x4)
       
       [0]: 65
       [1]: 65533
       [2]: 65
       [3]: 66
       
       ================================================
       
       row F2: partition mask 0, trailing empty call false
       slices differ. first difference occurs at index 1 (0x1)
       
       ============ expected this output: =============  len: 1 (0x1)
       
       [0]: 65
       
       ============= instead found this: ==============  len: 3 (0x3)
       
       [0]: 65
       [1]: 65533
       [2]: 66
       
       ================================================
       
       row F3: partition mask 0, trailing empty call false
       slices differ. first difference occurs at index 0 (0x0)
       
       ============ expected this output: =============  len: 0 (0x0)
       
       
       ============= instead found this: ==============  len: 1 (0x1)
       
       [0]: 65533
       
       ================================================
       
       row F4: partition mask 0, trailing empty call false
       slices differ. first difference occurs at index 1 (0x1)
       
       ============ expected this output: =============  len: 1 (0x1)
       
       [0]: 65
       
       ============= instead found this: ==============  len: 2 (0x2)
       
       [0]: 65
       [1]: 65533
       
       ================================================
       
       row F5: partition mask 0, trailing empty call false
       slices differ. first difference occurs at index 1 (0x1)
       
       ============ expected this output: =============  len: 1 (0x1)
       
       [0]: 65
       
       ============= instead found this: ==============  len: 2 (0x2)
       
       [0]: 65
       [1]: 65533
       
       ================================================
       
       row F8: partition mask 0, trailing empty call false
       slices differ. first difference occurs at index 1 (0x1)
       
       ============ expected this output: =============  len: 1 (0x1)
       
       [0]: 65
       
       ============= instead found this: ==============  len: 2 (0x2)
       
       [0]: 65
       [1]: 65533
       
       ================================================
       
       row H7: partition mask 0, trailing empty call false
       C:\src\fairpane\.tools\zig\0.18.0-dev.120+9fe22a29b\x86_64-windows\lib\std\testing.zig:584:14: 0x7ff6baf3412f in expect (test_zcu.obj)
           if (!ok) return error.TestUnexpectedResult;
                    ^
       C:\Users\requi\.omp\wt\t6b5416396\m\src\encoding\tests.zig:636:5: 0x7ff6bb26fe30 in test.FP-0123 case 12: every partition of each row into chunks, and a 2-unit output buffer, give the one-call result (test_zcu.obj)
           try testing.expect(passed);
           ^
failed command: cd . && ".\\out\\fp0123-mutation\\o\\7e23d943f9c69eb6876947d5e4b2ebee\\test.exe" "--cache-dir=.\\out\\fp0123-mutation" --seed=0x83046e92 --listen=-

Build Summary: 99/101 steps succeeded (1 failed); 341/344 tests passed (3 failed)
test transitive failure
+- run test 296 pass, 3 fail (299 total)
|  +- compile test debug native success 10s MaxRSS:929M
+- run test 45 pass (45 total) 363ms MaxRSS:16M
|  +- compile test debug native success 4s MaxRSS:416M
+- FP-0007 case 13: case 2 passes with exit status 0 success 53ms
|  +- install fairpane-lab success
|     +- compile exe fairpane-lab debug native success 3s MaxRSS:368M
+- FP-0007 case 13: case 3 fails with exit status 1 success 63ms
|  +- install fairpane-lab (+1 more reused dependencies)
+- FP-0007 case 13: case 4 is unsupported with exit status 2 success 64ms
|  +- install fairpane-lab (+1 more reused dependencies)
+- FP-0007 case 13: case 1 is a harness error with exit status 3 success 55ms
|  +- install fairpane-lab (+1 more reused dependencies)
+- FP-0007 case 13: case 8 times out with exit status 4 success 58ms
|  +- install fairpane-lab (+1 more reused dependencies)
+- FP-0007 case 13: an unknown command exits with status 64 and writes no result success 50ms
|  +- install fairpane-lab (+1 more reused dependencies)
+- FP-0008 case 26: case 18 passes with exit status 0 success 57ms
|  +- install fairpane-lab (+1 more reused dependencies)
+- FP-0008 case 26: the token_count variant of case 19 fails with exit status 1 success 55ms
|  +- install fairpane-lab (+1 more reused dependencies)
+- FP-0008 case 26: the <p> case of case 21 is unsupported with exit status 2 success 61ms
|  +- install fairpane-lab (+1 more reused dependencies)
+- FP-0123 case 15 Lab-7: the UTF-16BE tokenize case of Lab-3 passes with exit status 0 success 60ms
|  +- install fairpane-lab (+1 more reused dependencies)
+- FP-0007 case 14: minimize reduces a failing fetch case with a 4096-byte body success 102ms
|  +- install fairpane-lab (+1 more reused dependencies)
+- FP-0007 case 14: the minimized case fails the same check success 9ms
|  +- install fairpane-lab (+1 more reused dependencies)
|  +- FP-0007 case 14: minimize reduces a failing fetch case with a 4096-byte body (+1 more reused dependencies)
+- FP-0007 case 14: the minimized document body is 1-minimal success 17ms
|  +- compile exe fairpane-lab-check debug native success 3s MaxRSS:356M
|  +- FP-0007 case 14: minimize reduces a failing fetch case with a 4096-byte body (+1 more reused dependencies)
+- FP-0007 case 14: minimize refuses a passing case success 67ms
|  +- install fairpane-lab (+1 more reused dependencies)
+- FP-0007 case 14: a refused minimization writes nothing success 35ms
|  +- compile exe fairpane-lab-check debug native (reused)
|  +- FP-0007 case 14: minimize refuses a passing case (+1 more reused dependencies)
+- FP-0054 case 5: minimize refuses an --out path that names the input file through another spelling success 57ms
|  +- install fairpane-lab (+1 more reused dependencies)
|  +- FP-0054 case 5: create a fresh directory success 89ms
|  |  +- compile exe fairpane-lab-check debug native (reused)
|  +- FP-0054 case 5: create a fresh directory (+1 more reused dependencies)
+- FP-0054 case 5: the refused minimization leaves the input unchanged success 29ms
|  +- compile exe fairpane-lab-check debug native (reused)
|  +- FP-0054 case 5: create a fresh directory (+1 more reused dependencies)
|  +- FP-0054 case 5: minimize refuses an --out path that names the input file through another spelling (+3 more reused dependencies)
+- FP-0054 revision 1 case 1: minimize refuses an --out path that is a hard link to the input file success 51ms
|  +- install fairpane-lab (+1 more reused dependencies)
|  +- FP-0054 revision 1 case 1: create a fresh directory success 87ms
|     +- compile exe fairpane-lab-check debug native (reused)
+- FP-0054 revision 1 case 1: the refused command leaves the input unchanged success 29ms
|  +- compile exe fairpane-lab-check debug native (reused)
|  +- FP-0054 revision 1 case 1: create a fresh directory (+1 more reused dependencies)
|  +- FP-0054 revision 1 case 1: minimize refuses an --out path that is a hard link to the input file (+2 more reused dependencies)
+- FP-0054 revision 1 case 2: run refuses a --transcript path that is a hard link to the input file success 53ms
|  +- install fairpane-lab (+1 more reused dependencies)
|  +- FP-0054 revision 1 case 2: create a fresh directory success 60ms
|     +- compile exe fairpane-lab-check debug native (reused)
+- FP-0054 revision 1 case 2: the refused command leaves the input unchanged success 31ms
|  +- compile exe fairpane-lab-check debug native (reused)
|  +- FP-0054 revision 1 case 2: create a fresh directory (+1 more reused dependencies)
|  +- FP-0054 revision 1 case 2: run refuses a --transcript path that is a hard link to the input file (+2 more reused dependencies)
+- FP-0054 revision 1 case 3: minimize refuses an --out path that names the input file in other letter case success 54ms
|  +- install fairpane-lab (+1 more reused dependencies)
|  +- FP-0054 revision 1 case 3: create a fresh directory success 58ms
|     +- compile exe fairpane-lab-check debug native (reused)
+- FP-0054 revision 1 case 3: the refused command leaves the input unchanged success 31ms
|  +- compile exe fairpane-lab-check debug native (reused)
|  +- FP-0054 revision 1 case 3: create a fresh directory (+1 more reused dependencies)
|  +- FP-0054 revision 1 case 3: minimize refuses an --out path that names the input file in other letter case (+2 more reused dependencies)
+- FP-0054 revision 1 case 4: minimize writes over a separate byte-identical copy of the input file success 53ms
|  +- install fairpane-lab (+1 more reused dependencies)
|  +- FP-0054 revision 1 case 4: create a fresh directory success 54ms
|     +- compile exe fairpane-lab-check debug native (reused)
+- FP-0054 revision 1 case 4: the written case is a version 2 case derived from the input digest success 30ms
|  +- compile exe fairpane-lab-check debug native (reused)
|  +- FP-0054 revision 1 case 4: create a fresh directory (+1 more reused dependencies)
|  +- FP-0054 revision 1 case 4: minimize writes over a separate byte-identical copy of the input file (+2 more reused dependencies)
+- FP-0054 revision 1 case 5: run, minimize, and replay report files one byte above the size limit success 125ms
|  +- compile exe fairpane-lab-check debug native (reused)
|  +- FP-0054 revision 1 case 5: create a fresh directory success 88ms
|  |  +- compile exe fairpane-lab-check debug native (reused)
|  +- install fairpane-lab (+1 more reused dependencies)
+- FP-0076 case 3: minimize writes over an existing out.json whose ACL denies read-data access to Everyone success 51ms
|  +- install fairpane-lab (+1 more reused dependencies)
|  +- FP-0076 case 3: create a fresh directory success 57ms
|     +- compile exe fairpane-lab-check debug native (reused)
+- FP-0076 case 3: out.json is a version 2 case derived from the input digest success 36ms
|  +- compile exe fairpane-lab-check debug native (reused)
|  +- FP-0076 case 3: create a fresh directory (+1 more reused dependencies)
|  +- FP-0076 case 3: restore read access to out.json success 29ms
|     +- compile exe fairpane-lab-check debug native (reused)
|     +- FP-0076 case 3: create a fresh directory (+1 more reused dependencies)
|     +- FP-0076 case 3: minimize writes over an existing out.json whose ACL denies read-data access to Everyone (+2 more reused dependencies)
+- FP-0076 case 4: minimize reports the output path out|.json, which cannot be identified success 60ms
|  +- install fairpane-lab (+1 more reused dependencies)
|  +- FP-0076 case 4: create a fresh directory success 56ms
|     +- compile exe fairpane-lab-check debug native (reused)
+- FP-0076 case 4: the directory gains no file success 54ms
|  +- compile exe fairpane-lab-check debug native (reused)
|  +- FP-0076 case 4: create a fresh directory (+1 more reused dependencies)
|  +- FP-0076 case 4: minimize reports the output path out|.json, which cannot be identified (+2 more reused dependencies)
+- FP-0076 case 7: the revision 1 case 5 helper reports failing checks and removes both oversized files success 173ms
|  +- compile exe fairpane-lab-check debug native (reused)
|  +- FP-0076 case 7: create a fresh directory success 54ms
|  |  +- compile exe fairpane-lab-check debug native (reused)
|  +- compile exe fairpane-lab-check debug native (reused)
+- FP-0076 case 7: no file remains after the failing run success 6ms
|  +- compile exe fairpane-lab-check debug native (reused)
|  +- FP-0076 case 7: create a fresh directory (+1 more reused dependencies)
|  +- FP-0076 case 7: the revision 1 case 5 helper reports failing checks and removes both oversized files (+3 more reused dependencies)
+- FP-0011 case 4: leaf_invokes_to_number.zig success 565ms
+- FP-0011 case 4: leaf_invokes_number_to_string.zig success 552ms
+- FP-0011 case 4: allocation_invokes_call.zig success 549ms
+- FP-0011 case 4: leaf_allocates.zig success 428ms
+- FP-0011 case 4: mutation_throws.zig success 506ms
+- FP-0011 case 4: leaf_calls_behavior.zig success 391ms
+- FP-0011 case 4: leaf_positive.zig success 553ms
+- FP-0011 case 5: catalog_callback_alone.zig success 397ms
+- FP-0011 case 5: catalog_exception_alone.zig success 475ms
+- FP-0011 case 5: catalog_duplicate_id.zig success 386ms
+- FP-0011 case 5: kernel_wider_context.zig success 424ms
+- FP-0011 case 5: kernel_undeclared_throw.zig success 459ms
+- FP-0011 case 8: layout_undescribed_field.zig success 498ms
+- FP-0011 case 8: layout_plain_reference.zig success 454ms
+- FP-0011 case 8: layout_missing_field.zig success 475ms
+- FP-0011 case 20: abi_reference_value.zig success 448ms
+- FP-0011 case 20: abi_nan_box_value.zig success 509ms
+- FP-0011 case 20: abi_tagged_index_value.zig success 463ms
+- FP-0011 case 34: leaf_reaches_heap.zig success 475ms
+- FP-0011 case 35: leaf_widens_context.zig success 428ms
+- FP-0011 case 36: binding_missing_kernel.zig success 432ms
+- FP-0011 case 36: binding_stray_kernel.zig success 475ms
+- library-test success
|  +- run test cached
|  |  +- compile test debug native cached 121ms MaxRSS:18M
|  +- FP-0066 case 1: ReleaseSafe libraries built in two directories are byte-identical success 10ms
|  |  +- compile exe fairpane-library-check debug native cached 208ms MaxRSS:18M
|  |  +- archive fairpane.lib safe success 35ms
|  |  |  +- compile obj fairpane_zcu safe native success 4s MaxRSS:174M
|  |  |     +- WriteFile fp0066-tree-a/src success
|  |  +- archive fairpane.lib safe success 19ms
|  |     +- compile obj fairpane_zcu safe native success 4s MaxRSS:174M
|  |        +- WriteFile fp0066-tree-a/src (reused)
|  +- FP-0066 case 2: the ReleaseSafe library contains neither its build directory nor the compiler installation directory success 52ms
|  |  +- compile exe fairpane-library-check debug native (reused)
|  |  +- archive fairpane.lib safe (+1 more reused dependencies)
|  |  +- WriteFile fp0066-tree-a/src (reused)
|  +- FP-0066 case 4: the Debug library keeps debug information that names the absolute source directory success 45ms
|  |  +- compile exe fairpane-library-check debug native (reused)
|  |  +- archive fairpane.lib debug success 20ms
|  |     +- compile obj fairpane_zcu debug native success 2s MaxRSS:270M
|  +- FP-0066 case 5: the ReleaseSafe library's only member is the object, named without a directory success 7ms
|  |  +- compile exe fairpane-library-check debug native (reused)
|  |  +- archive fairpane.lib safe (+1 more reused dependencies)
|  +- FP-0066: every member header of the ReleaseSafe library has a zero time stamp, owner, and group success 8ms
|     +- compile exe fairpane-library-check debug native (reused)
|     +- archive fairpane.lib safe (+1 more reused dependencies)
+- FP-0082 case 16: valid.js exits with status 0 and prints the T9 dump success 81ms
|  +- install fairpane-js-parse success
|     +- compile exe fairpane-js-parse debug native success 3s MaxRSS:346M
|        +- WriteFile src success
+- FP-0082 case 16: syntax.js exits with status 1 and prints its syntax error success 79ms
|  +- install fairpane-js-parse (+1 more reused dependencies)
+- FP-0082 case 16: unsupported.js exits with status 2 and prints its unsupported outcome success 77ms
|  +- install fairpane-js-parse (+1 more reused dependencies)
+- FP-0082 case 16: invalid-utf8.js exits with status 3 success 83ms
|  +- install fairpane-js-parse (+1 more reused dependencies)
+- FP-0082 case 16: a missing path exits with status 3 success 84ms
|  +- install fairpane-js-parse (+1 more reused dependencies)
+- FP-0082 case 16: no arguments exits with status 3 and writes the usage success 80ms
|  +- install fairpane-js-parse (+1 more reused dependencies)
+- FP-0082 case 17: the census of the sound fixture exits with status 0 success 86ms
|  +- install fairpane-js-parse (+1 more reused dependencies)
+- FP-0082 case 17: the census of the unsound fixture exits with status 1 success 87ms
|  +- install fairpane-js-parse (+1 more reused dependencies)
+- FP-0082 case 17: the census refuses an existing output file and exits with status 3 success 84ms
   +- install fairpane-js-parse (+1 more reused dependencies)
   +- WriteFile existing.jsonl cached

error: the following build command exited with code 1:
C:\src\fairpane\.zig-cache\global\o\253f29e51d3f235ff7bb0cfb57b92bf7\maker.exe build --zig-lib=C:\src\fairpane\.tools\zig\0.18.0-dev.120+9fe22a29b\x86_64-windows\lib --zig=C:\src\fairpane\.tools\zig\0.18.0-dev.120+9fe22a29b\x86_64-windows\zig.exe --global-cache=C:\src\fairpane\.zig-cache\global --seed=0x83046e92 test --summary all --cache-dir out/fp0123-mutation
RESULT {"executable":"C:\\src\\fairpane\\.tools\\zig\\0.18.0-dev.120+9fe22a29b\\x86_64-windows\\zig.exe","arguments":["build","test","--summary","all","--cache-dir","out/fp0123-mutation"],"cwd":"C:\\Users\\requi\\.omp\\wt\\t6b5416396\\m","started_at":"2026-10-09T18:29:48.614Z","exit_code":1,"signal":null,"timed_out":false,"error":null,"duration_ms":39397,"environment_overrides":{"ZIG_GLOBAL_CACHE_DIR":"C:\\src\\fairpane\\.zig-cache\\global"}}

COMMAND ["C:\\Program Files\\Git\\cmd\\git.exe","apply","-R","engineering/evidence/FP-0123/raw/mutation-M9.diff"]
RESULT {"executable":"C:\\Program Files\\Git\\cmd\\git.exe","arguments":["apply","-R","engineering/evidence/FP-0123/raw/mutation-M9.diff"],"cwd":"C:\\Users\\requi\\.omp\\wt\\t6b5416396\\m","started_at":"2026-10-09T18:30:28.081Z","exit_code":0,"signal":null,"timed_out":false,"error":null,"duration_ms":28}

COMMAND ["C:\\Program Files\\Git\\cmd\\git.exe","hash-object","src/encoding/root.zig"]
c003462293d0579767bffe8e040d099df7ecec24
RESULT {"executable":"C:\\Program Files\\Git\\cmd\\git.exe","arguments":["hash-object","src/encoding/root.zig"],"cwd":"C:\\Users\\requi\\.omp\\wt\\t6b5416396\\m","started_at":"2026-10-09T18:30:28.206Z","exit_code":0,"signal":null,"timed_out":false,"error":null,"duration_ms":26}
