
COMMAND ["C:\\Program Files\\Git\\cmd\\git.exe","rev-parse","HEAD"]
ca026e893493f61bbdf6f0f67a4ab9edd0a3aca8
RESULT {"executable":"C:\\Program Files\\Git\\cmd\\git.exe","arguments":["rev-parse","HEAD"],"cwd":"C:\\Users\\requi\\.omp\\wt\\te63ab7b1b\\m","started_at":"2026-10-09T20:32:33.345Z","exit_code":0,"signal":null,"timed_out":false,"error":null,"duration_ms":52}

COMMAND ["C:\\Program Files\\Git\\cmd\\git.exe","diff","--cached","--stat"]
 specs/capabilities/text-fonts.json                 |     2 +-
 src/font/gdef.zig                                  |   185 +
 src/font/layout.zig                                |   617 +-
 src/font/layout_common.zig                         |   238 +
 src/font/opentype.zig                              |    19 +-
 src/font/tables.zig                                |    14 +
 tests/text/README.md                               |    40 +-
 tests/text/fixture_test.zig                        |    17 +-
 .../NotoSansArabic-Regular.expect.json             |  4966 ++++-
 .../noto-sans-cjk-jp-subset/cjk-subset.expect.json |  1139 +-
 .../NotoSansDevanagari-Regular.expect.json         | 11182 ++++++++++-
 .../fonts/noto-sans/NotoSans-Regular.expect.json   | 19292 ++++++++++++++++++-
 tests/text/layout_builder.zig                      |   330 +
 tests/text/layout_fixture_test.zig                 |   377 +
 tests/text/layout_test.zig                         |  1389 ++
 tests/text/root.zig                                |     4 +-
 tests/text/synthetic_test.zig                      |     9 +-
 tools/README.md                                    |    11 +
 tools/fonts/font_expectations.py                   |   152 +-
 19 files changed, 39744 insertions(+), 239 deletions(-)
RESULT {"executable":"C:\\Program Files\\Git\\cmd\\git.exe","arguments":["diff","--cached","--stat"],"cwd":"C:\\Users\\requi\\.omp\\wt\\te63ab7b1b\\m","started_at":"2026-10-09T20:32:33.489Z","exit_code":0,"signal":null,"timed_out":false,"error":null,"duration_ms":145}

COMMAND ["C:\\Program Files\\Git\\usr\\bin\\sha256sum.exe","src/font/layout_common.zig"]
a68d1429a460ab0bb6d90d86d11b09f98ae7d6d7466be66cb92a58ab41a50091 *src/font/layout_common.zig
RESULT {"executable":"C:\\Program Files\\Git\\usr\\bin\\sha256sum.exe","arguments":["src/font/layout_common.zig"],"cwd":"C:\\Users\\requi\\.omp\\wt\\te63ab7b1b\\m","started_at":"2026-10-09T20:32:33.692Z","exit_code":0,"signal":null,"timed_out":false,"error":null,"duration_ms":16}

COMMAND ["C:\\Program Files\\Git\\cmd\\git.exe","apply","engineering/evidence/FP-0111/raw/mutation-M1.diff"]
RESULT {"executable":"C:\\Program Files\\Git\\cmd\\git.exe","arguments":["apply","engineering/evidence/FP-0111/raw/mutation-M1.diff"],"cwd":"C:\\Users\\requi\\.omp\\wt\\te63ab7b1b\\m","started_at":"2026-10-09T20:32:33.766Z","exit_code":0,"signal":null,"timed_out":false,"error":null,"duration_ms":43}

COMMAND ["C:\\Program Files\\Git\\usr\\bin\\sha256sum.exe","src/font/layout_common.zig"]
6d9e068fcbe159999c268956d31510584ad184e1b93b67b27304fe2853be29b2 *src/font/layout_common.zig
RESULT {"executable":"C:\\Program Files\\Git\\usr\\bin\\sha256sum.exe","arguments":["src/font/layout_common.zig"],"cwd":"C:\\Users\\requi\\.omp\\wt\\te63ab7b1b\\m","started_at":"2026-10-09T20:32:33.863Z","exit_code":0,"signal":null,"timed_out":false,"error":null,"duration_ms":13}

COMMAND ["C:\\src\\fairpane\\.tools\\zig\\0.18.0-dev.120+9fe22a29b\\x86_64-windows\\zig.exe","build","test","--summary","all","--cache-dir","out/fp0111-mutation"]
test
+- FP-0082 case 16: a missing path exits with status 3 w
fairpane-js-parse: tests/js/parse/missing.js: FileNotFound
failed command: cd . && ".\\zig-out\\bin\\fairpane-js-parse.exe" file tests/js/parse/missing.js

test
+- FP-0082 case 16: invalid-utf8.js exits with status 3 w
fairpane-js-parse: .\tests\js\parse\invalid-utf8.js: InvalidUtf8
failed command: ".\\zig-out\\bin\\fairpane-js-parse.exe" file ".\\tests\\js\\parse\\invalid-utf8.js"

test
+- FP-0082 case 17: the census refuses an existing output file and exits with status 3 w
fairpane-js-parse: census: cannot create .\out\fp0111-mutation\o\0c925f44918d6f5adba948a0455992d0\existing.jsonl: PathAlreadyExists
failed command: ".\\zig-out\\bin\\fairpane-js-parse.exe" census ".\\tests\\js\\census\\sound" ".\\out\\fp0111-mutation\\o\\0c925f44918d6f5adba948a0455992d0\\existing.jsonl"

test
+- run test 84 pass, 2 fail (86 total)
error: 'layout_test.test.FP-0111 case 1: Coverage formats 1 and 2, chapter2 Examples 5 and 6, and edge blobs' failed:
       expected 3, found 0
       C:\src\fairpane\.tools\zig\0.18.0-dev.120+9fe22a29b\x86_64-windows\lib\std\testing.zig:93:17: 0x7ff729ffdb9e in expectEqualInner__func_1408 (test_zcu.obj)
                       return error.TestExpectedEqual;
                       ^
       C:\src\fairpane\.tools\zig\0.18.0-dev.120+9fe22a29b\x86_64-windows\lib\std\testing.zig:57: 0x7ff72a0381df in expectEqual (test_zcu.obj)
           return expectEqualInner(T, expected, actual);
       
       C:\src\fairpane\.tools\zig\0.18.0-dev.120+9fe22a29b\x86_64-windows\lib\std\testing.zig:170:21: 0x7ff72a038207 in expectEqualInner__func_1708 (test_zcu.obj)
                           try expectEqual(expected_payload, actual_payload);
                           ^
       C:\src\fairpane\.tools\zig\0.18.0-dev.120+9fe22a29b\x86_64-windows\lib\std\testing.zig:57: 0x7ff72a038600 in expectEqual (test_zcu.obj)
           return expectEqualInner(T, expected, actual);
       
       C:\Users\requi\.omp\wt\te63ab7b1b\m\tests\text\layout_test.zig:77:9: 0x7ff72a03862b in expectCoverage (test_zcu.obj)
               try testing.expectEqual(@as(?u16, @intCast(i)), c.index(g));
               ^
       C:\Users\requi\.omp\wt\te63ab7b1b\m\tests\text\layout_test.zig:211:5: 0x7ff72a05c298 in test.FP-0111 case 1: Coverage formats 1 and 2, chapter2 Examples 5 and 6, and edge blobs (test_zcu.obj)
           try expectCoverage(c3, 2, &.{ 5, 6, 7, 10 });
           ^
error: 'layout_fixture_test.test.FP-0111 case 25: each fixture's GDEF, GSUB, and GPOS structures equal its version 2 fontTools dump' failed:
       noto-sans gsub .lookups[0].subtables[0].coverage: index of glyph 9: expected 1, parser 0
       C:\Users\requi\.omp\wt\te63ab7b1b\m\tests\text\layout_fixture_test.zig:26:9: 0x7ff729fbe32c in fail__func_915 (test_zcu.obj)
               return error.TestUnexpectedResult;
               ^
       C:\Users\requi\.omp\wt\te63ab7b1b\m\tests\text\layout_fixture_test.zig:78:44: 0x7ff729f881c5 in checkCoverage (test_zcu.obj)
               if (index == null or index.? != i) return w.fail("index of glyph {d}: expected {d}, parser {?d}", .{ int(g), i, index });
                                                  ^
       C:\Users\requi\.omp\wt\te63ab7b1b\m\tests\text\layout_fixture_test.zig:227:13: 0x7ff729f8cc07 in checkLayout (test_zcu.obj)
                   try checkCoverage(wc, to.get("coverage").?, try wc.valid(s.coverage()));
                   ^
       C:\Users\requi\.omp\wt\te63ab7b1b\m\tests\text\layout_fixture_test.zig:358:18: 0x7ff729f926a3 in checkFixture (test_zcu.obj)
           const gsub = try checkLayout(arena, .{ .font = f.dir, .table = "gsub", .path = "" }, e.get("gsub").?, parsed.gsub());
                        ^
       C:\Users\requi\.omp\wt\te63ab7b1b\m\tests\text\layout_fixture_test.zig:369:9: 0x7ff729f92b7b in test.FP-0111 case 25: each fixture's GDEF, GSUB, and GPOS structures equal its version 2 fontTools dump (test_zcu.obj)
               try checkFixture(arena.allocator(), f);
               ^
failed command: cd . && ".\\out\\fp0111-mutation\\o\\21659eecbe6f812d490caa4af56c9c18\\test.exe" "--cache-dir=.\\out\\fp0111-mutation" --seed=0x47d31911 --listen=-

test
+- run test w
FP-0082 case 10: measured stack use 21104 bytes for 1022 terms and 20976 bytes for 1021 parentheses
failed command: cd . && ".\\out\\fp0111-mutation\\o\\55f397002e3082693150abe032e0c30e\\test.exe" "--cache-dir=.\\out\\fp0111-mutation" --seed=0x47d31911 --listen=-

Build Summary: 99/101 steps succeeded (1 failed); 417/419 tests passed (2 failed)
test transitive failure
+- run test 327 pass (327 total) 49s MaxRSS:396M
|  +- compile test debug native success 12s MaxRSS:1G
+- run test 84 pass, 2 fail (86 total)
|  +- compile test debug native success 5s MaxRSS:511M
+- FP-0007 case 13: case 2 passes with exit status 0 success 47ms
|  +- install fairpane-lab success
|     +- compile exe fairpane-lab debug native success 3s MaxRSS:372M
+- FP-0007 case 13: case 3 fails with exit status 1 success 50ms
|  +- install fairpane-lab (+1 more reused dependencies)
+- FP-0007 case 13: case 4 is unsupported with exit status 2 success 53ms
|  +- install fairpane-lab (+1 more reused dependencies)
+- FP-0007 case 13: case 1 is a harness error with exit status 3 success 49ms
|  +- install fairpane-lab (+1 more reused dependencies)
+- FP-0007 case 13: case 8 times out with exit status 4 success 46ms
|  +- install fairpane-lab (+1 more reused dependencies)
+- FP-0007 case 13: an unknown command exits with status 64 and writes no result success 44ms
|  +- install fairpane-lab (+1 more reused dependencies)
+- FP-0008 case 26: case 18 passes with exit status 0 success 57ms
|  +- install fairpane-lab (+1 more reused dependencies)
+- FP-0008 case 26: the token_count variant of case 19 fails with exit status 1 success 44ms
|  +- install fairpane-lab (+1 more reused dependencies)
+- FP-0008 case 26: the <p> case of case 21 is unsupported with exit status 2 success 54ms
|  +- install fairpane-lab (+1 more reused dependencies)
+- FP-0123 case 15 Lab-7: the UTF-16BE tokenize case of Lab-3 passes with exit status 0 success 52ms
|  +- install fairpane-lab (+1 more reused dependencies)
+- FP-0007 case 14: minimize reduces a failing fetch case with a 4096-byte body success 86ms
|  +- install fairpane-lab (+1 more reused dependencies)
+- FP-0007 case 14: the minimized case fails the same check success 21ms
|  +- install fairpane-lab (+1 more reused dependencies)
|  +- FP-0007 case 14: minimize reduces a failing fetch case with a 4096-byte body (+1 more reused dependencies)
+- FP-0007 case 14: the minimized document body is 1-minimal success 98ms
|  +- compile exe fairpane-lab-check debug native success 3s MaxRSS:358M
|  +- FP-0007 case 14: minimize reduces a failing fetch case with a 4096-byte body (+1 more reused dependencies)
+- FP-0007 case 14: minimize refuses a passing case success 58ms
|  +- install fairpane-lab (+1 more reused dependencies)
+- FP-0007 case 14: a refused minimization writes nothing success 92ms
|  +- compile exe fairpane-lab-check debug native (reused)
|  +- FP-0007 case 14: minimize refuses a passing case (+1 more reused dependencies)
+- FP-0054 case 5: minimize refuses an --out path that names the input file through another spelling success 15ms
|  +- install fairpane-lab (+1 more reused dependencies)
|  +- FP-0054 case 5: create a fresh directory success 89ms
|  |  +- compile exe fairpane-lab-check debug native (reused)
|  +- FP-0054 case 5: create a fresh directory (+1 more reused dependencies)
+- FP-0054 case 5: the refused minimization leaves the input unchanged success 14ms
|  +- compile exe fairpane-lab-check debug native (reused)
|  +- FP-0054 case 5: create a fresh directory (+1 more reused dependencies)
|  +- FP-0054 case 5: minimize refuses an --out path that names the input file through another spelling (+3 more reused dependencies)
+- FP-0054 revision 1 case 1: minimize refuses an --out path that is a hard link to the input file success 12ms
|  +- install fairpane-lab (+1 more reused dependencies)
|  +- FP-0054 revision 1 case 1: create a fresh directory success 85ms
|     +- compile exe fairpane-lab-check debug native (reused)
+- FP-0054 revision 1 case 1: the refused command leaves the input unchanged success 14ms
|  +- compile exe fairpane-lab-check debug native (reused)
|  +- FP-0054 revision 1 case 1: create a fresh directory (+1 more reused dependencies)
|  +- FP-0054 revision 1 case 1: minimize refuses an --out path that is a hard link to the input file (+2 more reused dependencies)
+- FP-0054 revision 1 case 2: run refuses a --transcript path that is a hard link to the input file success 15ms
|  +- install fairpane-lab (+1 more reused dependencies)
|  +- FP-0054 revision 1 case 2: create a fresh directory success 94ms
|     +- compile exe fairpane-lab-check debug native (reused)
+- FP-0054 revision 1 case 2: the refused command leaves the input unchanged success 14ms
|  +- compile exe fairpane-lab-check debug native (reused)
|  +- FP-0054 revision 1 case 2: create a fresh directory (+1 more reused dependencies)
|  +- FP-0054 revision 1 case 2: run refuses a --transcript path that is a hard link to the input file (+2 more reused dependencies)
+- FP-0054 revision 1 case 3: minimize refuses an --out path that names the input file in other letter case success 15ms
|  +- install fairpane-lab (+1 more reused dependencies)
|  +- FP-0054 revision 1 case 3: create a fresh directory success 92ms
|     +- compile exe fairpane-lab-check debug native (reused)
+- FP-0054 revision 1 case 3: the refused command leaves the input unchanged success 13ms
|  +- compile exe fairpane-lab-check debug native (reused)
|  +- FP-0054 revision 1 case 3: create a fresh directory (+1 more reused dependencies)
|  +- FP-0054 revision 1 case 3: minimize refuses an --out path that names the input file in other letter case (+2 more reused dependencies)
+- FP-0054 revision 1 case 4: minimize writes over a separate byte-identical copy of the input file success 14ms
|  +- install fairpane-lab (+1 more reused dependencies)
|  +- FP-0054 revision 1 case 4: create a fresh directory success 85ms
|     +- compile exe fairpane-lab-check debug native (reused)
+- FP-0054 revision 1 case 4: the written case is a version 2 case derived from the input digest success 15ms
|  +- compile exe fairpane-lab-check debug native (reused)
|  +- FP-0054 revision 1 case 4: create a fresh directory (+1 more reused dependencies)
|  +- FP-0054 revision 1 case 4: minimize writes over a separate byte-identical copy of the input file (+2 more reused dependencies)
+- FP-0054 revision 1 case 5: run, minimize, and replay report files one byte above the size limit success 108ms
|  +- compile exe fairpane-lab-check debug native (reused)
|  +- FP-0054 revision 1 case 5: create a fresh directory success 86ms
|  |  +- compile exe fairpane-lab-check debug native (reused)
|  +- install fairpane-lab (+1 more reused dependencies)
+- FP-0076 case 3: minimize writes over an existing out.json whose ACL denies read-data access to Everyone success 16ms
|  +- install fairpane-lab (+1 more reused dependencies)
|  +- FP-0076 case 3: create a fresh directory success 85ms
|     +- compile exe fairpane-lab-check debug native (reused)
+- FP-0076 case 3: out.json is a version 2 case derived from the input digest success 8ms
|  +- compile exe fairpane-lab-check debug native (reused)
|  +- FP-0076 case 3: create a fresh directory (+1 more reused dependencies)
|  +- FP-0076 case 3: restore read access to out.json success 15ms
|     +- compile exe fairpane-lab-check debug native (reused)
|     +- FP-0076 case 3: create a fresh directory (+1 more reused dependencies)
|     +- FP-0076 case 3: minimize writes over an existing out.json whose ACL denies read-data access to Everyone (+2 more reused dependencies)
+- FP-0076 case 4: minimize reports the output path out|.json, which cannot be identified success 14ms
|  +- install fairpane-lab (+1 more reused dependencies)
|  +- FP-0076 case 4: create a fresh directory success 91ms
|     +- compile exe fairpane-lab-check debug native (reused)
+- FP-0076 case 4: the directory gains no file success 15ms
|  +- compile exe fairpane-lab-check debug native (reused)
|  +- FP-0076 case 4: create a fresh directory (+1 more reused dependencies)
|  +- FP-0076 case 4: minimize reports the output path out|.json, which cannot be identified (+2 more reused dependencies)
+- FP-0076 case 7: the revision 1 case 5 helper reports failing checks and removes both oversized files success 94ms
|  +- compile exe fairpane-lab-check debug native (reused)
|  +- FP-0076 case 7: create a fresh directory success 86ms
|  |  +- compile exe fairpane-lab-check debug native (reused)
|  +- compile exe fairpane-lab-check debug native (reused)
+- FP-0076 case 7: no file remains after the failing run success 6ms
|  +- compile exe fairpane-lab-check debug native (reused)
|  +- FP-0076 case 7: create a fresh directory (+1 more reused dependencies)
|  +- FP-0076 case 7: the revision 1 case 5 helper reports failing checks and removes both oversized files (+3 more reused dependencies)
+- FP-0011 case 4: leaf_invokes_to_number.zig success 545ms
+- FP-0011 case 4: leaf_invokes_number_to_string.zig success 594ms
+- FP-0011 case 4: allocation_invokes_call.zig success 632ms
+- FP-0011 case 4: leaf_allocates.zig success 482ms
+- FP-0011 case 4: mutation_throws.zig success 486ms
+- FP-0011 case 4: leaf_calls_behavior.zig success 537ms
+- FP-0011 case 4: leaf_positive.zig success 588ms
+- FP-0011 case 5: catalog_callback_alone.zig success 485ms
+- FP-0011 case 5: catalog_exception_alone.zig success 498ms
+- FP-0011 case 5: catalog_duplicate_id.zig success 585ms
+- FP-0011 case 5: kernel_wider_context.zig success 578ms
+- FP-0011 case 5: kernel_undeclared_throw.zig success 527ms
+- FP-0011 case 8: layout_undescribed_field.zig success 473ms
+- FP-0011 case 8: layout_plain_reference.zig success 500ms
+- FP-0011 case 8: layout_missing_field.zig success 497ms
+- FP-0011 case 20: abi_reference_value.zig success 482ms
+- FP-0011 case 20: abi_nan_box_value.zig success 486ms
+- FP-0011 case 20: abi_tagged_index_value.zig success 437ms
+- FP-0011 case 34: leaf_reaches_heap.zig success 524ms
+- FP-0011 case 35: leaf_widens_context.zig success 568ms
+- FP-0011 case 36: binding_missing_kernel.zig success 532ms
+- FP-0011 case 36: binding_stray_kernel.zig success 554ms
+- library-test success
|  +- run test 6 pass (6 total) 33ms MaxRSS:4M
|  |  +- compile test debug native success 2s MaxRSS:287M
|  +- FP-0066 case 1: ReleaseSafe libraries built in two directories are byte-identical success 14ms
|  |  +- compile exe fairpane-library-check debug native success 2s MaxRSS:280M
|  |  +- archive fairpane.lib safe success 19ms
|  |  |  +- compile obj fairpane_zcu safe native success 4s MaxRSS:178M
|  |  |     +- WriteFile fp0066-tree-a/src success
|  |  +- archive fairpane.lib safe success 16ms
|  |     +- compile obj fairpane_zcu safe native success 3s MaxRSS:178M
|  |        +- WriteFile fp0066-tree-a/src (reused)
|  +- FP-0066 case 2: the ReleaseSafe library contains neither its build directory nor the compiler installation directory success 61ms
|  |  +- compile exe fairpane-library-check debug native (reused)
|  |  +- archive fairpane.lib safe (+1 more reused dependencies)
|  |  +- WriteFile fp0066-tree-a/src (reused)
|  +- FP-0066 case 4: the Debug library keeps debug information that names the absolute source directory success 61ms
|  |  +- compile exe fairpane-library-check debug native (reused)
|  |  +- archive fairpane.lib debug success 19ms
|  |     +- compile obj fairpane_zcu debug native success 2s MaxRSS:271M
|  +- FP-0066 case 5: the ReleaseSafe library's only member is the object, named without a directory success 32ms
|  |  +- compile exe fairpane-library-check debug native (reused)
|  |  +- archive fairpane.lib safe (+1 more reused dependencies)
|  +- FP-0066: every member header of the ReleaseSafe library has a zero time stamp, owner, and group success 33ms
|     +- compile exe fairpane-library-check debug native (reused)
|     +- archive fairpane.lib safe (+1 more reused dependencies)
+- FP-0082 case 16: valid.js exits with status 0 and prints the T9 dump success 37ms
|  +- install fairpane-js-parse success
|     +- compile exe fairpane-js-parse debug native success 3s MaxRSS:344M
|        +- WriteFile src success
+- FP-0082 case 16: syntax.js exits with status 1 and prints its syntax error success 35ms
|  +- install fairpane-js-parse (+1 more reused dependencies)
+- FP-0082 case 16: unsupported.js exits with status 2 and prints its unsupported outcome success 38ms
|  +- install fairpane-js-parse (+1 more reused dependencies)
+- FP-0082 case 16: invalid-utf8.js exits with status 3 success 37ms
|  +- install fairpane-js-parse (+1 more reused dependencies)
+- FP-0082 case 16: a missing path exits with status 3 success 39ms
|  +- install fairpane-js-parse (+1 more reused dependencies)
+- FP-0082 case 16: no arguments exits with status 3 and writes the usage success 34ms
|  +- install fairpane-js-parse (+1 more reused dependencies)
+- FP-0082 case 17: the census of the sound fixture exits with status 0 success 41ms
|  +- install fairpane-js-parse (+1 more reused dependencies)
+- FP-0082 case 17: the census of the unsound fixture exits with status 1 success 42ms
|  +- install fairpane-js-parse (+1 more reused dependencies)
+- FP-0082 case 17: the census refuses an existing output file and exits with status 3 success 38ms
   +- install fairpane-js-parse (+1 more reused dependencies)
   +- WriteFile existing.jsonl success

error: the following build command exited with code 1:
C:\src\fairpane\.zig-cache\global\o\253f29e51d3f235ff7bb0cfb57b92bf7\maker.exe build --zig-lib=C:\src\fairpane\.tools\zig\0.18.0-dev.120+9fe22a29b\x86_64-windows\lib --zig=C:\src\fairpane\.tools\zig\0.18.0-dev.120+9fe22a29b\x86_64-windows\zig.exe --global-cache=C:\src\fairpane\.zig-cache\global --seed=0x47d31911 test --summary all --cache-dir out/fp0111-mutation
RESULT {"executable":"C:\\src\\fairpane\\.tools\\zig\\0.18.0-dev.120+9fe22a29b\\x86_64-windows\\zig.exe","arguments":["build","test","--summary","all","--cache-dir","out/fp0111-mutation"],"cwd":"C:\\Users\\requi\\.omp\\wt\\te63ab7b1b\\m","started_at":"2026-10-09T20:32:33.976Z","exit_code":1,"signal":null,"timed_out":false,"error":null,"duration_ms":65826,"environment_overrides":{"ZIG_GLOBAL_CACHE_DIR":"C:\\src\\fairpane\\.zig-cache\\global"}}

COMMAND ["C:\\Program Files\\Git\\cmd\\git.exe","apply","-R","engineering/evidence/FP-0111/raw/mutation-M1.diff"]
RESULT {"executable":"C:\\Program Files\\Git\\cmd\\git.exe","arguments":["apply","-R","engineering/evidence/FP-0111/raw/mutation-M1.diff"],"cwd":"C:\\Users\\requi\\.omp\\wt\\te63ab7b1b\\m","started_at":"2026-10-09T20:33:39.866Z","exit_code":0,"signal":null,"timed_out":false,"error":null,"duration_ms":25}

COMMAND ["C:\\Program Files\\Git\\usr\\bin\\sha256sum.exe","src/font/layout_common.zig"]
a68d1429a460ab0bb6d90d86d11b09f98ae7d6d7466be66cb92a58ab41a50091 *src/font/layout_common.zig
RESULT {"executable":"C:\\Program Files\\Git\\usr\\bin\\sha256sum.exe","arguments":["src/font/layout_common.zig"],"cwd":"C:\\Users\\requi\\.omp\\wt\\te63ab7b1b\\m","started_at":"2026-10-09T20:33:39.950Z","exit_code":0,"signal":null,"timed_out":false,"error":null,"duration_ms":15}

COMMAND ["C:\\Program Files\\Git\\usr\\bin\\sha256sum.exe","src/font/layout_common.zig"]
a68d1429a460ab0bb6d90d86d11b09f98ae7d6d7466be66cb92a58ab41a50091 *src/font/layout_common.zig
RESULT {"executable":"C:\\Program Files\\Git\\usr\\bin\\sha256sum.exe","arguments":["src/font/layout_common.zig"],"cwd":"C:\\Users\\requi\\.omp\\wt\\te63ab7b1b\\m","started_at":"2026-10-09T20:33:40.020Z","exit_code":0,"signal":null,"timed_out":false,"error":null,"duration_ms":14}

COMMAND ["C:\\Program Files\\Git\\cmd\\git.exe","apply","engineering/evidence/FP-0111/raw/mutation-M2.diff"]
RESULT {"executable":"C:\\Program Files\\Git\\cmd\\git.exe","arguments":["apply","engineering/evidence/FP-0111/raw/mutation-M2.diff"],"cwd":"C:\\Users\\requi\\.omp\\wt\\te63ab7b1b\\m","started_at":"2026-10-09T20:33:40.096Z","exit_code":0,"signal":null,"timed_out":false,"error":null,"duration_ms":21}

COMMAND ["C:\\Program Files\\Git\\usr\\bin\\sha256sum.exe","src/font/layout_common.zig"]
505f5d1a0780542842a8875c44aa1b82293f1177a4a4af5a7a774dc17250dd92 *src/font/layout_common.zig
RESULT {"executable":"C:\\Program Files\\Git\\usr\\bin\\sha256sum.exe","arguments":["src/font/layout_common.zig"],"cwd":"C:\\Users\\requi\\.omp\\wt\\te63ab7b1b\\m","started_at":"2026-10-09T20:33:40.190Z","exit_code":0,"signal":null,"timed_out":false,"error":null,"duration_ms":15}

COMMAND ["C:\\src\\fairpane\\.tools\\zig\\0.18.0-dev.120+9fe22a29b\\x86_64-windows\\zig.exe","build","test","--summary","all","--cache-dir","out/fp0111-mutation"]
test
+- FP-0082 case 16: a missing path exits with status 3 w
fairpane-js-parse: tests/js/parse/missing.js: FileNotFound
failed command: cd . && ".\\zig-out\\bin\\fairpane-js-parse.exe" file tests/js/parse/missing.js

test
+- FP-0082 case 16: invalid-utf8.js exits with status 3 w
fairpane-js-parse: .\tests\js\parse\invalid-utf8.js: InvalidUtf8
failed command: ".\\zig-out\\bin\\fairpane-js-parse.exe" file ".\\tests\\js\\parse\\invalid-utf8.js"

test
+- FP-0082 case 17: the census refuses an existing output file and exits with status 3 w
fairpane-js-parse: census: cannot create .\out\fp0111-mutation\o\0c925f44918d6f5adba948a0455992d0\existing.jsonl: PathAlreadyExists
failed command: ".\\zig-out\\bin\\fairpane-js-parse.exe" census ".\\tests\\js\\census\\sound" ".\\out\\fp0111-mutation\\o\\0c925f44918d6f5adba948a0455992d0\\existing.jsonl"

test
+- run test 77 pass, 9 fail (86 total)
error: 'layout_test.test.FP-0111 case 1: Coverage formats 1 and 2, chapter2 Examples 5 and 6, and edge blobs' failed:
       expected 4, found null
       C:\src\fairpane\.tools\zig\0.18.0-dev.120+9fe22a29b\x86_64-windows\lib\std\testing.zig:173:21: 0x7ff6781b81f0 in expectEqualInner__func_1708 (test_zcu.obj)
                           return error.TestExpectedEqual;
                           ^
       C:\src\fairpane\.tools\zig\0.18.0-dev.120+9fe22a29b\x86_64-windows\lib\std\testing.zig:57: 0x7ff6781b8640 in expectEqual (test_zcu.obj)
           return expectEqualInner(T, expected, actual);
       
       C:\Users\requi\.omp\wt\te63ab7b1b\m\tests\text\layout_test.zig:77:9: 0x7ff6781b866b in expectCoverage (test_zcu.obj)
               try testing.expectEqual(@as(?u16, @intCast(i)), c.index(g));
               ^
       C:\Users\requi\.omp\wt\te63ab7b1b\m\tests\text\layout_test.zig:198:5: 0x7ff6781dbb71 in test.FP-0111 case 1: Coverage formats 1 and 2, chapter2 Examples 5 and 6, and edge blobs (test_zcu.obj)
           try expectCoverage(c1, 1, &.{ 0x38, 0x3B, 0x41, 0x42, 0x4A });
           ^
error: 'layout_test.test.FP-0111 case 8: chapter2 Examples 3 and 4, a FeatureList and a LookupList' failed:
       expected 0, found null
       C:\src\fairpane\.tools\zig\0.18.0-dev.120+9fe22a29b\x86_64-windows\lib\std\testing.zig:173:21: 0x7ff6781b81f0 in expectEqualInner__func_1708 (test_zcu.obj)
                           return error.TestExpectedEqual;
                           ^
       C:\src\fairpane\.tools\zig\0.18.0-dev.120+9fe22a29b\x86_64-windows\lib\std\testing.zig:57: 0x7ff6781b8640 in expectEqual (test_zcu.obj)
           return expectEqualInner(T, expected, actual);
       
       C:\Users\requi\.omp\wt\te63ab7b1b\m\tests\text\layout_test.zig:77:9: 0x7ff6781b866b in expectCoverage (test_zcu.obj)
               try testing.expectEqual(@as(?u16, @intCast(i)), c.index(g));
               ^
       C:\Users\requi\.omp\wt\te63ab7b1b\m\tests\text\layout_test.zig:119:5: 0x7ff6781c619d in expectSubtable (test_zcu.obj)
           try expectCoverage(try valid(s.coverage()), coverage_format, glyphs);
           ^
       C:\Users\requi\.omp\wt\te63ab7b1b\m\tests\text\layout_test.zig:385:9: 0x7ff6781d7ccc in test.FP-0111 case 8: chapter2 Examples 3 and 4, a FeatureList and a LookupList (test_zcu.obj)
               try expectSubtable(lookup, 0, 1, 1, &.{2});
               ^
error: 'layout_test.test.FP-0111 case 13: the G lookups, flags, mark filtering sets, extensions, and subtable formats' failed:
       expected 1, found null
       C:\src\fairpane\.tools\zig\0.18.0-dev.120+9fe22a29b\x86_64-windows\lib\std\testing.zig:173:21: 0x7ff6781b81f0 in expectEqualInner__func_1708 (test_zcu.obj)
                           return error.TestExpectedEqual;
                           ^
       C:\src\fairpane\.tools\zig\0.18.0-dev.120+9fe22a29b\x86_64-windows\lib\std\testing.zig:57: 0x7ff6781b8640 in expectEqual (test_zcu.obj)
           return expectEqualInner(T, expected, actual);
       
       C:\Users\requi\.omp\wt\te63ab7b1b\m\tests\text\layout_test.zig:77:9: 0x7ff6781b866b in expectCoverage (test_zcu.obj)
               try testing.expectEqual(@as(?u16, @intCast(i)), c.index(g));
               ^
       C:\Users\requi\.omp\wt\te63ab7b1b\m\tests\text\layout_test.zig:119:5: 0x7ff6781c619d in expectSubtable (test_zcu.obj)
           try expectCoverage(try valid(s.coverage()), coverage_format, glyphs);
           ^
       C:\Users\requi\.omp\wt\te63ab7b1b\m\tests\text\layout_test.zig:530:5: 0x7ff6781ce2d7 in test.FP-0111 case 13: the G lookups, flags, mark filtering sets, extensions, and subtable formats (test_zcu.obj)
           try expectSubtable(l0, 0, 1, 1, &.{ 2, 3 });
           ^
error: 'layout_test.test.FP-0111 case 14: the P lookups, including mark coverages, extensions, and unknown types' failed:
       expected 0, found null
       C:\src\fairpane\.tools\zig\0.18.0-dev.120+9fe22a29b\x86_64-windows\lib\std\testing.zig:173:21: 0x7ff6781b81f0 in expectEqualInner__func_1708 (test_zcu.obj)
                           return error.TestExpectedEqual;
                           ^
       C:\src\fairpane\.tools\zig\0.18.0-dev.120+9fe22a29b\x86_64-windows\lib\std\testing.zig:57: 0x7ff6781b8640 in expectEqual (test_zcu.obj)
           return expectEqualInner(T, expected, actual);
       
       C:\Users\requi\.omp\wt\te63ab7b1b\m\tests\text\layout_test.zig:77:9: 0x7ff6781b866b in expectCoverage (test_zcu.obj)
               try testing.expectEqual(@as(?u16, @intCast(i)), c.index(g));
               ^
       C:\Users\requi\.omp\wt\te63ab7b1b\m\tests\text\layout_test.zig:119:5: 0x7ff6781c619d in expectSubtable (test_zcu.obj)
           try expectCoverage(try valid(s.coverage()), coverage_format, glyphs);
           ^
       C:\Users\requi\.omp\wt\te63ab7b1b\m\tests\text\layout_test.zig:575:5: 0x7ff6781c7cdc in test.FP-0111 case 14: the P lookups, including mark coverages, extensions, and unknown types (test_zcu.obj)
           try expectSubtable(try expectLookup(l.lookup(0), .{ .lookup_type = 1 }), 0, 1, 1, &.{2});
           ^
error: 'layout_test.test.FP-0111 case 18: GDEF glyph classes, mark attachment classes, mark glyph sets, and ligature carets' failed:
       expected 0, found null
       C:\src\fairpane\.tools\zig\0.18.0-dev.120+9fe22a29b\x86_64-windows\lib\std\testing.zig:173:21: 0x7ff6781b81f0 in expectEqualInner__func_1708 (test_zcu.obj)
                           return error.TestExpectedEqual;
                           ^
       C:\src\fairpane\.tools\zig\0.18.0-dev.120+9fe22a29b\x86_64-windows\lib\std\testing.zig:57: 0x7ff6781b8640 in expectEqual (test_zcu.obj)
           return expectEqualInner(T, expected, actual);
       
       C:\Users\requi\.omp\wt\te63ab7b1b\m\tests\text\layout_test.zig:77:9: 0x7ff6781b866b in expectCoverage (test_zcu.obj)
               try testing.expectEqual(@as(?u16, @intCast(i)), c.index(g));
               ^
       C:\Users\requi\.omp\wt\te63ab7b1b\m\tests\text\layout_test.zig:816:5: 0x7ff6781b9207 in test.FP-0111 case 18: GDEF glyph classes, mark attachment classes, mark glyph sets, and ligature carets (test_zcu.obj)
           try expectCoverage(try valid(try some(sets.set(0))), 1, &.{3});
           ^
error: 'layout_test.test.FP-0111 case 19: the gdef Example 4 ligature carets follow the bytes' failed:
       expected valid, got not_covered
       C:\Users\requi\.omp\wt\te63ab7b1b\m\tests\text\layout_test.zig:39:13: 0x7ff6781aa284 in valid__func_1610 (test_zcu.obj)
                   return error.TestUnexpectedResult;
                   ^
       C:\Users\requi\.omp\wt\te63ab7b1b\m\tests\text\layout_test.zig:847:17: 0x7ff6781b7e96 in test.FP-0111 case 19: the gdef Example 4 ligature carets follow the bytes (test_zcu.obj)
           const two = try valid(carets.carets(0xA5));
                       ^
error: 'layout_test.test.FP-0111 case 20: malformed GDEF subtables are rejected or unsupported' failed:
       expected valid, got not_covered
       C:\Users\requi\.omp\wt\te63ab7b1b\m\tests\text\layout_test.zig:39:13: 0x7ff6781aa284 in valid__func_1610 (test_zcu.obj)
                   return error.TestUnexpectedResult;
                   ^
       C:\Users\requi\.omp\wt\te63ab7b1b\m\tests\text\layout_test.zig:890:21: 0x7ff6781b1ed2 in test.FP-0111 case 20: malformed GDEF subtables are rejected or unsupported (test_zcu.obj)
               const lig = try valid((try valid((try fx.gdef()).ligatureCaretList())).carets(2));
                           ^
error: 'layout_test.test.FP-0111 case 22: handles taken before the font bytes change never panic or read outside the font' failed:
       expected valid, got not_covered
       C:\Users\requi\.omp\wt\te63ab7b1b\m\tests\text\layout_test.zig:39:13: 0x7ff6781aa284 in valid__func_1610 (test_zcu.obj)
                   return error.TestUnexpectedResult;
                   ^
       C:\Users\requi\.omp\wt\te63ab7b1b\m\tests\text\layout_test.zig:1251:20: 0x7ff6781ab291 in take (test_zcu.obj)
                   .lig = try valid(carets.carets(2)),
                          ^
       C:\Users\requi\.omp\wt\te63ab7b1b\m\tests\text\layout_test.zig:1281:21: 0x7ff6781abca3 in test.FP-0111 case 22: handles taken before the font bytes change never panic or read outside the font (test_zcu.obj)
           const handles = try Handles.take(&fx.f);
                           ^
error: 'layout_fixture_test.test.FP-0111 case 25: each fixture's GDEF, GSUB, and GPOS structures equal its version 2 fontTools dump' failed:
       noto-sans gsub .lookups[1].subtables[0].coverage: index of glyph 3726: expected 121, parser null
       C:\Users\requi\.omp\wt\te63ab7b1b\m\tests\text\layout_fixture_test.zig:26:9: 0x7ff67813e32c in fail__func_915 (test_zcu.obj)
               return error.TestUnexpectedResult;
               ^
       C:\Users\requi\.omp\wt\te63ab7b1b\m\tests\text\layout_fixture_test.zig:78:44: 0x7ff6781081c5 in checkCoverage (test_zcu.obj)
               if (index == null or index.? != i) return w.fail("index of glyph {d}: expected {d}, parser {?d}", .{ int(g), i, index });
                                                  ^
       C:\Users\requi\.omp\wt\te63ab7b1b\m\tests\text\layout_fixture_test.zig:227:13: 0x7ff67810cc07 in checkLayout (test_zcu.obj)
                   try checkCoverage(wc, to.get("coverage").?, try wc.valid(s.coverage()));
                   ^
       C:\Users\requi\.omp\wt\te63ab7b1b\m\tests\text\layout_fixture_test.zig:358:18: 0x7ff6781126a3 in checkFixture (test_zcu.obj)
           const gsub = try checkLayout(arena, .{ .font = f.dir, .table = "gsub", .path = "" }, e.get("gsub").?, parsed.gsub());
                        ^
       C:\Users\requi\.omp\wt\te63ab7b1b\m\tests\text\layout_fixture_test.zig:369:9: 0x7ff678112b7b in test.FP-0111 case 25: each fixture's GDEF, GSUB, and GPOS structures equal its version 2 fontTools dump (test_zcu.obj)
               try checkFixture(arena.allocator(), f);
               ^
failed command: cd . && ".\\out\\fp0111-mutation\\o\\3dc0e11985011423158f2bd4866356f3\\test.exe" "--cache-dir=.\\out\\fp0111-mutation" --seed=0x9e06baa0 --listen=-

test
+- run test w
FP-0082 case 10: measured stack use 21104 bytes for 1022 terms and 20976 bytes for 1021 parentheses
failed command: cd . && ".\\out\\fp0111-mutation\\o\\6696d80f360ad1512e4c27469c88c20c\\test.exe" "--cache-dir=.\\out\\fp0111-mutation" --seed=0x9e06baa0 --listen=-

Build Summary: 99/101 steps succeeded (1 failed); 404/413 tests passed (9 failed)
test transitive failure
+- run test 327 pass (327 total) 53s MaxRSS:396M
|  +- compile test debug native success 11s MaxRSS:991M
+- run test 77 pass, 9 fail (86 total)
|  +- compile test debug native success 5s MaxRSS:508M
+- FP-0007 case 13: case 2 passes with exit status 0 success 46ms
|  +- install fairpane-lab success
|     +- compile exe fairpane-lab debug native success 3s MaxRSS:371M
+- FP-0007 case 13: case 3 fails with exit status 1 success 43ms
|  +- install fairpane-lab (+1 more reused dependencies)
+- FP-0007 case 13: case 4 is unsupported with exit status 2 success 93ms
|  +- install fairpane-lab (+1 more reused dependencies)
+- FP-0007 case 13: case 1 is a harness error with exit status 3 success 94ms
|  +- install fairpane-lab (+1 more reused dependencies)
+- FP-0007 case 13: case 8 times out with exit status 4 success 45ms
|  +- install fairpane-lab (+1 more reused dependencies)
+- FP-0007 case 13: an unknown command exits with status 64 and writes no result success 89ms
|  +- install fairpane-lab (+1 more reused dependencies)
+- FP-0008 case 26: case 18 passes with exit status 0 success 91ms
|  +- install fairpane-lab (+1 more reused dependencies)
+- FP-0008 case 26: the token_count variant of case 19 fails with exit status 1 success 97ms
|  +- install fairpane-lab (+1 more reused dependencies)
+- FP-0008 case 26: the <p> case of case 21 is unsupported with exit status 2 success 88ms
|  +- install fairpane-lab (+1 more reused dependencies)
+- FP-0123 case 15 Lab-7: the UTF-16BE tokenize case of Lab-3 passes with exit status 0 success 89ms
|  +- install fairpane-lab (+1 more reused dependencies)
+- FP-0007 case 14: minimize reduces a failing fetch case with a 4096-byte body success 133ms
|  +- install fairpane-lab (+1 more reused dependencies)
+- FP-0007 case 14: the minimized case fails the same check success 50ms
|  +- install fairpane-lab (+1 more reused dependencies)
|  +- FP-0007 case 14: minimize reduces a failing fetch case with a 4096-byte body (+1 more reused dependencies)
+- FP-0007 case 14: the minimized document body is 1-minimal success 14ms
|  +- compile exe fairpane-lab-check debug native success 3s MaxRSS:358M
|  +- FP-0007 case 14: minimize reduces a failing fetch case with a 4096-byte body (+1 more reused dependencies)
+- FP-0007 case 14: minimize refuses a passing case success 98ms
|  +- install fairpane-lab (+1 more reused dependencies)
+- FP-0007 case 14: a refused minimization writes nothing success 14ms
|  +- compile exe fairpane-lab-check debug native (reused)
|  +- FP-0007 case 14: minimize refuses a passing case (+1 more reused dependencies)
+- FP-0054 case 5: minimize refuses an --out path that names the input file through another spelling success 41ms
|  +- install fairpane-lab (+1 more reused dependencies)
|  +- FP-0054 case 5: create a fresh directory success 55ms
|  |  +- compile exe fairpane-lab-check debug native (reused)
|  +- FP-0054 case 5: create a fresh directory (+1 more reused dependencies)
+- FP-0054 case 5: the refused minimization leaves the input unchanged success 72ms
|  +- compile exe fairpane-lab-check debug native (reused)
|  +- FP-0054 case 5: create a fresh directory (+1 more reused dependencies)
|  +- FP-0054 case 5: minimize refuses an --out path that names the input file through another spelling (+3 more reused dependencies)
+- FP-0054 revision 1 case 1: minimize refuses an --out path that is a hard link to the input file success 47ms
|  +- install fairpane-lab (+1 more reused dependencies)
|  +- FP-0054 revision 1 case 1: create a fresh directory success 51ms
|     +- compile exe fairpane-lab-check debug native (reused)
+- FP-0054 revision 1 case 1: the refused command leaves the input unchanged success 71ms
|  +- compile exe fairpane-lab-check debug native (reused)
|  +- FP-0054 revision 1 case 1: create a fresh directory (+1 more reused dependencies)
|  +- FP-0054 revision 1 case 1: minimize refuses an --out path that is a hard link to the input file (+2 more reused dependencies)
+- FP-0054 revision 1 case 2: run refuses a --transcript path that is a hard link to the input file success 50ms
|  +- install fairpane-lab (+1 more reused dependencies)
|  +- FP-0054 revision 1 case 2: create a fresh directory success 60ms
|     +- compile exe fairpane-lab-check debug native (reused)
+- FP-0054 revision 1 case 2: the refused command leaves the input unchanged success 71ms
|  +- compile exe fairpane-lab-check debug native (reused)
|  +- FP-0054 revision 1 case 2: create a fresh directory (+1 more reused dependencies)
|  +- FP-0054 revision 1 case 2: run refuses a --transcript path that is a hard link to the input file (+2 more reused dependencies)
+- FP-0054 revision 1 case 3: minimize refuses an --out path that names the input file in other letter case success 48ms
|  +- install fairpane-lab (+1 more reused dependencies)
|  +- FP-0054 revision 1 case 3: create a fresh directory success 56ms
|     +- compile exe fairpane-lab-check debug native (reused)
+- FP-0054 revision 1 case 3: the refused command leaves the input unchanged success 71ms
|  +- compile exe fairpane-lab-check debug native (reused)
|  +- FP-0054 revision 1 case 3: create a fresh directory (+1 more reused dependencies)
|  +- FP-0054 revision 1 case 3: minimize refuses an --out path that names the input file in other letter case (+2 more reused dependencies)
+- FP-0054 revision 1 case 4: minimize writes over a separate byte-identical copy of the input file success 52ms
|  +- install fairpane-lab (+1 more reused dependencies)
|  +- FP-0054 revision 1 case 4: create a fresh directory success 58ms
|     +- compile exe fairpane-lab-check debug native (reused)
+- FP-0054 revision 1 case 4: the written case is a version 2 case derived from the input digest success 70ms
|  +- compile exe fairpane-lab-check debug native (reused)
|  +- FP-0054 revision 1 case 4: create a fresh directory (+1 more reused dependencies)
|  +- FP-0054 revision 1 case 4: minimize writes over a separate byte-identical copy of the input file (+2 more reused dependencies)
+- FP-0054 revision 1 case 5: run, minimize, and replay report files one byte above the size limit success 122ms
|  +- compile exe fairpane-lab-check debug native (reused)
|  +- FP-0054 revision 1 case 5: create a fresh directory success 52ms
|  |  +- compile exe fairpane-lab-check debug native (reused)
|  +- install fairpane-lab (+1 more reused dependencies)
+- FP-0076 case 3: minimize writes over an existing out.json whose ACL denies read-data access to Everyone success 46ms
|  +- install fairpane-lab (+1 more reused dependencies)
|  +- FP-0076 case 3: create a fresh directory success 54ms
|     +- compile exe fairpane-lab-check debug native (reused)
+- FP-0076 case 3: out.json is a version 2 case derived from the input digest success 8ms
|  +- compile exe fairpane-lab-check debug native (reused)
|  +- FP-0076 case 3: create a fresh directory (+1 more reused dependencies)
|  +- FP-0076 case 3: restore read access to out.json success 70ms
|     +- compile exe fairpane-lab-check debug native (reused)
|     +- FP-0076 case 3: create a fresh directory (+1 more reused dependencies)
|     +- FP-0076 case 3: minimize writes over an existing out.json whose ACL denies read-data access to Everyone (+2 more reused dependencies)
+- FP-0076 case 4: minimize reports the output path out|.json, which cannot be identified success 41ms
|  +- install fairpane-lab (+1 more reused dependencies)
|  +- FP-0076 case 4: create a fresh directory success 48ms
|     +- compile exe fairpane-lab-check debug native (reused)
+- FP-0076 case 4: the directory gains no file success 72ms
|  +- compile exe fairpane-lab-check debug native (reused)
|  +- FP-0076 case 4: create a fresh directory (+1 more reused dependencies)
|  +- FP-0076 case 4: minimize reports the output path out|.json, which cannot be identified (+2 more reused dependencies)
+- FP-0076 case 7: the revision 1 case 5 helper reports failing checks and removes both oversized files success 103ms
|  +- compile exe fairpane-lab-check debug native (reused)
|  +- FP-0076 case 7: create a fresh directory success 48ms
|  |  +- compile exe fairpane-lab-check debug native (reused)
|  +- compile exe fairpane-lab-check debug native (reused)
+- FP-0076 case 7: no file remains after the failing run success 40ms
|  +- compile exe fairpane-lab-check debug native (reused)
|  +- FP-0076 case 7: create a fresh directory (+1 more reused dependencies)
|  +- FP-0076 case 7: the revision 1 case 5 helper reports failing checks and removes both oversized files (+3 more reused dependencies)
+- FP-0011 case 4: leaf_invokes_to_number.zig success 548ms
+- FP-0011 case 4: leaf_invokes_number_to_string.zig success 527ms
+- FP-0011 case 4: allocation_invokes_call.zig success 526ms
+- FP-0011 case 4: leaf_allocates.zig success 547ms
+- FP-0011 case 4: mutation_throws.zig success 511ms
+- FP-0011 case 4: leaf_calls_behavior.zig success 475ms
+- FP-0011 case 4: leaf_positive.zig success 553ms
+- FP-0011 case 5: catalog_callback_alone.zig success 505ms
+- FP-0011 case 5: catalog_exception_alone.zig success 540ms
+- FP-0011 case 5: catalog_duplicate_id.zig success 542ms
+- FP-0011 case 5: kernel_wider_context.zig success 496ms
+- FP-0011 case 5: kernel_undeclared_throw.zig success 531ms
+- FP-0011 case 8: layout_undescribed_field.zig success 512ms
+- FP-0011 case 8: layout_plain_reference.zig success 573ms
+- FP-0011 case 8: layout_missing_field.zig success 513ms
+- FP-0011 case 20: abi_reference_value.zig success 451ms
+- FP-0011 case 20: abi_nan_box_value.zig success 487ms
+- FP-0011 case 20: abi_tagged_index_value.zig success 536ms
+- FP-0011 case 34: leaf_reaches_heap.zig success 509ms
+- FP-0011 case 35: leaf_widens_context.zig success 501ms
+- FP-0011 case 36: binding_missing_kernel.zig success 504ms
+- FP-0011 case 36: binding_stray_kernel.zig success 496ms
+- library-test success
|  +- run test cached
|  |  +- compile test debug native cached 110ms MaxRSS:21M
|  +- FP-0066 case 1: ReleaseSafe libraries built in two directories are byte-identical success 99ms
|  |  +- compile exe fairpane-library-check debug native cached 97ms MaxRSS:21M
|  |  +- archive fairpane.lib safe success 19ms
|  |  |  +- compile obj fairpane_zcu safe native success 3s MaxRSS:176M
|  |  |     +- WriteFile fp0066-tree-a/src success
|  |  +- archive fairpane.lib safe success 17ms
|  |     +- compile obj fairpane_zcu safe native success 3s MaxRSS:177M
|  |        +- WriteFile fp0066-tree-a/src (reused)
|  +- FP-0066 case 2: the ReleaseSafe library contains neither its build directory nor the compiler installation directory success 42ms
|  |  +- compile exe fairpane-library-check debug native (reused)
|  |  +- archive fairpane.lib safe (+1 more reused dependencies)
|  |  +- WriteFile fp0066-tree-a/src (reused)
|  +- FP-0066 case 4: the Debug library keeps debug information that names the absolute source directory success 31ms
|  |  +- compile exe fairpane-library-check debug native (reused)
|  |  +- archive fairpane.lib debug success 21ms
|  |     +- compile obj fairpane_zcu debug native success 2s MaxRSS:270M
|  +- FP-0066 case 5: the ReleaseSafe library's only member is the object, named without a directory success 8ms
|  |  +- compile exe fairpane-library-check debug native (reused)
|  |  +- archive fairpane.lib safe (+1 more reused dependencies)
|  +- FP-0066: every member header of the ReleaseSafe library has a zero time stamp, owner, and group success 7ms
|     +- compile exe fairpane-library-check debug native (reused)
|     +- archive fairpane.lib safe (+1 more reused dependencies)
+- FP-0082 case 16: valid.js exits with status 0 and prints the T9 dump success 38ms
|  +- install fairpane-js-parse success
|     +- compile exe fairpane-js-parse debug native success 3s MaxRSS:345M
|        +- WriteFile src success
+- FP-0082 case 16: syntax.js exits with status 1 and prints its syntax error success 42ms
|  +- install fairpane-js-parse (+1 more reused dependencies)
+- FP-0082 case 16: unsupported.js exits with status 2 and prints its unsupported outcome success 44ms
|  +- install fairpane-js-parse (+1 more reused dependencies)
+- FP-0082 case 16: invalid-utf8.js exits with status 3 success 37ms
|  +- install fairpane-js-parse (+1 more reused dependencies)
+- FP-0082 case 16: a missing path exits with status 3 success 41ms
|  +- install fairpane-js-parse (+1 more reused dependencies)
+- FP-0082 case 16: no arguments exits with status 3 and writes the usage success 41ms
|  +- install fairpane-js-parse (+1 more reused dependencies)
+- FP-0082 case 17: the census of the sound fixture exits with status 0 success 49ms
|  +- install fairpane-js-parse (+1 more reused dependencies)
+- FP-0082 case 17: the census of the unsound fixture exits with status 1 success 47ms
|  +- install fairpane-js-parse (+1 more reused dependencies)
+- FP-0082 case 17: the census refuses an existing output file and exits with status 3 success 45ms
   +- install fairpane-js-parse (+1 more reused dependencies)
   +- WriteFile existing.jsonl cached

error: the following build command exited with code 1:
C:\src\fairpane\.zig-cache\global\o\253f29e51d3f235ff7bb0cfb57b92bf7\maker.exe build --zig-lib=C:\src\fairpane\.tools\zig\0.18.0-dev.120+9fe22a29b\x86_64-windows\lib --zig=C:\src\fairpane\.tools\zig\0.18.0-dev.120+9fe22a29b\x86_64-windows\zig.exe --global-cache=C:\src\fairpane\.zig-cache\global --seed=0x9e06baa0 test --summary all --cache-dir out/fp0111-mutation
RESULT {"executable":"C:\\src\\fairpane\\.tools\\zig\\0.18.0-dev.120+9fe22a29b\\x86_64-windows\\zig.exe","arguments":["build","test","--summary","all","--cache-dir","out/fp0111-mutation"],"cwd":"C:\\Users\\requi\\.omp\\wt\\te63ab7b1b\\m","started_at":"2026-10-09T20:33:40.261Z","exit_code":1,"signal":null,"timed_out":false,"error":null,"duration_ms":64686,"environment_overrides":{"ZIG_GLOBAL_CACHE_DIR":"C:\\src\\fairpane\\.zig-cache\\global"}}

COMMAND ["C:\\Program Files\\Git\\cmd\\git.exe","apply","-R","engineering/evidence/FP-0111/raw/mutation-M2.diff"]
RESULT {"executable":"C:\\Program Files\\Git\\cmd\\git.exe","arguments":["apply","-R","engineering/evidence/FP-0111/raw/mutation-M2.diff"],"cwd":"C:\\Users\\requi\\.omp\\wt\\te63ab7b1b\\m","started_at":"2026-10-09T20:34:45.010Z","exit_code":0,"signal":null,"timed_out":false,"error":null,"duration_ms":24}

COMMAND ["C:\\Program Files\\Git\\usr\\bin\\sha256sum.exe","src/font/layout_common.zig"]
a68d1429a460ab0bb6d90d86d11b09f98ae7d6d7466be66cb92a58ab41a50091 *src/font/layout_common.zig
RESULT {"executable":"C:\\Program Files\\Git\\usr\\bin\\sha256sum.exe","arguments":["src/font/layout_common.zig"],"cwd":"C:\\Users\\requi\\.omp\\wt\\te63ab7b1b\\m","started_at":"2026-10-09T20:34:45.098Z","exit_code":0,"signal":null,"timed_out":false,"error":null,"duration_ms":16}

COMMAND ["C:\\Program Files\\Git\\usr\\bin\\sha256sum.exe","src/font/layout_common.zig"]
a68d1429a460ab0bb6d90d86d11b09f98ae7d6d7466be66cb92a58ab41a50091 *src/font/layout_common.zig
RESULT {"executable":"C:\\Program Files\\Git\\usr\\bin\\sha256sum.exe","arguments":["src/font/layout_common.zig"],"cwd":"C:\\Users\\requi\\.omp\\wt\\te63ab7b1b\\m","started_at":"2026-10-09T20:34:45.172Z","exit_code":0,"signal":null,"timed_out":false,"error":null,"duration_ms":16}

COMMAND ["C:\\Program Files\\Git\\cmd\\git.exe","apply","engineering/evidence/FP-0111/raw/mutation-M3.diff"]
RESULT {"executable":"C:\\Program Files\\Git\\cmd\\git.exe","arguments":["apply","engineering/evidence/FP-0111/raw/mutation-M3.diff"],"cwd":"C:\\Users\\requi\\.omp\\wt\\te63ab7b1b\\m","started_at":"2026-10-09T20:34:45.246Z","exit_code":0,"signal":null,"timed_out":false,"error":null,"duration_ms":23}

COMMAND ["C:\\Program Files\\Git\\usr\\bin\\sha256sum.exe","src/font/layout_common.zig"]
c64cb39c4f6360adeecb6255c8ec22f2664fb0f42e59e53dd3b4d89b285ac0c4 *src/font/layout_common.zig
RESULT {"executable":"C:\\Program Files\\Git\\usr\\bin\\sha256sum.exe","arguments":["src/font/layout_common.zig"],"cwd":"C:\\Users\\requi\\.omp\\wt\\te63ab7b1b\\m","started_at":"2026-10-09T20:34:45.346Z","exit_code":0,"signal":null,"timed_out":false,"error":null,"duration_ms":16}

COMMAND ["C:\\src\\fairpane\\.tools\\zig\\0.18.0-dev.120+9fe22a29b\\x86_64-windows\\zig.exe","build","test","--summary","all","--cache-dir","out/fp0111-mutation"]
test
+- FP-0082 case 16: a missing path exits with status 3 w
fairpane-js-parse: tests/js/parse/missing.js: FileNotFound
failed command: cd . && ".\\zig-out\\bin\\fairpane-js-parse.exe" file tests/js/parse/missing.js

test
+- FP-0082 case 16: invalid-utf8.js exits with status 3 w
fairpane-js-parse: .\tests\js\parse\invalid-utf8.js: InvalidUtf8
failed command: ".\\zig-out\\bin\\fairpane-js-parse.exe" file ".\\tests\\js\\parse\\invalid-utf8.js"

test
+- FP-0082 case 17: the census refuses an existing output file and exits with status 3 w
fairpane-js-parse: census: cannot create .\out\fp0111-mutation\o\0c925f44918d6f5adba948a0455992d0\existing.jsonl: PathAlreadyExists
failed command: ".\\zig-out\\bin\\fairpane-js-parse.exe" census ".\\tests\\js\\census\\sound" ".\\out\\fp0111-mutation\\o\\0c925f44918d6f5adba948a0455992d0\\existing.jsonl"

test
+- run test 85 pass, 1 fail (86 total)
error: 'layout_test.test.FP-0111 case 2: malformed Coverage blobs are rejected or unsupported' failed:
       expected rejected unsorted_records, got valid
       Coverage { 0, 1, 0, 3, 0, 5, 0, 5, 0, 6 }
       C:\Users\requi\.omp\wt\te63ab7b1b\m\tests\text\layout_test.zig:58:5: 0x7ff60e58f558 in expectRejected__func_1635 (test_zcu.obj)
           return error.TestUnexpectedResult;
           ^
       C:\Users\requi\.omp\wt\te63ab7b1b\m\tests\text\layout_test.zig:249:13: 0x7ff60e5bb4dd in test.FP-0111 case 2: malformed Coverage blobs are rejected or unsupported (test_zcu.obj)
                   return err;
                   ^
failed command: cd . && ".\\out\\fp0111-mutation\\o\\a0009ababf4d1a7389c6b5c9738f6363\\test.exe" "--cache-dir=.\\out\\fp0111-mutation" --seed=0xb831e2c8 --listen=-

test
+- run test w
FP-0082 case 10: measured stack use 21104 bytes for 1022 terms and 20976 bytes for 1021 parentheses
failed command: cd . && ".\\out\\fp0111-mutation\\o\\d96af0b70522fc2557bba0fd9b7508ce\\test.exe" "--cache-dir=.\\out\\fp0111-mutation" --seed=0xb831e2c8 --listen=-

Build Summary: 99/101 steps succeeded (1 failed); 412/413 tests passed (1 failed)
test transitive failure
+- run test 327 pass (327 total) 53s MaxRSS:396M
|  +- compile test debug native success 12s MaxRSS:993M
+- run test 85 pass, 1 fail (86 total)
|  +- compile test debug native success 5s MaxRSS:507M
+- FP-0007 case 13: case 2 passes with exit status 0 success 78ms
|  +- install fairpane-lab success
|     +- compile exe fairpane-lab debug native success 4s MaxRSS:369M
+- FP-0007 case 13: case 3 fails with exit status 1 success 71ms
|  +- install fairpane-lab (+1 more reused dependencies)
+- FP-0007 case 13: case 4 is unsupported with exit status 2 success 62ms
|  +- install fairpane-lab (+1 more reused dependencies)
+- FP-0007 case 13: case 1 is a harness error with exit status 3 success 63ms
|  +- install fairpane-lab (+1 more reused dependencies)
+- FP-0007 case 13: case 8 times out with exit status 4 success 69ms
|  +- install fairpane-lab (+1 more reused dependencies)
+- FP-0007 case 13: an unknown command exits with status 64 and writes no result success 72ms
|  +- install fairpane-lab (+1 more reused dependencies)
+- FP-0008 case 26: case 18 passes with exit status 0 success 66ms
|  +- install fairpane-lab (+1 more reused dependencies)
+- FP-0008 case 26: the token_count variant of case 19 fails with exit status 1 success 76ms
|  +- install fairpane-lab (+1 more reused dependencies)
+- FP-0008 case 26: the <p> case of case 21 is unsupported with exit status 2 success 64ms
|  +- install fairpane-lab (+1 more reused dependencies)
+- FP-0123 case 15 Lab-7: the UTF-16BE tokenize case of Lab-3 passes with exit status 0 success 68ms
|  +- install fairpane-lab (+1 more reused dependencies)
+- FP-0007 case 14: minimize reduces a failing fetch case with a 4096-byte body success 128ms
|  +- install fairpane-lab (+1 more reused dependencies)
+- FP-0007 case 14: the minimized case fails the same check success 20ms
|  +- install fairpane-lab (+1 more reused dependencies)
|  +- FP-0007 case 14: minimize reduces a failing fetch case with a 4096-byte body (+1 more reused dependencies)
+- FP-0007 case 14: the minimized document body is 1-minimal success 28ms
|  +- compile exe fairpane-lab-check debug native success 4s MaxRSS:358M
|  +- FP-0007 case 14: minimize reduces a failing fetch case with a 4096-byte body (+1 more reused dependencies)
+- FP-0007 case 14: minimize refuses a passing case success 81ms
|  +- install fairpane-lab (+1 more reused dependencies)
+- FP-0007 case 14: a refused minimization writes nothing success 54ms
|  +- compile exe fairpane-lab-check debug native (reused)
|  +- FP-0007 case 14: minimize refuses a passing case (+1 more reused dependencies)
+- FP-0054 case 5: minimize refuses an --out path that names the input file through another spelling success 113ms
|  +- install fairpane-lab (+1 more reused dependencies)
|  +- FP-0054 case 5: create a fresh directory success 59ms
|  |  +- compile exe fairpane-lab-check debug native (reused)
|  +- FP-0054 case 5: create a fresh directory (+1 more reused dependencies)
+- FP-0054 case 5: the refused minimization leaves the input unchanged success 19ms
|  +- compile exe fairpane-lab-check debug native (reused)
|  +- FP-0054 case 5: create a fresh directory (+1 more reused dependencies)
|  +- FP-0054 case 5: minimize refuses an --out path that names the input file through another spelling (+3 more reused dependencies)
+- FP-0054 revision 1 case 1: minimize refuses an --out path that is a hard link to the input file success 115ms
|  +- install fairpane-lab (+1 more reused dependencies)
|  +- FP-0054 revision 1 case 1: create a fresh directory success 53ms
|     +- compile exe fairpane-lab-check debug native (reused)
+- FP-0054 revision 1 case 1: the refused command leaves the input unchanged success 20ms
|  +- compile exe fairpane-lab-check debug native (reused)
|  +- FP-0054 revision 1 case 1: create a fresh directory (+1 more reused dependencies)
|  +- FP-0054 revision 1 case 1: minimize refuses an --out path that is a hard link to the input file (+2 more reused dependencies)
+- FP-0054 revision 1 case 2: run refuses a --transcript path that is a hard link to the input file success 115ms
|  +- install fairpane-lab (+1 more reused dependencies)
|  +- FP-0054 revision 1 case 2: create a fresh directory success 64ms
|     +- compile exe fairpane-lab-check debug native (reused)
+- FP-0054 revision 1 case 2: the refused command leaves the input unchanged success 24ms
|  +- compile exe fairpane-lab-check debug native (reused)
|  +- FP-0054 revision 1 case 2: create a fresh directory (+1 more reused dependencies)
|  +- FP-0054 revision 1 case 2: run refuses a --transcript path that is a hard link to the input file (+2 more reused dependencies)
+- FP-0054 revision 1 case 3: minimize refuses an --out path that names the input file in other letter case success 113ms
|  +- install fairpane-lab (+1 more reused dependencies)
|  +- FP-0054 revision 1 case 3: create a fresh directory success 53ms
|     +- compile exe fairpane-lab-check debug native (reused)
+- FP-0054 revision 1 case 3: the refused command leaves the input unchanged success 20ms
|  +- compile exe fairpane-lab-check debug native (reused)
|  +- FP-0054 revision 1 case 3: create a fresh directory (+1 more reused dependencies)
|  +- FP-0054 revision 1 case 3: minimize refuses an --out path that names the input file in other letter case (+2 more reused dependencies)
+- FP-0054 revision 1 case 4: minimize writes over a separate byte-identical copy of the input file success 113ms
|  +- install fairpane-lab (+1 more reused dependencies)
|  +- FP-0054 revision 1 case 4: create a fresh directory success 59ms
|     +- compile exe fairpane-lab-check debug native (reused)
+- FP-0054 revision 1 case 4: the written case is a version 2 case derived from the input digest success 19ms
|  +- compile exe fairpane-lab-check debug native (reused)
|  +- FP-0054 revision 1 case 4: create a fresh directory (+1 more reused dependencies)
|  +- FP-0054 revision 1 case 4: minimize writes over a separate byte-identical copy of the input file (+2 more reused dependencies)
+- FP-0054 revision 1 case 5: run, minimize, and replay report files one byte above the size limit success 215ms
|  +- compile exe fairpane-lab-check debug native (reused)
|  +- FP-0054 revision 1 case 5: create a fresh directory success 64ms
|  |  +- compile exe fairpane-lab-check debug native (reused)
|  +- install fairpane-lab (+1 more reused dependencies)
+- FP-0076 case 3: minimize writes over an existing out.json whose ACL denies read-data access to Everyone success 116ms
|  +- install fairpane-lab (+1 more reused dependencies)
|  +- FP-0076 case 3: create a fresh directory success 59ms
|     +- compile exe fairpane-lab-check debug native (reused)
+- FP-0076 case 3: out.json is a version 2 case derived from the input digest success 11ms
|  +- compile exe fairpane-lab-check debug native (reused)
|  +- FP-0076 case 3: create a fresh directory (+1 more reused dependencies)
|  +- FP-0076 case 3: restore read access to out.json success 19ms
|     +- compile exe fairpane-lab-check debug native (reused)
|     +- FP-0076 case 3: create a fresh directory (+1 more reused dependencies)
|     +- FP-0076 case 3: minimize writes over an existing out.json whose ACL denies read-data access to Everyone (+2 more reused dependencies)
+- FP-0076 case 4: minimize reports the output path out|.json, which cannot be identified success 116ms
|  +- install fairpane-lab (+1 more reused dependencies)
|  +- FP-0076 case 4: create a fresh directory success 61ms
|     +- compile exe fairpane-lab-check debug native (reused)
+- FP-0076 case 4: the directory gains no file success 22ms
|  +- compile exe fairpane-lab-check debug native (reused)
|  +- FP-0076 case 4: create a fresh directory (+1 more reused dependencies)
|  +- FP-0076 case 4: minimize reports the output path out|.json, which cannot be identified (+2 more reused dependencies)
+- FP-0076 case 7: the revision 1 case 5 helper reports failing checks and removes both oversized files success 222ms
|  +- compile exe fairpane-lab-check debug native (reused)
|  +- FP-0076 case 7: create a fresh directory success 52ms
|  |  +- compile exe fairpane-lab-check debug native (reused)
|  +- compile exe fairpane-lab-check debug native (reused)
+- FP-0076 case 7: no file remains after the failing run success 13ms
|  +- compile exe fairpane-lab-check debug native (reused)
|  +- FP-0076 case 7: create a fresh directory (+1 more reused dependencies)
|  +- FP-0076 case 7: the revision 1 case 5 helper reports failing checks and removes both oversized files (+3 more reused dependencies)
+- FP-0011 case 4: leaf_invokes_to_number.zig success 691ms
+- FP-0011 case 4: leaf_invokes_number_to_string.zig success 776ms
+- FP-0011 case 4: allocation_invokes_call.zig success 685ms
+- FP-0011 case 4: leaf_allocates.zig success 557ms
+- FP-0011 case 4: mutation_throws.zig success 579ms
+- FP-0011 case 4: leaf_calls_behavior.zig success 601ms
+- FP-0011 case 4: leaf_positive.zig success 623ms
+- FP-0011 case 5: catalog_callback_alone.zig success 671ms
+- FP-0011 case 5: catalog_exception_alone.zig success 528ms
+- FP-0011 case 5: catalog_duplicate_id.zig success 662ms
+- FP-0011 case 5: kernel_wider_context.zig success 684ms
+- FP-0011 case 5: kernel_undeclared_throw.zig success 530ms
+- FP-0011 case 8: layout_undescribed_field.zig success 552ms
+- FP-0011 case 8: layout_plain_reference.zig success 617ms
+- FP-0011 case 8: layout_missing_field.zig success 612ms
+- FP-0011 case 20: abi_reference_value.zig success 594ms
+- FP-0011 case 20: abi_nan_box_value.zig success 435ms
+- FP-0011 case 20: abi_tagged_index_value.zig success 548ms
+- FP-0011 case 34: leaf_reaches_heap.zig success 554ms
+- FP-0011 case 35: leaf_widens_context.zig success 615ms
+- FP-0011 case 36: binding_missing_kernel.zig success 654ms
+- FP-0011 case 36: binding_stray_kernel.zig success 578ms
+- library-test success
|  +- run test cached
|  |  +- compile test debug native cached 34ms MaxRSS:18M
|  +- FP-0066 case 1: ReleaseSafe libraries built in two directories are byte-identical success 11ms
|  |  +- compile exe fairpane-library-check debug native cached 33ms MaxRSS:18M
|  |  +- archive fairpane.lib safe success 18ms
|  |  |  +- compile obj fairpane_zcu safe native success 4s MaxRSS:175M
|  |  |     +- WriteFile fp0066-tree-a/src success
|  |  +- archive fairpane.lib safe success 18ms
|  |     +- compile obj fairpane_zcu safe native success 4s MaxRSS:175M
|  |        +- WriteFile fp0066-tree-a/src (reused)
|  +- FP-0066 case 2: the ReleaseSafe library contains neither its build directory nor the compiler installation directory success 46ms
|  |  +- compile exe fairpane-library-check debug native (reused)
|  |  +- archive fairpane.lib safe (+1 more reused dependencies)
|  |  +- WriteFile fp0066-tree-a/src (reused)
|  +- FP-0066 case 4: the Debug library keeps debug information that names the absolute source directory success 42ms
|  |  +- compile exe fairpane-library-check debug native (reused)
|  |  +- archive fairpane.lib debug success 26ms
|  |     +- compile obj fairpane_zcu debug native success 2s MaxRSS:270M
|  +- FP-0066 case 5: the ReleaseSafe library's only member is the object, named without a directory success 7ms
|  |  +- compile exe fairpane-library-check debug native (reused)
|  |  +- archive fairpane.lib safe (+1 more reused dependencies)
|  +- FP-0066: every member header of the ReleaseSafe library has a zero time stamp, owner, and group success 10ms
|     +- compile exe fairpane-library-check debug native (reused)
|     +- archive fairpane.lib safe (+1 more reused dependencies)
+- FP-0082 case 16: valid.js exits with status 0 and prints the T9 dump success 88ms
|  +- install fairpane-js-parse success
|     +- compile exe fairpane-js-parse debug native success 3s MaxRSS:346M
|        +- WriteFile src success
+- FP-0082 case 16: syntax.js exits with status 1 and prints its syntax error success 90ms
|  +- install fairpane-js-parse (+1 more reused dependencies)
+- FP-0082 case 16: unsupported.js exits with status 2 and prints its unsupported outcome success 86ms
|  +- install fairpane-js-parse (+1 more reused dependencies)
+- FP-0082 case 16: invalid-utf8.js exits with status 3 success 87ms
|  +- install fairpane-js-parse (+1 more reused dependencies)
+- FP-0082 case 16: a missing path exits with status 3 success 47ms
|  +- install fairpane-js-parse (+1 more reused dependencies)
+- FP-0082 case 16: no arguments exits with status 3 and writes the usage success 40ms
|  +- install fairpane-js-parse (+1 more reused dependencies)
+- FP-0082 case 17: the census of the sound fixture exits with status 0 success 92ms
|  +- install fairpane-js-parse (+1 more reused dependencies)
+- FP-0082 case 17: the census of the unsound fixture exits with status 1 success 93ms
|  +- install fairpane-js-parse (+1 more reused dependencies)
+- FP-0082 case 17: the census refuses an existing output file and exits with status 3 success 90ms
   +- install fairpane-js-parse (+1 more reused dependencies)
   +- WriteFile existing.jsonl cached

error: the following build command exited with code 1:
C:\src\fairpane\.zig-cache\global\o\253f29e51d3f235ff7bb0cfb57b92bf7\maker.exe build --zig-lib=C:\src\fairpane\.tools\zig\0.18.0-dev.120+9fe22a29b\x86_64-windows\lib --zig=C:\src\fairpane\.tools\zig\0.18.0-dev.120+9fe22a29b\x86_64-windows\zig.exe --global-cache=C:\src\fairpane\.zig-cache\global --seed=0xb831e2c8 test --summary all --cache-dir out/fp0111-mutation
RESULT {"executable":"C:\\src\\fairpane\\.tools\\zig\\0.18.0-dev.120+9fe22a29b\\x86_64-windows\\zig.exe","arguments":["build","test","--summary","all","--cache-dir","out/fp0111-mutation"],"cwd":"C:\\Users\\requi\\.omp\\wt\\te63ab7b1b\\m","started_at":"2026-10-09T20:34:45.422Z","exit_code":1,"signal":null,"timed_out":false,"error":null,"duration_ms":65663,"environment_overrides":{"ZIG_GLOBAL_CACHE_DIR":"C:\\src\\fairpane\\.zig-cache\\global"}}

COMMAND ["C:\\Program Files\\Git\\cmd\\git.exe","apply","-R","engineering/evidence/FP-0111/raw/mutation-M3.diff"]
RESULT {"executable":"C:\\Program Files\\Git\\cmd\\git.exe","arguments":["apply","-R","engineering/evidence/FP-0111/raw/mutation-M3.diff"],"cwd":"C:\\Users\\requi\\.omp\\wt\\te63ab7b1b\\m","started_at":"2026-10-09T20:35:51.149Z","exit_code":0,"signal":null,"timed_out":false,"error":null,"duration_ms":23}

COMMAND ["C:\\Program Files\\Git\\usr\\bin\\sha256sum.exe","src/font/layout_common.zig"]
a68d1429a460ab0bb6d90d86d11b09f98ae7d6d7466be66cb92a58ab41a50091 *src/font/layout_common.zig
RESULT {"executable":"C:\\Program Files\\Git\\usr\\bin\\sha256sum.exe","arguments":["src/font/layout_common.zig"],"cwd":"C:\\Users\\requi\\.omp\\wt\\te63ab7b1b\\m","started_at":"2026-10-09T20:35:51.242Z","exit_code":0,"signal":null,"timed_out":false,"error":null,"duration_ms":18}

COMMAND ["C:\\Program Files\\Git\\usr\\bin\\sha256sum.exe","src/font/layout_common.zig"]
a68d1429a460ab0bb6d90d86d11b09f98ae7d6d7466be66cb92a58ab41a50091 *src/font/layout_common.zig
RESULT {"executable":"C:\\Program Files\\Git\\usr\\bin\\sha256sum.exe","arguments":["src/font/layout_common.zig"],"cwd":"C:\\Users\\requi\\.omp\\wt\\te63ab7b1b\\m","started_at":"2026-10-09T20:35:51.333Z","exit_code":0,"signal":null,"timed_out":false,"error":null,"duration_ms":17}

COMMAND ["C:\\Program Files\\Git\\cmd\\git.exe","apply","engineering/evidence/FP-0111/raw/mutation-M4.diff"]
RESULT {"executable":"C:\\Program Files\\Git\\cmd\\git.exe","arguments":["apply","engineering/evidence/FP-0111/raw/mutation-M4.diff"],"cwd":"C:\\Users\\requi\\.omp\\wt\\te63ab7b1b\\m","started_at":"2026-10-09T20:35:51.417Z","exit_code":0,"signal":null,"timed_out":false,"error":null,"duration_ms":24}

COMMAND ["C:\\Program Files\\Git\\usr\\bin\\sha256sum.exe","src/font/layout_common.zig"]
7a81446695647b8898a2fa60cf926d7d724c2bb199fb4bd50a054ad2c614e69f *src/font/layout_common.zig
RESULT {"executable":"C:\\Program Files\\Git\\usr\\bin\\sha256sum.exe","arguments":["src/font/layout_common.zig"],"cwd":"C:\\Users\\requi\\.omp\\wt\\te63ab7b1b\\m","started_at":"2026-10-09T20:35:51.505Z","exit_code":0,"signal":null,"timed_out":false,"error":null,"duration_ms":16}

COMMAND ["C:\\src\\fairpane\\.tools\\zig\\0.18.0-dev.120+9fe22a29b\\x86_64-windows\\zig.exe","build","test","--summary","all","--cache-dir","out/fp0111-mutation"]
test
+- FP-0082 case 16: a missing path exits with status 3 w
fairpane-js-parse: tests/js/parse/missing.js: FileNotFound
failed command: cd . && ".\\zig-out\\bin\\fairpane-js-parse.exe" file tests/js/parse/missing.js

test
+- FP-0082 case 16: invalid-utf8.js exits with status 3 w
fairpane-js-parse: .\tests\js\parse\invalid-utf8.js: InvalidUtf8
failed command: ".\\zig-out\\bin\\fairpane-js-parse.exe" file ".\\tests\\js\\parse\\invalid-utf8.js"

test
+- FP-0082 case 17: the census refuses an existing output file and exits with status 3 w
fairpane-js-parse: census: cannot create .\out\fp0111-mutation\o\0c925f44918d6f5adba948a0455992d0\existing.jsonl: PathAlreadyExists
failed command: ".\\zig-out\\bin\\fairpane-js-parse.exe" census ".\\tests\\js\\census\\sound" ".\\out\\fp0111-mutation\\o\\0c925f44918d6f5adba948a0455992d0\\existing.jsonl"

test
+- run test 84 pass, 2 fail (86 total)
error: 'layout_test.test.FP-0111 case 3: ClassDef formats 1 and 2, chapter2 Examples 7 and 8, gdef Example 7, and edge blobs' failed:
       expected 0, found 1
       C:\src\fairpane\.tools\zig\0.18.0-dev.120+9fe22a29b\x86_64-windows\lib\std\testing.zig:93:17: 0x7ff6023fdbee in expectEqualInner__func_1408 (test_zcu.obj)
                       return error.TestExpectedEqual;
                       ^
       C:\src\fairpane\.tools\zig\0.18.0-dev.120+9fe22a29b\x86_64-windows\lib\std\testing.zig:57: 0x7ff60245a1b9 in expectEqual (test_zcu.obj)
           return expectEqualInner(T, expected, actual);
       
       C:\Users\requi\.omp\wt\te63ab7b1b\m\tests\text\layout_test.zig:262:35: 0x7ff60245a1e4 in test.FP-0111 case 3: ClassDef formats 1 and 2, chapter2 Examples 7 and 8, gdef Example 7, and edge blobs (test_zcu.obj)
           for (classes, 0..) |class, k| try testing.expectEqual(class, c1.class(@intCast(0x32 + k)));
                                         ^
error: 'layout_test.test.FP-0111 case 18: GDEF glyph classes, mark attachment classes, mark glyph sets, and ligature carets' failed:
       expected 2, found 0
       C:\src\fairpane\.tools\zig\0.18.0-dev.120+9fe22a29b\x86_64-windows\lib\std\testing.zig:93:17: 0x7ff6023fdbee in expectEqualInner__func_1408 (test_zcu.obj)
                       return error.TestExpectedEqual;
                       ^
       C:\src\fairpane\.tools\zig\0.18.0-dev.120+9fe22a29b\x86_64-windows\lib\std\testing.zig:57: 0x7ff602438ced in expectEqual (test_zcu.obj)
           return expectEqualInner(T, expected, actual);
       
       C:\Users\requi\.omp\wt\te63ab7b1b\m\tests\text\layout_test.zig:812:5: 0x7ff602438d2d in test.FP-0111 case 18: GDEF glyph classes, mark attachment classes, mark glyph sets, and ligature carets (test_zcu.obj)
           try testing.expectEqual(@as(u16, 2), marks.class(3));
           ^
failed command: cd . && ".\\out\\fp0111-mutation\\o\\fc91dcc13fe998d2d5b126cdecc7355d\\test.exe" "--cache-dir=.\\out\\fp0111-mutation" --seed=0x66f693b6 --listen=-

test
+- run test w
FP-0082 case 10: measured stack use 21104 bytes for 1022 terms and 20976 bytes for 1021 parentheses
failed command: cd . && ".\\out\\fp0111-mutation\\o\\c96378fb7cad790e79b41ab82769af26\\test.exe" "--cache-dir=.\\out\\fp0111-mutation" --seed=0x66f693b6 --listen=-

Build Summary: 99/101 steps succeeded (1 failed); 411/413 tests passed (2 failed)
test transitive failure
+- run test 327 pass (327 total) 1m MaxRSS:396M
|  +- compile test debug native success 13s MaxRSS:991M
+- run test 84 pass, 2 fail (86 total)
|  +- compile test debug native success 6s MaxRSS:508M
+- FP-0007 case 13: case 2 passes with exit status 0 success 52ms
|  +- install fairpane-lab success
|     +- compile exe fairpane-lab debug native success 4s MaxRSS:360M
+- FP-0007 case 13: case 3 fails with exit status 1 success 55ms
|  +- install fairpane-lab (+1 more reused dependencies)
+- FP-0007 case 13: case 4 is unsupported with exit status 2 success 54ms
|  +- install fairpane-lab (+1 more reused dependencies)
+- FP-0007 case 13: case 1 is a harness error with exit status 3 success 104ms
|  +- install fairpane-lab (+1 more reused dependencies)
+- FP-0007 case 13: case 8 times out with exit status 4 success 98ms
|  +- install fairpane-lab (+1 more reused dependencies)
+- FP-0007 case 13: an unknown command exits with status 64 and writes no result success 50ms
|  +- install fairpane-lab (+1 more reused dependencies)
+- FP-0008 case 26: case 18 passes with exit status 0 success 98ms
|  +- install fairpane-lab (+1 more reused dependencies)
+- FP-0008 case 26: the token_count variant of case 19 fails with exit status 1 success 108ms
|  +- install fairpane-lab (+1 more reused dependencies)
+- FP-0008 case 26: the <p> case of case 21 is unsupported with exit status 2 success 102ms
|  +- install fairpane-lab (+1 more reused dependencies)
+- FP-0123 case 15 Lab-7: the UTF-16BE tokenize case of Lab-3 passes with exit status 0 success 100ms
|  +- install fairpane-lab (+1 more reused dependencies)
+- FP-0007 case 14: minimize reduces a failing fetch case with a 4096-byte body success 139ms
|  +- install fairpane-lab (+1 more reused dependencies)
+- FP-0007 case 14: the minimized case fails the same check success 8ms
|  +- install fairpane-lab (+1 more reused dependencies)
|  +- FP-0007 case 14: minimize reduces a failing fetch case with a 4096-byte body (+1 more reused dependencies)
+- FP-0007 case 14: the minimized document body is 1-minimal success 13ms
|  +- compile exe fairpane-lab-check debug native success 4s MaxRSS:348M
|  +- FP-0007 case 14: minimize reduces a failing fetch case with a 4096-byte body (+1 more reused dependencies)
+- FP-0007 case 14: minimize refuses a passing case success 107ms
|  +- install fairpane-lab (+1 more reused dependencies)
+- FP-0007 case 14: a refused minimization writes nothing success 11ms
|  +- compile exe fairpane-lab-check debug native (reused)
|  +- FP-0007 case 14: minimize refuses a passing case (+1 more reused dependencies)
+- FP-0054 case 5: minimize refuses an --out path that names the input file through another spelling success 55ms
|  +- install fairpane-lab (+1 more reused dependencies)
|  +- FP-0054 case 5: create a fresh directory success 60ms
|  |  +- compile exe fairpane-lab-check debug native (reused)
|  +- FP-0054 case 5: create a fresh directory (+1 more reused dependencies)
+- FP-0054 case 5: the refused minimization leaves the input unchanged success 73ms
|  +- compile exe fairpane-lab-check debug native (reused)
|  +- FP-0054 case 5: create a fresh directory (+1 more reused dependencies)
|  +- FP-0054 case 5: minimize refuses an --out path that names the input file through another spelling (+3 more reused dependencies)
+- FP-0054 revision 1 case 1: minimize refuses an --out path that is a hard link to the input file success 46ms
|  +- install fairpane-lab (+1 more reused dependencies)
|  +- FP-0054 revision 1 case 1: create a fresh directory success 64ms
|     +- compile exe fairpane-lab-check debug native (reused)
+- FP-0054 revision 1 case 1: the refused command leaves the input unchanged success 74ms
|  +- compile exe fairpane-lab-check debug native (reused)
|  +- FP-0054 revision 1 case 1: create a fresh directory (+1 more reused dependencies)
|  +- FP-0054 revision 1 case 1: minimize refuses an --out path that is a hard link to the input file (+2 more reused dependencies)
+- FP-0054 revision 1 case 2: run refuses a --transcript path that is a hard link to the input file success 48ms
|  +- install fairpane-lab (+1 more reused dependencies)
|  +- FP-0054 revision 1 case 2: create a fresh directory success 55ms
|     +- compile exe fairpane-lab-check debug native (reused)
+- FP-0054 revision 1 case 2: the refused command leaves the input unchanged success 73ms
|  +- compile exe fairpane-lab-check debug native (reused)
|  +- FP-0054 revision 1 case 2: create a fresh directory (+1 more reused dependencies)
|  +- FP-0054 revision 1 case 2: run refuses a --transcript path that is a hard link to the input file (+2 more reused dependencies)
+- FP-0054 revision 1 case 3: minimize refuses an --out path that names the input file in other letter case success 51ms
|  +- install fairpane-lab (+1 more reused dependencies)
|  +- FP-0054 revision 1 case 3: create a fresh directory success 54ms
|     +- compile exe fairpane-lab-check debug native (reused)
+- FP-0054 revision 1 case 3: the refused command leaves the input unchanged success 74ms
|  +- compile exe fairpane-lab-check debug native (reused)
|  +- FP-0054 revision 1 case 3: create a fresh directory (+1 more reused dependencies)
|  +- FP-0054 revision 1 case 3: minimize refuses an --out path that names the input file in other letter case (+2 more reused dependencies)
+- FP-0054 revision 1 case 4: minimize writes over a separate byte-identical copy of the input file success 54ms
|  +- install fairpane-lab (+1 more reused dependencies)
|  +- FP-0054 revision 1 case 4: create a fresh directory success 57ms
|     +- compile exe fairpane-lab-check debug native (reused)
+- FP-0054 revision 1 case 4: the written case is a version 2 case derived from the input digest success 72ms
|  +- compile exe fairpane-lab-check debug native (reused)
|  +- FP-0054 revision 1 case 4: create a fresh directory (+1 more reused dependencies)
|  +- FP-0054 revision 1 case 4: minimize writes over a separate byte-identical copy of the input file (+2 more reused dependencies)
+- FP-0054 revision 1 case 5: run, minimize, and replay report files one byte above the size limit success 148ms
|  +- compile exe fairpane-lab-check debug native (reused)
|  +- FP-0054 revision 1 case 5: create a fresh directory success 50ms
|  |  +- compile exe fairpane-lab-check debug native (reused)
|  +- install fairpane-lab (+1 more reused dependencies)
+- FP-0076 case 3: minimize writes over an existing out.json whose ACL denies read-data access to Everyone success 55ms
|  +- install fairpane-lab (+1 more reused dependencies)
|  +- FP-0076 case 3: create a fresh directory success 54ms
|     +- compile exe fairpane-lab-check debug native (reused)
+- FP-0076 case 3: out.json is a version 2 case derived from the input digest success 7ms
|  +- compile exe fairpane-lab-check debug native (reused)
|  +- FP-0076 case 3: create a fresh directory (+1 more reused dependencies)
|  +- FP-0076 case 3: restore read access to out.json success 72ms
|     +- compile exe fairpane-lab-check debug native (reused)
|     +- FP-0076 case 3: create a fresh directory (+1 more reused dependencies)
|     +- FP-0076 case 3: minimize writes over an existing out.json whose ACL denies read-data access to Everyone (+2 more reused dependencies)
+- FP-0076 case 4: minimize reports the output path out|.json, which cannot be identified success 50ms
|  +- install fairpane-lab (+1 more reused dependencies)
|  +- FP-0076 case 4: create a fresh directory success 65ms
|     +- compile exe fairpane-lab-check debug native (reused)
+- FP-0076 case 4: the directory gains no file success 72ms
|  +- compile exe fairpane-lab-check debug native (reused)
|  +- FP-0076 case 4: create a fresh directory (+1 more reused dependencies)
|  +- FP-0076 case 4: minimize reports the output path out|.json, which cannot be identified (+2 more reused dependencies)
+- FP-0076 case 7: the revision 1 case 5 helper reports failing checks and removes both oversized files success 140ms
|  +- compile exe fairpane-lab-check debug native (reused)
|  +- FP-0076 case 7: create a fresh directory success 57ms
|  |  +- compile exe fairpane-lab-check debug native (reused)
|  +- compile exe fairpane-lab-check debug native (reused)
+- FP-0076 case 7: no file remains after the failing run success 7ms
|  +- compile exe fairpane-lab-check debug native (reused)
|  +- FP-0076 case 7: create a fresh directory (+1 more reused dependencies)
|  +- FP-0076 case 7: the revision 1 case 5 helper reports failing checks and removes both oversized files (+3 more reused dependencies)
+- FP-0011 case 4: leaf_invokes_to_number.zig success 644ms
+- FP-0011 case 4: leaf_invokes_number_to_string.zig success 547ms
+- FP-0011 case 4: allocation_invokes_call.zig success 614ms
+- FP-0011 case 4: leaf_allocates.zig success 480ms
+- FP-0011 case 4: mutation_throws.zig success 546ms
+- FP-0011 case 4: leaf_calls_behavior.zig success 427ms
+- FP-0011 case 4: leaf_positive.zig success 543ms
+- FP-0011 case 5: catalog_callback_alone.zig success 483ms
+- FP-0011 case 5: catalog_exception_alone.zig success 501ms
+- FP-0011 case 5: catalog_duplicate_id.zig success 456ms
+- FP-0011 case 5: kernel_wider_context.zig success 467ms
+- FP-0011 case 5: kernel_undeclared_throw.zig success 523ms
+- FP-0011 case 8: layout_undescribed_field.zig success 497ms
+- FP-0011 case 8: layout_plain_reference.zig success 547ms
+- FP-0011 case 8: layout_missing_field.zig success 456ms
+- FP-0011 case 20: abi_reference_value.zig success 561ms
+- FP-0011 case 20: abi_nan_box_value.zig success 523ms
+- FP-0011 case 20: abi_tagged_index_value.zig success 471ms
+- FP-0011 case 34: leaf_reaches_heap.zig success 457ms
+- FP-0011 case 35: leaf_widens_context.zig success 549ms
+- FP-0011 case 36: binding_missing_kernel.zig success 564ms
+- FP-0011 case 36: binding_stray_kernel.zig success 587ms
+- library-test success
|  +- run test cached
|  |  +- compile test debug native cached 128ms MaxRSS:33M
|  +- FP-0066 case 1: ReleaseSafe libraries built in two directories are byte-identical success 14ms
|  |  +- compile exe fairpane-library-check debug native cached 93ms MaxRSS:33M
|  |  +- archive fairpane.lib safe success 19ms
|  |  |  +- compile obj fairpane_zcu safe native success 5s MaxRSS:177M
|  |  |     +- WriteFile fp0066-tree-a/src success
|  |  +- archive fairpane.lib safe success 22ms
|  |     +- compile obj fairpane_zcu safe native success 4s MaxRSS:177M
|  |        +- WriteFile fp0066-tree-a/src (reused)
|  +- FP-0066 case 2: the ReleaseSafe library contains neither its build directory nor the compiler installation directory success 37ms
|  |  +- compile exe fairpane-library-check debug native (reused)
|  |  +- archive fairpane.lib safe (+1 more reused dependencies)
|  |  +- WriteFile fp0066-tree-a/src (reused)
|  +- FP-0066 case 4: the Debug library keeps debug information that names the absolute source directory success 34ms
|  |  +- compile exe fairpane-library-check debug native (reused)
|  |  +- archive fairpane.lib debug success 22ms
|  |     +- compile obj fairpane_zcu debug native success 3s MaxRSS:271M
|  +- FP-0066 case 5: the ReleaseSafe library's only member is the object, named without a directory success 8ms
|  |  +- compile exe fairpane-library-check debug native (reused)
|  |  +- archive fairpane.lib safe (+1 more reused dependencies)
|  +- FP-0066: every member header of the ReleaseSafe library has a zero time stamp, owner, and group success 9ms
|     +- compile exe fairpane-library-check debug native (reused)
|     +- archive fairpane.lib safe (+1 more reused dependencies)
+- FP-0082 case 16: valid.js exits with status 0 and prints the T9 dump success 58ms
|  +- install fairpane-js-parse success
|     +- compile exe fairpane-js-parse debug native success 4s MaxRSS:335M
|        +- WriteFile src success
+- FP-0082 case 16: syntax.js exits with status 1 and prints its syntax error success 62ms
|  +- install fairpane-js-parse (+1 more reused dependencies)
+- FP-0082 case 16: unsupported.js exits with status 2 and prints its unsupported outcome success 64ms
|  +- install fairpane-js-parse (+1 more reused dependencies)
+- FP-0082 case 16: invalid-utf8.js exits with status 3 success 60ms
|  +- install fairpane-js-parse (+1 more reused dependencies)
+- FP-0082 case 16: a missing path exits with status 3 success 63ms
|  +- install fairpane-js-parse (+1 more reused dependencies)
+- FP-0082 case 16: no arguments exits with status 3 and writes the usage success 58ms
|  +- install fairpane-js-parse (+1 more reused dependencies)
+- FP-0082 case 17: the census of the sound fixture exits with status 0 success 66ms
|  +- install fairpane-js-parse (+1 more reused dependencies)
+- FP-0082 case 17: the census of the unsound fixture exits with status 1 success 67ms
|  +- install fairpane-js-parse (+1 more reused dependencies)
+- FP-0082 case 17: the census refuses an existing output file and exits with status 3 success 65ms
   +- install fairpane-js-parse (+1 more reused dependencies)
   +- WriteFile existing.jsonl cached

error: the following build command exited with code 1:
C:\src\fairpane\.zig-cache\global\o\253f29e51d3f235ff7bb0cfb57b92bf7\maker.exe build --zig-lib=C:\src\fairpane\.tools\zig\0.18.0-dev.120+9fe22a29b\x86_64-windows\lib --zig=C:\src\fairpane\.tools\zig\0.18.0-dev.120+9fe22a29b\x86_64-windows\zig.exe --global-cache=C:\src\fairpane\.zig-cache\global --seed=0x66f693b6 test --summary all --cache-dir out/fp0111-mutation
RESULT {"executable":"C:\\src\\fairpane\\.tools\\zig\\0.18.0-dev.120+9fe22a29b\\x86_64-windows\\zig.exe","arguments":["build","test","--summary","all","--cache-dir","out/fp0111-mutation"],"cwd":"C:\\Users\\requi\\.omp\\wt\\te63ab7b1b\\m","started_at":"2026-10-09T20:35:51.588Z","exit_code":1,"signal":null,"timed_out":false,"error":null,"duration_ms":73349,"environment_overrides":{"ZIG_GLOBAL_CACHE_DIR":"C:\\src\\fairpane\\.zig-cache\\global"}}

COMMAND ["C:\\Program Files\\Git\\cmd\\git.exe","apply","-R","engineering/evidence/FP-0111/raw/mutation-M4.diff"]
RESULT {"executable":"C:\\Program Files\\Git\\cmd\\git.exe","arguments":["apply","-R","engineering/evidence/FP-0111/raw/mutation-M4.diff"],"cwd":"C:\\Users\\requi\\.omp\\wt\\te63ab7b1b\\m","started_at":"2026-10-09T20:37:05.012Z","exit_code":0,"signal":null,"timed_out":false,"error":null,"duration_ms":25}

COMMAND ["C:\\Program Files\\Git\\usr\\bin\\sha256sum.exe","src/font/layout_common.zig"]
a68d1429a460ab0bb6d90d86d11b09f98ae7d6d7466be66cb92a58ab41a50091 *src/font/layout_common.zig
RESULT {"executable":"C:\\Program Files\\Git\\usr\\bin\\sha256sum.exe","arguments":["src/font/layout_common.zig"],"cwd":"C:\\Users\\requi\\.omp\\wt\\te63ab7b1b\\m","started_at":"2026-10-09T20:37:05.147Z","exit_code":0,"signal":null,"timed_out":false,"error":null,"duration_ms":18}

COMMAND ["C:\\Program Files\\Git\\usr\\bin\\sha256sum.exe","src/font/layout_common.zig"]
a68d1429a460ab0bb6d90d86d11b09f98ae7d6d7466be66cb92a58ab41a50091 *src/font/layout_common.zig
RESULT {"executable":"C:\\Program Files\\Git\\usr\\bin\\sha256sum.exe","arguments":["src/font/layout_common.zig"],"cwd":"C:\\Users\\requi\\.omp\\wt\\te63ab7b1b\\m","started_at":"2026-10-09T20:37:05.233Z","exit_code":0,"signal":null,"timed_out":false,"error":null,"duration_ms":18}

COMMAND ["C:\\Program Files\\Git\\cmd\\git.exe","apply","engineering/evidence/FP-0111/raw/mutation-M5.diff"]
RESULT {"executable":"C:\\Program Files\\Git\\cmd\\git.exe","arguments":["apply","engineering/evidence/FP-0111/raw/mutation-M5.diff"],"cwd":"C:\\Users\\requi\\.omp\\wt\\te63ab7b1b\\m","started_at":"2026-10-09T20:37:05.321Z","exit_code":0,"signal":null,"timed_out":false,"error":null,"duration_ms":26}

COMMAND ["C:\\Program Files\\Git\\usr\\bin\\sha256sum.exe","src/font/layout_common.zig"]
51eb5bd5294b619f095546ff7c7167304924e0ec6f351de27436afedd9db8803 *src/font/layout_common.zig
RESULT {"executable":"C:\\Program Files\\Git\\usr\\bin\\sha256sum.exe","arguments":["src/font/layout_common.zig"],"cwd":"C:\\Users\\requi\\.omp\\wt\\te63ab7b1b\\m","started_at":"2026-10-09T20:37:05.419Z","exit_code":0,"signal":null,"timed_out":false,"error":null,"duration_ms":16}

COMMAND ["C:\\src\\fairpane\\.tools\\zig\\0.18.0-dev.120+9fe22a29b\\x86_64-windows\\zig.exe","build","test","--summary","all","--cache-dir","out/fp0111-mutation"]
test
+- FP-0082 case 16: a missing path exits with status 3 w
fairpane-js-parse: tests/js/parse/missing.js: FileNotFound
failed command: cd . && ".\\zig-out\\bin\\fairpane-js-parse.exe" file tests/js/parse/missing.js

test
+- FP-0082 case 16: invalid-utf8.js exits with status 3 w
fairpane-js-parse: .\tests\js\parse\invalid-utf8.js: InvalidUtf8
failed command: ".\\zig-out\\bin\\fairpane-js-parse.exe" file ".\\tests\\js\\parse\\invalid-utf8.js"

test
+- FP-0082 case 17: the census refuses an existing output file and exits with status 3 w
fairpane-js-parse: census: cannot create .\out\fp0111-mutation\o\0c925f44918d6f5adba948a0455992d0\existing.jsonl: PathAlreadyExists
failed command: ".\\zig-out\\bin\\fairpane-js-parse.exe" census ".\\tests\\js\\census\\sound" ".\\out\\fp0111-mutation\\o\\0c925f44918d6f5adba948a0455992d0\\existing.jsonl"

test
+- run test 84 pass, 2 fail (86 total)
error: 'layout_test.test.FP-0111 case 4: malformed ClassDef blobs, including the gdef Example 2 bytes, are rejected or unsupported' failed:
       expected rejected unsorted_records, got valid
       ClassDef { 0, 2, 0, 4, 0, 36, 0, 36, 0, 1, 0, 159, 0, 159, 0, 2, 0, 88, 0, 88, 0, 3, 1, 143, 1, 143, 0, 4 }
       C:\Users\requi\.omp\wt\te63ab7b1b\m\tests\text\layout_test.zig:58:5: 0x7ff6f58bee78 in expectRejected__func_1629 (test_zcu.obj)
           return error.TestUnexpectedResult;
           ^
       C:\Users\requi\.omp\wt\te63ab7b1b\m\tests\text\layout_test.zig:299:13: 0x7ff6f58e974b in test.FP-0111 case 4: malformed ClassDef blobs, including the gdef Example 2 bytes, are rejected or unsupported (test_zcu.obj)
                   return err;
                   ^
error: 'layout_test.test.FP-0111 case 20: malformed GDEF subtables are rejected or unsupported' failed:
       expected rejected unsorted_records, got valid
       C:\Users\requi\.omp\wt\te63ab7b1b\m\tests\text\layout_test.zig:58:5: 0x7ff6f58bee78 in expectRejected__func_1629 (test_zcu.obj)
           return error.TestUnexpectedResult;
           ^
       C:\Users\requi\.omp\wt\te63ab7b1b\m\tests\text\layout_test.zig:870:9: 0x7ff6f58c14e8 in test.FP-0111 case 20: malformed GDEF subtables are rejected or unsupported (test_zcu.obj)
               try expectRejected(.unsorted_records, (try fx.gdef()).glyphClasses());
               ^
failed command: cd . && ".\\out\\fp0111-mutation\\o\\3833419141f31d8713f0b70b797667af\\test.exe" "--cache-dir=.\\out\\fp0111-mutation" --seed=0xd286aca5 --listen=-

test
+- run test w
FP-0082 case 10: measured stack use 21104 bytes for 1022 terms and 20976 bytes for 1021 parentheses
failed command: cd . && ".\\out\\fp0111-mutation\\o\\99e6cb032d34c2a4fe65f25334ad3557\\test.exe" "--cache-dir=.\\out\\fp0111-mutation" --seed=0xd286aca5 --listen=-

Build Summary: 99/101 steps succeeded (1 failed); 411/413 tests passed (2 failed)
test transitive failure
+- run test 327 pass (327 total) 55s MaxRSS:396M
|  +- compile test debug native success 11s MaxRSS:991M
+- run test 84 pass, 2 fail (86 total)
|  +- compile test debug native success 6s MaxRSS:506M
+- FP-0007 case 13: case 2 passes with exit status 0 success 366ms
|  +- install fairpane-lab success
|     +- compile exe fairpane-lab debug native success 4s MaxRSS:369M
+- FP-0007 case 13: case 3 fails with exit status 1 success 363ms
|  +- install fairpane-lab (+1 more reused dependencies)
+- FP-0007 case 13: case 4 is unsupported with exit status 2 success 369ms
|  +- install fairpane-lab (+1 more reused dependencies)
+- FP-0007 case 13: case 1 is a harness error with exit status 3 success 364ms
|  +- install fairpane-lab (+1 more reused dependencies)
+- FP-0007 case 13: case 8 times out with exit status 4 success 367ms
|  +- install fairpane-lab (+1 more reused dependencies)
+- FP-0007 case 13: an unknown command exits with status 64 and writes no result success 359ms
|  +- install fairpane-lab (+1 more reused dependencies)
+- FP-0008 case 26: case 18 passes with exit status 0 success 361ms
|  +- install fairpane-lab (+1 more reused dependencies)
+- FP-0008 case 26: the token_count variant of case 19 fails with exit status 1 success 371ms
|  +- install fairpane-lab (+1 more reused dependencies)
+- FP-0008 case 26: the <p> case of case 21 is unsupported with exit status 2 success 374ms
|  +- install fairpane-lab (+1 more reused dependencies)
+- FP-0123 case 15 Lab-7: the UTF-16BE tokenize case of Lab-3 passes with exit status 0 success 374ms
|  +- install fairpane-lab (+1 more reused dependencies)
+- FP-0007 case 14: minimize reduces a failing fetch case with a 4096-byte body success 420ms
|  +- install fairpane-lab (+1 more reused dependencies)
+- FP-0007 case 14: the minimized case fails the same check success 9ms
|  +- install fairpane-lab (+1 more reused dependencies)
|  +- FP-0007 case 14: minimize reduces a failing fetch case with a 4096-byte body (+1 more reused dependencies)
+- FP-0007 case 14: the minimized document body is 1-minimal success 14ms
|  +- compile exe fairpane-lab-check debug native success 4s MaxRSS:359M
|  +- FP-0007 case 14: minimize reduces a failing fetch case with a 4096-byte body (+1 more reused dependencies)
+- FP-0007 case 14: minimize refuses a passing case success 375ms
|  +- install fairpane-lab (+1 more reused dependencies)
+- FP-0007 case 14: a refused minimization writes nothing success 19ms
|  +- compile exe fairpane-lab-check debug native (reused)
|  +- FP-0007 case 14: minimize refuses a passing case (+1 more reused dependencies)
+- FP-0054 case 5: minimize refuses an --out path that names the input file through another spelling success 92ms
|  +- install fairpane-lab (+1 more reused dependencies)
|  +- FP-0054 case 5: create a fresh directory success 53ms
|  |  +- compile exe fairpane-lab-check debug native (reused)
|  +- FP-0054 case 5: create a fresh directory (+1 more reused dependencies)
+- FP-0054 case 5: the refused minimization leaves the input unchanged success 299ms
|  +- compile exe fairpane-lab-check debug native (reused)
|  +- FP-0054 case 5: create a fresh directory (+1 more reused dependencies)
|  +- FP-0054 case 5: minimize refuses an --out path that names the input file through another spelling (+3 more reused dependencies)
+- FP-0054 revision 1 case 1: minimize refuses an --out path that is a hard link to the input file success 153ms
|  +- install fairpane-lab (+1 more reused dependencies)
|  +- FP-0054 revision 1 case 1: create a fresh directory success 101ms
|     +- compile exe fairpane-lab-check debug native (reused)
+- FP-0054 revision 1 case 1: the refused command leaves the input unchanged success 244ms
|  +- compile exe fairpane-lab-check debug native (reused)
|  +- FP-0054 revision 1 case 1: create a fresh directory (+1 more reused dependencies)
|  +- FP-0054 revision 1 case 1: minimize refuses an --out path that is a hard link to the input file (+2 more reused dependencies)
+- FP-0054 revision 1 case 2: run refuses a --transcript path that is a hard link to the input file success 152ms
|  +- install fairpane-lab (+1 more reused dependencies)
|  +- FP-0054 revision 1 case 2: create a fresh directory success 105ms
|     +- compile exe fairpane-lab-check debug native (reused)
+- FP-0054 revision 1 case 2: the refused command leaves the input unchanged success 243ms
|  +- compile exe fairpane-lab-check debug native (reused)
|  +- FP-0054 revision 1 case 2: create a fresh directory (+1 more reused dependencies)
|  +- FP-0054 revision 1 case 2: run refuses a --transcript path that is a hard link to the input file (+2 more reused dependencies)
+- FP-0054 revision 1 case 3: minimize refuses an --out path that names the input file in other letter case success 198ms
|  +- install fairpane-lab (+1 more reused dependencies)
|  +- FP-0054 revision 1 case 3: create a fresh directory success 53ms
|     +- compile exe fairpane-lab-check debug native (reused)
+- FP-0054 revision 1 case 3: the refused command leaves the input unchanged success 202ms
|  +- compile exe fairpane-lab-check debug native (reused)
|  +- FP-0054 revision 1 case 3: create a fresh directory (+1 more reused dependencies)
|  +- FP-0054 revision 1 case 3: minimize refuses an --out path that names the input file in other letter case (+2 more reused dependencies)
+- FP-0054 revision 1 case 4: minimize writes over a separate byte-identical copy of the input file success 95ms
|  +- install fairpane-lab (+1 more reused dependencies)
|  +- FP-0054 revision 1 case 4: create a fresh directory success 110ms
|     +- compile exe fairpane-lab-check debug native (reused)
+- FP-0054 revision 1 case 4: the written case is a version 2 case derived from the input digest success 299ms
|  +- compile exe fairpane-lab-check debug native (reused)
|  +- FP-0054 revision 1 case 4: create a fresh directory (+1 more reused dependencies)
|  +- FP-0054 revision 1 case 4: minimize writes over a separate byte-identical copy of the input file (+2 more reused dependencies)
+- FP-0054 revision 1 case 5: run, minimize, and replay report files one byte above the size limit success 399ms
|  +- compile exe fairpane-lab-check debug native (reused)
|  +- FP-0054 revision 1 case 5: create a fresh directory success 106ms
|  |  +- compile exe fairpane-lab-check debug native (reused)
|  +- install fairpane-lab (+1 more reused dependencies)
+- FP-0076 case 3: minimize writes over an existing out.json whose ACL denies read-data access to Everyone success 200ms
|  +- install fairpane-lab (+1 more reused dependencies)
|  +- FP-0076 case 3: create a fresh directory success 104ms
|     +- compile exe fairpane-lab-check debug native (reused)
+- FP-0076 case 3: out.json is a version 2 case derived from the input digest success 9ms
|  +- compile exe fairpane-lab-check debug native (reused)
|  +- FP-0076 case 3: create a fresh directory (+1 more reused dependencies)
|  +- FP-0076 case 3: restore read access to out.json success 201ms
|     +- compile exe fairpane-lab-check debug native (reused)
|     +- FP-0076 case 3: create a fresh directory (+1 more reused dependencies)
|     +- FP-0076 case 3: minimize writes over an existing out.json whose ACL denies read-data access to Everyone (+2 more reused dependencies)
+- FP-0076 case 4: minimize reports the output path out|.json, which cannot be identified success 242ms
|  +- install fairpane-lab (+1 more reused dependencies)
|  +- FP-0076 case 4: create a fresh directory success 110ms
|     +- compile exe fairpane-lab-check debug native (reused)
+- FP-0076 case 4: the directory gains no file success 161ms
|  +- compile exe fairpane-lab-check debug native (reused)
|  +- FP-0076 case 4: create a fresh directory (+1 more reused dependencies)
|  +- FP-0076 case 4: minimize reports the output path out|.json, which cannot be identified (+2 more reused dependencies)
+- FP-0076 case 7: the revision 1 case 5 helper reports failing checks and removes both oversized files success 153ms
|  +- compile exe fairpane-lab-check debug native (reused)
|  +- FP-0076 case 7: create a fresh directory success 102ms
|  |  +- compile exe fairpane-lab-check debug native (reused)
|  +- compile exe fairpane-lab-check debug native (reused)
+- FP-0076 case 7: no file remains after the failing run success 343ms
|  +- compile exe fairpane-lab-check debug native (reused)
|  +- FP-0076 case 7: create a fresh directory (+1 more reused dependencies)
|  +- FP-0076 case 7: the revision 1 case 5 helper reports failing checks and removes both oversized files (+3 more reused dependencies)
+- FP-0011 case 4: leaf_invokes_to_number.zig success 679ms
+- FP-0011 case 4: leaf_invokes_number_to_string.zig success 703ms
+- FP-0011 case 4: allocation_invokes_call.zig success 615ms
+- FP-0011 case 4: leaf_allocates.zig success 624ms
+- FP-0011 case 4: mutation_throws.zig success 648ms
+- FP-0011 case 4: leaf_calls_behavior.zig success 575ms
+- FP-0011 case 4: leaf_positive.zig success 722ms
+- FP-0011 case 5: catalog_callback_alone.zig success 519ms
+- FP-0011 case 5: catalog_exception_alone.zig success 567ms
+- FP-0011 case 5: catalog_duplicate_id.zig success 623ms
+- FP-0011 case 5: kernel_wider_context.zig success 648ms
+- FP-0011 case 5: kernel_undeclared_throw.zig success 611ms
+- FP-0011 case 8: layout_undescribed_field.zig success 590ms
+- FP-0011 case 8: layout_plain_reference.zig success 668ms
+- FP-0011 case 8: layout_missing_field.zig success 624ms
+- FP-0011 case 20: abi_reference_value.zig success 632ms
+- FP-0011 case 20: abi_nan_box_value.zig success 564ms
+- FP-0011 case 20: abi_tagged_index_value.zig success 567ms
+- FP-0011 case 34: leaf_reaches_heap.zig success 671ms
+- FP-0011 case 35: leaf_widens_context.zig success 653ms
+- FP-0011 case 36: binding_missing_kernel.zig success 569ms
+- FP-0011 case 36: binding_stray_kernel.zig success 671ms
+- library-test success
|  +- run test cached
|  |  +- compile test debug native cached 204ms MaxRSS:21M
|  +- FP-0066 case 1: ReleaseSafe libraries built in two directories are byte-identical success 11ms
|  |  +- compile exe fairpane-library-check debug native cached 81ms MaxRSS:18M
|  |  +- archive fairpane.lib safe success 59ms
|  |  |  +- compile obj fairpane_zcu safe native success 4s MaxRSS:174M
|  |  |     +- WriteFile fp0066-tree-a/src success
|  |  +- archive fairpane.lib safe success 21ms
|  |     +- compile obj fairpane_zcu safe native success 4s MaxRSS:174M
|  |        +- WriteFile fp0066-tree-a/src (reused)
|  +- FP-0066 case 2: the ReleaseSafe library contains neither its build directory nor the compiler installation directory success 42ms
|  |  +- compile exe fairpane-library-check debug native (reused)
|  |  +- archive fairpane.lib safe (+1 more reused dependencies)
|  |  +- WriteFile fp0066-tree-a/src (reused)
|  +- FP-0066 case 4: the Debug library keeps debug information that names the absolute source directory success 40ms
|  |  +- compile exe fairpane-library-check debug native (reused)
|  |  +- archive fairpane.lib debug success 26ms
|  |     +- compile obj fairpane_zcu debug native success 2s MaxRSS:270M
|  +- FP-0066 case 5: the ReleaseSafe library's only member is the object, named without a directory success 11ms
|  |  +- compile exe fairpane-library-check debug native (reused)
|  |  +- archive fairpane.lib safe (+1 more reused dependencies)
|  +- FP-0066: every member header of the ReleaseSafe library has a zero time stamp, owner, and group success 8ms
|     +- compile exe fairpane-library-check debug native (reused)
|     +- archive fairpane.lib safe (+1 more reused dependencies)
+- FP-0082 case 16: valid.js exits with status 0 and prints the T9 dump success 95ms
|  +- install fairpane-js-parse success
|     +- compile exe fairpane-js-parse debug native success 3s MaxRSS:346M
|        +- WriteFile src success
+- FP-0082 case 16: syntax.js exits with status 1 and prints its syntax error success 40ms
|  +- install fairpane-js-parse (+1 more reused dependencies)
+- FP-0082 case 16: unsupported.js exits with status 2 and prints its unsupported outcome success 93ms
|  +- install fairpane-js-parse (+1 more reused dependencies)
+- FP-0082 case 16: invalid-utf8.js exits with status 3 success 42ms
|  +- install fairpane-js-parse (+1 more reused dependencies)
+- FP-0082 case 16: a missing path exits with status 3 success 46ms
|  +- install fairpane-js-parse (+1 more reused dependencies)
+- FP-0082 case 16: no arguments exits with status 3 and writes the usage success 91ms
|  +- install fairpane-js-parse (+1 more reused dependencies)
+- FP-0082 case 17: the census of the sound fixture exits with status 0 success 101ms
|  +- install fairpane-js-parse (+1 more reused dependencies)
+- FP-0082 case 17: the census of the unsound fixture exits with status 1 success 98ms
|  +- install fairpane-js-parse (+1 more reused dependencies)
+- FP-0082 case 17: the census refuses an existing output file and exits with status 3 success 96ms
   +- install fairpane-js-parse (+1 more reused dependencies)
   +- WriteFile existing.jsonl cached

error: the following build command exited with code 1:
C:\src\fairpane\.zig-cache\global\o\253f29e51d3f235ff7bb0cfb57b92bf7\maker.exe build --zig-lib=C:\src\fairpane\.tools\zig\0.18.0-dev.120+9fe22a29b\x86_64-windows\lib --zig=C:\src\fairpane\.tools\zig\0.18.0-dev.120+9fe22a29b\x86_64-windows\zig.exe --global-cache=C:\src\fairpane\.zig-cache\global --seed=0xd286aca5 test --summary all --cache-dir out/fp0111-mutation
RESULT {"executable":"C:\\src\\fairpane\\.tools\\zig\\0.18.0-dev.120+9fe22a29b\\x86_64-windows\\zig.exe","arguments":["build","test","--summary","all","--cache-dir","out/fp0111-mutation"],"cwd":"C:\\Users\\requi\\.omp\\wt\\te63ab7b1b\\m","started_at":"2026-10-09T20:37:05.503Z","exit_code":1,"signal":null,"timed_out":false,"error":null,"duration_ms":67317,"environment_overrides":{"ZIG_GLOBAL_CACHE_DIR":"C:\\src\\fairpane\\.zig-cache\\global"}}

COMMAND ["C:\\Program Files\\Git\\cmd\\git.exe","apply","-R","engineering/evidence/FP-0111/raw/mutation-M5.diff"]
RESULT {"executable":"C:\\Program Files\\Git\\cmd\\git.exe","arguments":["apply","-R","engineering/evidence/FP-0111/raw/mutation-M5.diff"],"cwd":"C:\\Users\\requi\\.omp\\wt\\te63ab7b1b\\m","started_at":"2026-10-09T20:38:12.872Z","exit_code":0,"signal":null,"timed_out":false,"error":null,"duration_ms":59}

COMMAND ["C:\\Program Files\\Git\\usr\\bin\\sha256sum.exe","src/font/layout_common.zig"]
a68d1429a460ab0bb6d90d86d11b09f98ae7d6d7466be66cb92a58ab41a50091 *src/font/layout_common.zig
RESULT {"executable":"C:\\Program Files\\Git\\usr\\bin\\sha256sum.exe","arguments":["src/font/layout_common.zig"],"cwd":"C:\\Users\\requi\\.omp\\wt\\te63ab7b1b\\m","started_at":"2026-10-09T20:38:12.985Z","exit_code":0,"signal":null,"timed_out":false,"error":null,"duration_ms":41}

COMMAND ["C:\\Program Files\\Git\\usr\\bin\\sha256sum.exe","src/font/layout_common.zig"]
a68d1429a460ab0bb6d90d86d11b09f98ae7d6d7466be66cb92a58ab41a50091 *src/font/layout_common.zig
RESULT {"executable":"C:\\Program Files\\Git\\usr\\bin\\sha256sum.exe","arguments":["src/font/layout_common.zig"],"cwd":"C:\\Users\\requi\\.omp\\wt\\te63ab7b1b\\m","started_at":"2026-10-09T20:38:13.078Z","exit_code":0,"signal":null,"timed_out":false,"error":null,"duration_ms":14}

COMMAND ["C:\\Program Files\\Git\\cmd\\git.exe","apply","engineering/evidence/FP-0111/raw/mutation-M6.diff"]
RESULT {"executable":"C:\\Program Files\\Git\\cmd\\git.exe","arguments":["apply","engineering/evidence/FP-0111/raw/mutation-M6.diff"],"cwd":"C:\\Users\\requi\\.omp\\wt\\te63ab7b1b\\m","started_at":"2026-10-09T20:38:13.180Z","exit_code":0,"signal":null,"timed_out":false,"error":null,"duration_ms":40}

COMMAND ["C:\\Program Files\\Git\\usr\\bin\\sha256sum.exe","src/font/layout_common.zig"]
d2358b1b7adc4f3bc844f6c7023d636cc799d74e4c09455b5aa9f16195fc8995 *src/font/layout_common.zig
RESULT {"executable":"C:\\Program Files\\Git\\usr\\bin\\sha256sum.exe","arguments":["src/font/layout_common.zig"],"cwd":"C:\\Users\\requi\\.omp\\wt\\te63ab7b1b\\m","started_at":"2026-10-09T20:38:13.331Z","exit_code":0,"signal":null,"timed_out":false,"error":null,"duration_ms":13}

COMMAND ["C:\\src\\fairpane\\.tools\\zig\\0.18.0-dev.120+9fe22a29b\\x86_64-windows\\zig.exe","build","test","--summary","all","--cache-dir","out/fp0111-mutation"]
test
+- FP-0082 case 16: a missing path exits with status 3 w
fairpane-js-parse: tests/js/parse/missing.js: FileNotFound
failed command: cd . && ".\\zig-out\\bin\\fairpane-js-parse.exe" file tests/js/parse/missing.js

test
+- FP-0082 case 16: invalid-utf8.js exits with status 3 w
fairpane-js-parse: .\tests\js\parse\invalid-utf8.js: InvalidUtf8
failed command: ".\\zig-out\\bin\\fairpane-js-parse.exe" file ".\\tests\\js\\parse\\invalid-utf8.js"

test
+- FP-0082 case 17: the census refuses an existing output file and exits with status 3 w
fairpane-js-parse: census: cannot create .\out\fp0111-mutation\o\0c925f44918d6f5adba948a0455992d0\existing.jsonl: PathAlreadyExists
failed command: ".\\zig-out\\bin\\fairpane-js-parse.exe" census ".\\tests\\js\\census\\sound" ".\\out\\fp0111-mutation\\o\\0c925f44918d6f5adba948a0455992d0\\existing.jsonl"

test
+- run test 84 pass, 2 fail (86 total)
error: 'layout_test.test.FP-0111 case 5: Device and VariationIndex tables are reported as unsupported with their fields' failed:
       expected .unsupported_variation_index, found .unsupported_device
       C:\src\fairpane\.tools\zig\0.18.0-dev.120+9fe22a29b\x86_64-windows\lib\std\testing.zig:93:17: 0x7ff6ccdaf78c in expectEqualInner__func_1652 (test_zcu.obj)
                       return error.TestExpectedEqual;
                       ^
       C:\src\fairpane\.tools\zig\0.18.0-dev.120+9fe22a29b\x86_64-windows\lib\std\testing.zig:57: 0x7ff6ccdafb2b in expectEqual (test_zcu.obj)
           return expectEqualInner(T, expected, actual);
       
       C:\src\fairpane\.tools\zig\0.18.0-dev.120+9fe22a29b\x86_64-windows\lib\std\testing.zig:157:17: 0x7ff6ccdafb85 in expectEqualInner__func_1651 (test_zcu.obj)
                       try expectEqual(@as(Tag, expected), @as(Tag, actual));
                       ^
       C:\src\fairpane\.tools\zig\0.18.0-dev.120+9fe22a29b\x86_64-windows\lib\std\testing.zig:57: 0x7ff6ccdd92c0 in expectEqual (test_zcu.obj)
           return expectEqualInner(T, expected, actual);
       
       C:\Users\requi\.omp\wt\te63ab7b1b\m\tests\text\layout_test.zig:316:21: 0x7ff6ccdd92eb in test.FP-0111 case 5: Device and VariationIndex tables are reported as unsupported with their fields (test_zcu.obj)
           for (cases) |c| try testing.expectEqual(c.expected, layout.parseDevice(blob(c.bytes), 0));
                           ^
error: 'layout_test.test.FP-0111 case 20: malformed GDEF subtables are rejected or unsupported' failed:
       expected .unsupported_variation_index, found .unsupported_device
       C:\src\fairpane\.tools\zig\0.18.0-dev.120+9fe22a29b\x86_64-windows\lib\std\testing.zig:93:17: 0x7ff6ccdaf78c in expectEqualInner__func_1652 (test_zcu.obj)
                       return error.TestExpectedEqual;
                       ^
       C:\src\fairpane\.tools\zig\0.18.0-dev.120+9fe22a29b\x86_64-windows\lib\std\testing.zig:57: 0x7ff6ccdafb2b in expectEqual (test_zcu.obj)
           return expectEqualInner(T, expected, actual);
       
       C:\src\fairpane\.tools\zig\0.18.0-dev.120+9fe22a29b\x86_64-windows\lib\std\testing.zig:157:17: 0x7ff6ccdafb85 in expectEqualInner__func_1651 (test_zcu.obj)
                       try expectEqual(@as(Tag, expected), @as(Tag, actual));
                       ^
       C:\src\fairpane\.tools\zig\0.18.0-dev.120+9fe22a29b\x86_64-windows\lib\std\testing.zig:57: 0x7ff6ccdaffa4 in expectEqual (test_zcu.obj)
           return expectEqualInner(T, expected, actual);
       
       C:\src\fairpane\.tools\zig\0.18.0-dev.120+9fe22a29b\x86_64-windows\lib\std\testing.zig:170:21: 0x7ff6ccdaffcf in expectEqualInner__func_1650 (test_zcu.obj)
                           try expectEqual(expected_payload, actual_payload);
                           ^
       C:\src\fairpane\.tools\zig\0.18.0-dev.120+9fe22a29b\x86_64-windows\lib\std\testing.zig:57: 0x7ff6ccdb24d5 in expectEqual (test_zcu.obj)
           return expectEqualInner(T, expected, actual);
       
       C:\Users\requi\.omp\wt\te63ab7b1b\m\tests\text\layout_test.zig:906:9: 0x7ff6ccdb2520 in test.FP-0111 case 20: malformed GDEF subtables are rejected or unsupported (test_zcu.obj)
               try testing.expectEqual(@as(?layout.DeviceStatus, .{ .unsupported_variation_index = .{ .outer = 12, .inner = 17 } }), try caret2Device(&fx));
               ^
failed command: cd . && ".\\out\\fp0111-mutation\\o\\d4b3b01239db851d325d1b41221f7418\\test.exe" "--cache-dir=.\\out\\fp0111-mutation" --seed=0xc3131333 --listen=-

test
+- run test w
FP-0082 case 10: measured stack use 21104 bytes for 1022 terms and 20976 bytes for 1021 parentheses
failed command: cd . && ".\\out\\fp0111-mutation\\o\\bcbd2df9fa21856c37df12c060feef36\\test.exe" "--cache-dir=.\\out\\fp0111-mutation" --seed=0xc3131333 --listen=-

Build Summary: 99/101 steps succeeded (1 failed); 411/413 tests passed (2 failed)
test transitive failure
+- run test 327 pass (327 total) 59s MaxRSS:396M
|  +- compile test debug native success 11s MaxRSS:991M
+- run test 84 pass, 2 fail (86 total)
|  +- compile test debug native success 5s MaxRSS:508M
+- FP-0007 case 13: case 2 passes with exit status 0 success 105ms
|  +- install fairpane-lab success
|     +- compile exe fairpane-lab debug native success 3s MaxRSS:372M
+- FP-0007 case 13: case 3 fails with exit status 1 success 99ms
|  +- install fairpane-lab (+1 more reused dependencies)
+- FP-0007 case 13: case 4 is unsupported with exit status 2 success 95ms
|  +- install fairpane-lab (+1 more reused dependencies)
+- FP-0007 case 13: case 1 is a harness error with exit status 3 success 97ms
|  +- install fairpane-lab (+1 more reused dependencies)
+- FP-0007 case 13: case 8 times out with exit status 4 success 106ms
|  +- install fairpane-lab (+1 more reused dependencies)
+- FP-0007 case 13: an unknown command exits with status 64 and writes no result success 92ms
|  +- install fairpane-lab (+1 more reused dependencies)
+- FP-0008 case 26: case 18 passes with exit status 0 success 94ms
|  +- install fairpane-lab (+1 more reused dependencies)
+- FP-0008 case 26: the token_count variant of case 19 fails with exit status 1 success 105ms
|  +- install fairpane-lab (+1 more reused dependencies)
+- FP-0008 case 26: the <p> case of case 21 is unsupported with exit status 2 success 101ms
|  +- install fairpane-lab (+1 more reused dependencies)
+- FP-0123 case 15 Lab-7: the UTF-16BE tokenize case of Lab-3 passes with exit status 0 success 99ms
|  +- install fairpane-lab (+1 more reused dependencies)
+- FP-0007 case 14: minimize reduces a failing fetch case with a 4096-byte body success 150ms
|  +- install fairpane-lab (+1 more reused dependencies)
+- FP-0007 case 14: the minimized case fails the same check success 8ms
|  +- install fairpane-lab (+1 more reused dependencies)
|  +- FP-0007 case 14: minimize reduces a failing fetch case with a 4096-byte body (+1 more reused dependencies)
+- FP-0007 case 14: the minimized document body is 1-minimal success 16ms
|  +- compile exe fairpane-lab-check debug native success 3s MaxRSS:360M
|  +- FP-0007 case 14: minimize reduces a failing fetch case with a 4096-byte body (+1 more reused dependencies)
+- FP-0007 case 14: minimize refuses a passing case success 109ms
|  +- install fairpane-lab (+1 more reused dependencies)
+- FP-0007 case 14: a refused minimization writes nothing success 9ms
|  +- compile exe fairpane-lab-check debug native (reused)
|  +- FP-0007 case 14: minimize refuses a passing case (+1 more reused dependencies)
+- FP-0054 case 5: minimize refuses an --out path that names the input file through another spelling success 99ms
|  +- install fairpane-lab (+1 more reused dependencies)
|  +- FP-0054 case 5: create a fresh directory success 55ms
|  |  +- compile exe fairpane-lab-check debug native (reused)
|  +- FP-0054 case 5: create a fresh directory (+1 more reused dependencies)
+- FP-0054 case 5: the refused minimization leaves the input unchanged success 31ms
|  +- compile exe fairpane-lab-check debug native (reused)
|  +- FP-0054 case 5: create a fresh directory (+1 more reused dependencies)
|  +- FP-0054 case 5: minimize refuses an --out path that names the input file through another spelling (+3 more reused dependencies)
+- FP-0054 revision 1 case 1: minimize refuses an --out path that is a hard link to the input file success 48ms
|  +- install fairpane-lab (+1 more reused dependencies)
|  +- FP-0054 revision 1 case 1: create a fresh directory success 50ms
|     +- compile exe fairpane-lab-check debug native (reused)
+- FP-0054 revision 1 case 1: the refused command leaves the input unchanged success 73ms
|  +- compile exe fairpane-lab-check debug native (reused)
|  +- FP-0054 revision 1 case 1: create a fresh directory (+1 more reused dependencies)
|  +- FP-0054 revision 1 case 1: minimize refuses an --out path that is a hard link to the input file (+2 more reused dependencies)
+- FP-0054 revision 1 case 2: run refuses a --transcript path that is a hard link to the input file success 49ms
|  +- install fairpane-lab (+1 more reused dependencies)
|  +- FP-0054 revision 1 case 2: create a fresh directory success 60ms
|     +- compile exe fairpane-lab-check debug native (reused)
+- FP-0054 revision 1 case 2: the refused command leaves the input unchanged success 73ms
|  +- compile exe fairpane-lab-check debug native (reused)
|  +- FP-0054 revision 1 case 2: create a fresh directory (+1 more reused dependencies)
|  +- FP-0054 revision 1 case 2: run refuses a --transcript path that is a hard link to the input file (+2 more reused dependencies)
+- FP-0054 revision 1 case 3: minimize refuses an --out path that names the input file in other letter case success 96ms
|  +- install fairpane-lab (+1 more reused dependencies)
|  +- FP-0054 revision 1 case 3: create a fresh directory success 50ms
|     +- compile exe fairpane-lab-check debug native (reused)
+- FP-0054 revision 1 case 3: the refused command leaves the input unchanged success 31ms
|  +- compile exe fairpane-lab-check debug native (reused)
|  +- FP-0054 revision 1 case 3: create a fresh directory (+1 more reused dependencies)
|  +- FP-0054 revision 1 case 3: minimize refuses an --out path that names the input file in other letter case (+2 more reused dependencies)
+- FP-0054 revision 1 case 4: minimize writes over a separate byte-identical copy of the input file success 53ms
|  +- install fairpane-lab (+1 more reused dependencies)
|  +- FP-0054 revision 1 case 4: create a fresh directory success 62ms
|     +- compile exe fairpane-lab-check debug native (reused)
+- FP-0054 revision 1 case 4: the written case is a version 2 case derived from the input digest success 72ms
|  +- compile exe fairpane-lab-check debug native (reused)
|  +- FP-0054 revision 1 case 4: create a fresh directory (+1 more reused dependencies)
|  +- FP-0054 revision 1 case 4: minimize writes over a separate byte-identical copy of the input file (+2 more reused dependencies)
+- FP-0054 revision 1 case 5: run, minimize, and replay report files one byte above the size limit success 144ms
|  +- compile exe fairpane-lab-check debug native (reused)
|  +- FP-0054 revision 1 case 5: create a fresh directory success 51ms
|  |  +- compile exe fairpane-lab-check debug native (reused)
|  +- install fairpane-lab (+1 more reused dependencies)
+- FP-0076 case 3: minimize writes over an existing out.json whose ACL denies read-data access to Everyone success 101ms
|  +- install fairpane-lab (+1 more reused dependencies)
|  +- FP-0076 case 3: create a fresh directory success 55ms
|     +- compile exe fairpane-lab-check debug native (reused)
+- FP-0076 case 3: out.json is a version 2 case derived from the input digest success 7ms
|  +- compile exe fairpane-lab-check debug native (reused)
|  +- FP-0076 case 3: create a fresh directory (+1 more reused dependencies)
|  +- FP-0076 case 3: restore read access to out.json success 29ms
|     +- compile exe fairpane-lab-check debug native (reused)
|     +- FP-0076 case 3: create a fresh directory (+1 more reused dependencies)
|     +- FP-0076 case 3: minimize writes over an existing out.json whose ACL denies read-data access to Everyone (+2 more reused dependencies)
+- FP-0076 case 4: minimize reports the output path out|.json, which cannot be identified success 52ms
|  +- install fairpane-lab (+1 more reused dependencies)
|  +- FP-0076 case 4: create a fresh directory success 58ms
|     +- compile exe fairpane-lab-check debug native (reused)
+- FP-0076 case 4: the directory gains no file success 72ms
|  +- compile exe fairpane-lab-check debug native (reused)
|  +- FP-0076 case 4: create a fresh directory (+1 more reused dependencies)
|  +- FP-0076 case 4: minimize reports the output path out|.json, which cannot be identified (+2 more reused dependencies)
+- FP-0076 case 7: the revision 1 case 5 helper reports failing checks and removes both oversized files success 60ms
|  +- compile exe fairpane-lab-check debug native (reused)
|  +- FP-0076 case 7: create a fresh directory success 56ms
|  |  +- compile exe fairpane-lab-check debug native (reused)
|  +- compile exe fairpane-lab-check debug native (reused)
+- FP-0076 case 7: no file remains after the failing run success 68ms
|  +- compile exe fairpane-lab-check debug native (reused)
|  +- FP-0076 case 7: create a fresh directory (+1 more reused dependencies)
|  +- FP-0076 case 7: the revision 1 case 5 helper reports failing checks and removes both oversized files (+3 more reused dependencies)
+- FP-0011 case 4: leaf_invokes_to_number.zig success 945ms
+- FP-0011 case 4: leaf_invokes_number_to_string.zig success 285ms
+- FP-0011 case 4: allocation_invokes_call.zig success 956ms
+- FP-0011 case 4: leaf_allocates.zig success 826ms
+- FP-0011 case 4: mutation_throws.zig success 796ms
+- FP-0011 case 4: leaf_calls_behavior.zig success 684ms
+- FP-0011 case 4: leaf_positive.zig success 968ms
+- FP-0011 case 5: catalog_callback_alone.zig success 857ms
+- FP-0011 case 5: catalog_exception_alone.zig success 780ms
+- FP-0011 case 5: catalog_duplicate_id.zig success 726ms
+- FP-0011 case 5: kernel_wider_context.zig success 729ms
+- FP-0011 case 5: kernel_undeclared_throw.zig success 857ms
+- FP-0011 case 8: layout_undescribed_field.zig success 285ms
+- FP-0011 case 8: layout_plain_reference.zig success 676ms
+- FP-0011 case 8: layout_missing_field.zig success 789ms
+- FP-0011 case 20: abi_reference_value.zig success 890ms
+- FP-0011 case 20: abi_nan_box_value.zig success 755ms
+- FP-0011 case 20: abi_tagged_index_value.zig success 804ms
+- FP-0011 case 34: leaf_reaches_heap.zig success 749ms
+- FP-0011 case 35: leaf_widens_context.zig success 750ms
+- FP-0011 case 36: binding_missing_kernel.zig success 327ms
+- FP-0011 case 36: binding_stray_kernel.zig success 871ms
+- library-test success
|  +- run test cached
|  |  +- compile test debug native cached 27ms MaxRSS:21M
|  +- FP-0066 case 1: ReleaseSafe libraries built in two directories are byte-identical success 9ms
|  |  +- compile exe fairpane-library-check debug native cached 114ms MaxRSS:22M
|  |  +- archive fairpane.lib safe success 19ms
|  |  |  +- compile obj fairpane_zcu safe native success 3s MaxRSS:176M
|  |  |     +- WriteFile fp0066-tree-a/src success
|  |  +- archive fairpane.lib safe success 15ms
|  |     +- compile obj fairpane_zcu safe native success 4s MaxRSS:176M
|  |        +- WriteFile fp0066-tree-a/src (reused)
|  +- FP-0066 case 2: the ReleaseSafe library contains neither its build directory nor the compiler installation directory success 44ms
|  |  +- compile exe fairpane-library-check debug native (reused)
|  |  +- archive fairpane.lib safe (+1 more reused dependencies)
|  |  +- WriteFile fp0066-tree-a/src (reused)
|  +- FP-0066 case 4: the Debug library keeps debug information that names the absolute source directory success 42ms
|  |  +- compile exe fairpane-library-check debug native (reused)
|  |  +- archive fairpane.lib debug success 21ms
|  |     +- compile obj fairpane_zcu debug native success 2s MaxRSS:271M
|  +- FP-0066 case 5: the ReleaseSafe library's only member is the object, named without a directory success 7ms
|  |  +- compile exe fairpane-library-check debug native (reused)
|  |  +- archive fairpane.lib safe (+1 more reused dependencies)
|  +- FP-0066: every member header of the ReleaseSafe library has a zero time stamp, owner, and group success 9ms
|     +- compile exe fairpane-library-check debug native (reused)
|     +- archive fairpane.lib safe (+1 more reused dependencies)
+- FP-0082 case 16: valid.js exits with status 0 and prints the T9 dump success 44ms
|  +- install fairpane-js-parse success
|     +- compile exe fairpane-js-parse debug native success 3s MaxRSS:347M
|        +- WriteFile src success
+- FP-0082 case 16: syntax.js exits with status 1 and prints its syntax error success 42ms
|  +- install fairpane-js-parse (+1 more reused dependencies)
+- FP-0082 case 16: unsupported.js exits with status 2 and prints its unsupported outcome success 41ms
|  +- install fairpane-js-parse (+1 more reused dependencies)
+- FP-0082 case 16: invalid-utf8.js exits with status 3 success 44ms
|  +- install fairpane-js-parse (+1 more reused dependencies)
+- FP-0082 case 16: a missing path exits with status 3 success 45ms
|  +- install fairpane-js-parse (+1 more reused dependencies)
+- FP-0082 case 16: no arguments exits with status 3 and writes the usage success 37ms
|  +- install fairpane-js-parse (+1 more reused dependencies)
+- FP-0082 case 17: the census of the sound fixture exits with status 0 success 51ms
|  +- install fairpane-js-parse (+1 more reused dependencies)
+- FP-0082 case 17: the census of the unsound fixture exits with status 1 success 47ms
|  +- install fairpane-js-parse (+1 more reused dependencies)
+- FP-0082 case 17: the census refuses an existing output file and exits with status 3 success 46ms
   +- install fairpane-js-parse (+1 more reused dependencies)
   +- WriteFile existing.jsonl cached

error: the following build command exited with code 1:
C:\src\fairpane\.zig-cache\global\o\253f29e51d3f235ff7bb0cfb57b92bf7\maker.exe build --zig-lib=C:\src\fairpane\.tools\zig\0.18.0-dev.120+9fe22a29b\x86_64-windows\lib --zig=C:\src\fairpane\.tools\zig\0.18.0-dev.120+9fe22a29b\x86_64-windows\zig.exe --global-cache=C:\src\fairpane\.zig-cache\global --seed=0xc3131333 test --summary all --cache-dir out/fp0111-mutation
RESULT {"executable":"C:\\src\\fairpane\\.tools\\zig\\0.18.0-dev.120+9fe22a29b\\x86_64-windows\\zig.exe","arguments":["build","test","--summary","all","--cache-dir","out/fp0111-mutation"],"cwd":"C:\\Users\\requi\\.omp\\wt\\te63ab7b1b\\m","started_at":"2026-10-09T20:38:13.440Z","exit_code":1,"signal":null,"timed_out":false,"error":null,"duration_ms":71129,"environment_overrides":{"ZIG_GLOBAL_CACHE_DIR":"C:\\src\\fairpane\\.zig-cache\\global"}}

COMMAND ["C:\\Program Files\\Git\\cmd\\git.exe","apply","-R","engineering/evidence/FP-0111/raw/mutation-M6.diff"]
RESULT {"executable":"C:\\Program Files\\Git\\cmd\\git.exe","arguments":["apply","-R","engineering/evidence/FP-0111/raw/mutation-M6.diff"],"cwd":"C:\\Users\\requi\\.omp\\wt\\te63ab7b1b\\m","started_at":"2026-10-09T20:39:24.625Z","exit_code":0,"signal":null,"timed_out":false,"error":null,"duration_ms":22}

COMMAND ["C:\\Program Files\\Git\\usr\\bin\\sha256sum.exe","src/font/layout_common.zig"]
a68d1429a460ab0bb6d90d86d11b09f98ae7d6d7466be66cb92a58ab41a50091 *src/font/layout_common.zig
RESULT {"executable":"C:\\Program Files\\Git\\usr\\bin\\sha256sum.exe","arguments":["src/font/layout_common.zig"],"cwd":"C:\\Users\\requi\\.omp\\wt\\te63ab7b1b\\m","started_at":"2026-10-09T20:39:24.745Z","exit_code":0,"signal":null,"timed_out":false,"error":null,"duration_ms":15}

COMMAND ["C:\\Program Files\\Git\\usr\\bin\\sha256sum.exe","src/font/layout.zig"]
204051dd978a30616ff555af4524003c7f288407904a8b454e390d7e8a2e98f9 *src/font/layout.zig
RESULT {"executable":"C:\\Program Files\\Git\\usr\\bin\\sha256sum.exe","arguments":["src/font/layout.zig"],"cwd":"C:\\Users\\requi\\.omp\\wt\\te63ab7b1b\\m","started_at":"2026-10-09T20:39:24.816Z","exit_code":0,"signal":null,"timed_out":false,"error":null,"duration_ms":15}

COMMAND ["C:\\Program Files\\Git\\cmd\\git.exe","apply","engineering/evidence/FP-0111/raw/mutation-M7.diff"]
RESULT {"executable":"C:\\Program Files\\Git\\cmd\\git.exe","arguments":["apply","engineering/evidence/FP-0111/raw/mutation-M7.diff"],"cwd":"C:\\Users\\requi\\.omp\\wt\\te63ab7b1b\\m","started_at":"2026-10-09T20:39:24.886Z","exit_code":0,"signal":null,"timed_out":false,"error":null,"duration_ms":24}

COMMAND ["C:\\Program Files\\Git\\usr\\bin\\sha256sum.exe","src/font/layout.zig"]
b8f7c0737c6e3d1ef41414666542e6a4fa35f58b68889a4653c1bd624b6fe053 *src/font/layout.zig
RESULT {"executable":"C:\\Program Files\\Git\\usr\\bin\\sha256sum.exe","arguments":["src/font/layout.zig"],"cwd":"C:\\Users\\requi\\.omp\\wt\\te63ab7b1b\\m","started_at":"2026-10-09T20:39:24.966Z","exit_code":0,"signal":null,"timed_out":false,"error":null,"duration_ms":15}

COMMAND ["C:\\src\\fairpane\\.tools\\zig\\0.18.0-dev.120+9fe22a29b\\x86_64-windows\\zig.exe","build","test","--summary","all","--cache-dir","out/fp0111-mutation"]
test
+- FP-0082 case 16: a missing path exits with status 3 w
fairpane-js-parse: tests/js/parse/missing.js: FileNotFound
failed command: cd . && ".\\zig-out\\bin\\fairpane-js-parse.exe" file tests/js/parse/missing.js

test
+- FP-0082 case 16: invalid-utf8.js exits with status 3 w
fairpane-js-parse: .\tests\js\parse\invalid-utf8.js: InvalidUtf8
failed command: ".\\zig-out\\bin\\fairpane-js-parse.exe" file ".\\tests\\js\\parse\\invalid-utf8.js"

test
+- FP-0082 case 17: the census refuses an existing output file and exits with status 3 w
fairpane-js-parse: census: cannot create .\out\fp0111-mutation\o\0c925f44918d6f5adba948a0455992d0\existing.jsonl: PathAlreadyExists
failed command: ".\\zig-out\\bin\\fairpane-js-parse.exe" census ".\\tests\\js\\census\\sound" ".\\out\\fp0111-mutation\\o\\0c925f44918d6f5adba948a0455992d0\\existing.jsonl"

test
+- run test 84 pass, 2 fail (86 total)
error: 'layout_test.test.FP-0111 case 10: lookup selection on G, P, and B_TT' failed:
       expected { 68, 70, 76, 84 }, found null
       C:\src\fairpane\.tools\zig\0.18.0-dev.120+9fe22a29b\x86_64-windows\lib\std\testing.zig:173:21: 0x7ff69d6d019c in expectEqualInner__func_1817 (test_zcu.obj)
                           return error.TestExpectedEqual;
                           ^
       C:\src\fairpane\.tools\zig\0.18.0-dev.120+9fe22a29b\x86_64-windows\lib\std\testing.zig:57: 0x7ff69d6d04e3 in expectEqual (test_zcu.obj)
           return expectEqualInner(T, expected, actual);
       
       C:\Users\requi\.omp\wt\te63ab7b1b\m\tests\text\layout_test.zig:184:5: 0x7ff69d6d0539 in expectSelection (test_zcu.obj)
           try testing.expectEqual(e.script, s.script);
           ^
       C:\Users\requi\.omp\wt\te63ab7b1b\m\tests\text\layout_test.zig:454:5: 0x7ff69d6d4be3 in test.FP-0111 case 10: lookup selection on G, P, and B_TT (test_zcu.obj)
           try expectSelection(l, .{ .script = "cyrl".*, .features = &.{ "ccmp".*, "smcp".* } }, &masks, .{
           ^
error: 'layout_test.test.FP-0111 case 15: malformed Script, LangSys, and Feature fields reject the selection' failed:
       expected rejected missing_default_lang_sys, got valid
       C:\Users\requi\.omp\wt\te63ab7b1b\m\tests\text\layout_test.zig:58:5: 0x7ff69d6c1e68 in expectRejected__func_1745 (test_zcu.obj)
           return error.TestUnexpectedResult;
           ^
       C:\Users\requi\.omp\wt\te63ab7b1b\m\tests\text\layout_test.zig:656:9: 0x7ff69d6c3bd9 in test.FP-0111 case 15: malformed Script, LangSys, and Feature fields reject the selection (test_zcu.obj)
               try expectRejected(.missing_default_lang_sys, try l.selectLookups(s4_request, .{}, &masks));
               ^
failed command: cd . && ".\\out\\fp0111-mutation\\o\\b6f2348877fe448255d1d37d4b57a518\\test.exe" "--cache-dir=.\\out\\fp0111-mutation" --seed=0xfd18b792 --listen=-

test
+- run test w
FP-0082 case 10: measured stack use 21104 bytes for 1022 terms and 20976 bytes for 1021 parentheses
failed command: cd . && ".\\out\\fp0111-mutation\\o\\7dc578b02198f9e56ddf0c8bdcdb16a1\\test.exe" "--cache-dir=.\\out\\fp0111-mutation" --seed=0xfd18b792 --listen=-

Build Summary: 99/101 steps succeeded (1 failed); 411/413 tests passed (2 failed)
test transitive failure
+- run test 327 pass (327 total) 57s MaxRSS:396M
|  +- compile test debug native success 11s MaxRSS:992M
+- run test 84 pass, 2 fail (86 total)
|  +- compile test debug native success 5s MaxRSS:506M
+- FP-0007 case 13: case 2 passes with exit status 0 success 91ms
|  +- install fairpane-lab success
|     +- compile exe fairpane-lab debug native success 3s MaxRSS:370M
+- FP-0007 case 13: case 3 fails with exit status 1 success 85ms
|  +- install fairpane-lab (+1 more reused dependencies)
+- FP-0007 case 13: case 4 is unsupported with exit status 2 success 89ms
|  +- install fairpane-lab (+1 more reused dependencies)
+- FP-0007 case 13: case 1 is a harness error with exit status 3 success 83ms
|  +- install fairpane-lab (+1 more reused dependencies)
+- FP-0007 case 13: case 8 times out with exit status 4 success 93ms
|  +- install fairpane-lab (+1 more reused dependencies)
+- FP-0007 case 13: an unknown command exits with status 64 and writes no result success 77ms
|  +- install fairpane-lab (+1 more reused dependencies)
+- FP-0008 case 26: case 18 passes with exit status 0 success 82ms
|  +- install fairpane-lab (+1 more reused dependencies)
+- FP-0008 case 26: the token_count variant of case 19 fails with exit status 1 success 86ms
|  +- install fairpane-lab (+1 more reused dependencies)
+- FP-0008 case 26: the <p> case of case 21 is unsupported with exit status 2 success 79ms
|  +- install fairpane-lab (+1 more reused dependencies)
+- FP-0123 case 15 Lab-7: the UTF-16BE tokenize case of Lab-3 passes with exit status 0 success 88ms
|  +- install fairpane-lab (+1 more reused dependencies)
+- FP-0007 case 14: minimize reduces a failing fetch case with a 4096-byte body success 112ms
|  +- install fairpane-lab (+1 more reused dependencies)
+- FP-0007 case 14: the minimized case fails the same check success 37ms
|  +- install fairpane-lab (+1 more reused dependencies)
|  +- FP-0007 case 14: minimize reduces a failing fetch case with a 4096-byte body (+1 more reused dependencies)
+- FP-0007 case 14: the minimized document body is 1-minimal success 41ms
|  +- compile exe fairpane-lab-check debug native success 3s MaxRSS:358M
|  +- FP-0007 case 14: minimize reduces a failing fetch case with a 4096-byte body (+1 more reused dependencies)
+- FP-0007 case 14: minimize refuses a passing case success 93ms
|  +- install fairpane-lab (+1 more reused dependencies)
+- FP-0007 case 14: a refused minimization writes nothing success 53ms
|  +- compile exe fairpane-lab-check debug native (reused)
|  +- FP-0007 case 14: minimize refuses a passing case (+1 more reused dependencies)
+- FP-0054 case 5: minimize refuses an --out path that names the input file through another spelling success 46ms
|  +- install fairpane-lab (+1 more reused dependencies)
|  +- FP-0054 case 5: create a fresh directory success 55ms
|  |  +- compile exe fairpane-lab-check debug native (reused)
|  +- FP-0054 case 5: create a fresh directory (+1 more reused dependencies)
+- FP-0054 case 5: the refused minimization leaves the input unchanged success 64ms
|  +- compile exe fairpane-lab-check debug native (reused)
|  +- FP-0054 case 5: create a fresh directory (+1 more reused dependencies)
|  +- FP-0054 case 5: minimize refuses an --out path that names the input file through another spelling (+3 more reused dependencies)
+- FP-0054 revision 1 case 1: minimize refuses an --out path that is a hard link to the input file success 51ms
|  +- install fairpane-lab (+1 more reused dependencies)
|  +- FP-0054 revision 1 case 1: create a fresh directory success 45ms
|     +- compile exe fairpane-lab-check debug native (reused)
+- FP-0054 revision 1 case 1: the refused command leaves the input unchanged success 64ms
|  +- compile exe fairpane-lab-check debug native (reused)
|  +- FP-0054 revision 1 case 1: create a fresh directory (+1 more reused dependencies)
|  +- FP-0054 revision 1 case 1: minimize refuses an --out path that is a hard link to the input file (+2 more reused dependencies)
+- FP-0054 revision 1 case 2: run refuses a --transcript path that is a hard link to the input file success 47ms
|  +- install fairpane-lab (+1 more reused dependencies)
|  +- FP-0054 revision 1 case 2: create a fresh directory success 47ms
|     +- compile exe fairpane-lab-check debug native (reused)
+- FP-0054 revision 1 case 2: the refused command leaves the input unchanged success 64ms
|  +- compile exe fairpane-lab-check debug native (reused)
|  +- FP-0054 revision 1 case 2: create a fresh directory (+1 more reused dependencies)
|  +- FP-0054 revision 1 case 2: run refuses a --transcript path that is a hard link to the input file (+2 more reused dependencies)
+- FP-0054 revision 1 case 3: minimize refuses an --out path that names the input file in other letter case success 44ms
|  +- install fairpane-lab (+1 more reused dependencies)
|  +- FP-0054 revision 1 case 3: create a fresh directory success 50ms
|     +- compile exe fairpane-lab-check debug native (reused)
+- FP-0054 revision 1 case 3: the refused command leaves the input unchanged success 63ms
|  +- compile exe fairpane-lab-check debug native (reused)
|  +- FP-0054 revision 1 case 3: create a fresh directory (+1 more reused dependencies)
|  +- FP-0054 revision 1 case 3: minimize refuses an --out path that names the input file in other letter case (+2 more reused dependencies)
+- FP-0054 revision 1 case 4: minimize writes over a separate byte-identical copy of the input file success 54ms
|  +- install fairpane-lab (+1 more reused dependencies)
|  +- FP-0054 revision 1 case 4: create a fresh directory success 52ms
|     +- compile exe fairpane-lab-check debug native (reused)
+- FP-0054 revision 1 case 4: the written case is a version 2 case derived from the input digest success 63ms
|  +- compile exe fairpane-lab-check debug native (reused)
|  +- FP-0054 revision 1 case 4: create a fresh directory (+1 more reused dependencies)
|  +- FP-0054 revision 1 case 4: minimize writes over a separate byte-identical copy of the input file (+2 more reused dependencies)
+- FP-0054 revision 1 case 5: run, minimize, and replay report files one byte above the size limit success 168ms
|  +- compile exe fairpane-lab-check debug native (reused)
|  +- FP-0054 revision 1 case 5: create a fresh directory success 45ms
|  |  +- compile exe fairpane-lab-check debug native (reused)
|  +- install fairpane-lab (+1 more reused dependencies)
+- FP-0076 case 3: minimize writes over an existing out.json whose ACL denies read-data access to Everyone success 51ms
|  +- install fairpane-lab (+1 more reused dependencies)
|  +- FP-0076 case 3: create a fresh directory success 50ms
|     +- compile exe fairpane-lab-check debug native (reused)
+- FP-0076 case 3: out.json is a version 2 case derived from the input digest success 44ms
|  +- compile exe fairpane-lab-check debug native (reused)
|  +- FP-0076 case 3: create a fresh directory (+1 more reused dependencies)
|  +- FP-0076 case 3: restore read access to out.json success 64ms
|     +- compile exe fairpane-lab-check debug native (reused)
|     +- FP-0076 case 3: create a fresh directory (+1 more reused dependencies)
|     +- FP-0076 case 3: minimize writes over an existing out.json whose ACL denies read-data access to Everyone (+2 more reused dependencies)
+- FP-0076 case 4: minimize reports the output path out|.json, which cannot be identified success 49ms
|  +- install fairpane-lab (+1 more reused dependencies)
|  +- FP-0076 case 4: create a fresh directory success 53ms
|     +- compile exe fairpane-lab-check debug native (reused)
+- FP-0076 case 4: the directory gains no file success 63ms
|  +- compile exe fairpane-lab-check debug native (reused)
|  +- FP-0076 case 4: create a fresh directory (+1 more reused dependencies)
|  +- FP-0076 case 4: minimize reports the output path out|.json, which cannot be identified (+2 more reused dependencies)
+- FP-0076 case 7: the revision 1 case 5 helper reports failing checks and removes both oversized files success 58ms
|  +- compile exe fairpane-lab-check debug native (reused)
|  +- FP-0076 case 7: create a fresh directory success 44ms
|  |  +- compile exe fairpane-lab-check debug native (reused)
|  +- compile exe fairpane-lab-check debug native (reused)
+- FP-0076 case 7: no file remains after the failing run success 88ms
|  +- compile exe fairpane-lab-check debug native (reused)
|  +- FP-0076 case 7: create a fresh directory (+1 more reused dependencies)
|  +- FP-0076 case 7: the revision 1 case 5 helper reports failing checks and removes both oversized files (+3 more reused dependencies)
+- FP-0011 case 4: leaf_invokes_to_number.zig success 560ms
+- FP-0011 case 4: leaf_invokes_number_to_string.zig success 510ms
+- FP-0011 case 4: allocation_invokes_call.zig success 536ms
+- FP-0011 case 4: leaf_allocates.zig success 512ms
+- FP-0011 case 4: mutation_throws.zig success 500ms
+- FP-0011 case 4: leaf_calls_behavior.zig success 525ms
+- FP-0011 case 4: leaf_positive.zig success 531ms
+- FP-0011 case 5: catalog_callback_alone.zig success 470ms
+- FP-0011 case 5: catalog_exception_alone.zig success 485ms
+- FP-0011 case 5: catalog_duplicate_id.zig success 481ms
+- FP-0011 case 5: kernel_wider_context.zig success 487ms
+- FP-0011 case 5: kernel_undeclared_throw.zig success 476ms
+- FP-0011 case 8: layout_undescribed_field.zig success 383ms
+- FP-0011 case 8: layout_plain_reference.zig success 477ms
+- FP-0011 case 8: layout_missing_field.zig success 503ms
+- FP-0011 case 20: abi_reference_value.zig success 405ms
+- FP-0011 case 20: abi_nan_box_value.zig success 479ms
+- FP-0011 case 20: abi_tagged_index_value.zig success 475ms
+- FP-0011 case 34: leaf_reaches_heap.zig success 492ms
+- FP-0011 case 35: leaf_widens_context.zig success 402ms
+- FP-0011 case 36: binding_missing_kernel.zig success 504ms
+- FP-0011 case 36: binding_stray_kernel.zig success 533ms
+- library-test success
|  +- run test cached
|  |  +- compile test debug native cached 158ms MaxRSS:18M
|  +- FP-0066 case 1: ReleaseSafe libraries built in two directories are byte-identical success 15ms
|  |  +- compile exe fairpane-library-check debug native cached 171ms MaxRSS:18M
|  |  +- archive fairpane.lib safe success 18ms
|  |  |  +- compile obj fairpane_zcu safe native success 3s MaxRSS:177M
|  |  |     +- WriteFile fp0066-tree-a/src success
|  |  +- archive fairpane.lib safe success 19ms
|  |     +- compile obj fairpane_zcu safe native success 3s MaxRSS:177M
|  |        +- WriteFile fp0066-tree-a/src (reused)
|  +- FP-0066 case 2: the ReleaseSafe library contains neither its build directory nor the compiler installation directory success 58ms
|  |  +- compile exe fairpane-library-check debug native (reused)
|  |  +- archive fairpane.lib safe (+1 more reused dependencies)
|  |  +- WriteFile fp0066-tree-a/src (reused)
|  +- FP-0066 case 4: the Debug library keeps debug information that names the absolute source directory success 32ms
|  |  +- compile exe fairpane-library-check debug native (reused)
|  |  +- archive fairpane.lib debug success 19ms
|  |     +- compile obj fairpane_zcu debug native success 2s MaxRSS:270M
|  +- FP-0066 case 5: the ReleaseSafe library's only member is the object, named without a directory success 8ms
|  |  +- compile exe fairpane-library-check debug native (reused)
|  |  +- archive fairpane.lib safe (+1 more reused dependencies)
|  +- FP-0066: every member header of the ReleaseSafe library has a zero time stamp, owner, and group success 10ms
|     +- compile exe fairpane-library-check debug native (reused)
|     +- archive fairpane.lib safe (+1 more reused dependencies)
+- FP-0082 case 16: valid.js exits with status 0 and prints the T9 dump success 39ms
|  +- install fairpane-js-parse success
|     +- compile exe fairpane-js-parse debug native success 3s MaxRSS:347M
|        +- WriteFile src success
+- FP-0082 case 16: syntax.js exits with status 1 and prints its syntax error success 38ms
|  +- install fairpane-js-parse (+1 more reused dependencies)
+- FP-0082 case 16: unsupported.js exits with status 2 and prints its unsupported outcome success 42ms
|  +- install fairpane-js-parse (+1 more reused dependencies)
+- FP-0082 case 16: invalid-utf8.js exits with status 3 success 35ms
|  +- install fairpane-js-parse (+1 more reused dependencies)
+- FP-0082 case 16: a missing path exits with status 3 success 41ms
|  +- install fairpane-js-parse (+1 more reused dependencies)
+- FP-0082 case 16: no arguments exits with status 3 and writes the usage success 40ms
|  +- install fairpane-js-parse (+1 more reused dependencies)
+- FP-0082 case 17: the census of the sound fixture exits with status 0 success 44ms
|  +- install fairpane-js-parse (+1 more reused dependencies)
+- FP-0082 case 17: the census of the unsound fixture exits with status 1 success 45ms
|  +- install fairpane-js-parse (+1 more reused dependencies)
+- FP-0082 case 17: the census refuses an existing output file and exits with status 3 success 42ms
   +- install fairpane-js-parse (+1 more reused dependencies)
   +- WriteFile existing.jsonl cached

error: the following build command exited with code 1:
C:\src\fairpane\.zig-cache\global\o\253f29e51d3f235ff7bb0cfb57b92bf7\maker.exe build --zig-lib=C:\src\fairpane\.tools\zig\0.18.0-dev.120+9fe22a29b\x86_64-windows\lib --zig=C:\src\fairpane\.tools\zig\0.18.0-dev.120+9fe22a29b\x86_64-windows\zig.exe --global-cache=C:\src\fairpane\.zig-cache\global --seed=0xfd18b792 test --summary all --cache-dir out/fp0111-mutation
RESULT {"executable":"C:\\src\\fairpane\\.tools\\zig\\0.18.0-dev.120+9fe22a29b\\x86_64-windows\\zig.exe","arguments":["build","test","--summary","all","--cache-dir","out/fp0111-mutation"],"cwd":"C:\\Users\\requi\\.omp\\wt\\te63ab7b1b\\m","started_at":"2026-10-09T20:39:25.037Z","exit_code":1,"signal":null,"timed_out":false,"error":null,"duration_ms":68910,"environment_overrides":{"ZIG_GLOBAL_CACHE_DIR":"C:\\src\\fairpane\\.zig-cache\\global"}}

COMMAND ["C:\\Program Files\\Git\\cmd\\git.exe","apply","-R","engineering/evidence/FP-0111/raw/mutation-M7.diff"]
RESULT {"executable":"C:\\Program Files\\Git\\cmd\\git.exe","arguments":["apply","-R","engineering/evidence/FP-0111/raw/mutation-M7.diff"],"cwd":"C:\\Users\\requi\\.omp\\wt\\te63ab7b1b\\m","started_at":"2026-10-09T20:40:34.008Z","exit_code":0,"signal":null,"timed_out":false,"error":null,"duration_ms":21}

COMMAND ["C:\\Program Files\\Git\\usr\\bin\\sha256sum.exe","src/font/layout.zig"]
204051dd978a30616ff555af4524003c7f288407904a8b454e390d7e8a2e98f9 *src/font/layout.zig
RESULT {"executable":"C:\\Program Files\\Git\\usr\\bin\\sha256sum.exe","arguments":["src/font/layout.zig"],"cwd":"C:\\Users\\requi\\.omp\\wt\\te63ab7b1b\\m","started_at":"2026-10-09T20:40:34.119Z","exit_code":0,"signal":null,"timed_out":false,"error":null,"duration_ms":14}

COMMAND ["C:\\Program Files\\Git\\usr\\bin\\sha256sum.exe","src/font/layout.zig"]
204051dd978a30616ff555af4524003c7f288407904a8b454e390d7e8a2e98f9 *src/font/layout.zig
RESULT {"executable":"C:\\Program Files\\Git\\usr\\bin\\sha256sum.exe","arguments":["src/font/layout.zig"],"cwd":"C:\\Users\\requi\\.omp\\wt\\te63ab7b1b\\m","started_at":"2026-10-09T20:40:34.196Z","exit_code":0,"signal":null,"timed_out":false,"error":null,"duration_ms":27}

COMMAND ["C:\\Program Files\\Git\\cmd\\git.exe","apply","engineering/evidence/FP-0111/raw/mutation-M8.diff"]
RESULT {"executable":"C:\\Program Files\\Git\\cmd\\git.exe","arguments":["apply","engineering/evidence/FP-0111/raw/mutation-M8.diff"],"cwd":"C:\\Users\\requi\\.omp\\wt\\te63ab7b1b\\m","started_at":"2026-10-09T20:40:34.296Z","exit_code":0,"signal":null,"timed_out":false,"error":null,"duration_ms":64}

COMMAND ["C:\\Program Files\\Git\\usr\\bin\\sha256sum.exe","src/font/layout.zig"]
2417b69eb10a490db2673c1e79f988aed6054632a4fc0cde53cc9911fb2a6114 *src/font/layout.zig
RESULT {"executable":"C:\\Program Files\\Git\\usr\\bin\\sha256sum.exe","arguments":["src/font/layout.zig"],"cwd":"C:\\Users\\requi\\.omp\\wt\\te63ab7b1b\\m","started_at":"2026-10-09T20:40:34.418Z","exit_code":0,"signal":null,"timed_out":false,"error":null,"duration_ms":21}

COMMAND ["C:\\src\\fairpane\\.tools\\zig\\0.18.0-dev.120+9fe22a29b\\x86_64-windows\\zig.exe","build","test","--summary","all","--cache-dir","out/fp0111-mutation"]
test
+- FP-0082 case 16: a missing path exits with status 3 w
fairpane-js-parse: tests/js/parse/missing.js: FileNotFound
failed command: cd . && ".\\zig-out\\bin\\fairpane-js-parse.exe" file tests/js/parse/missing.js

test
+- FP-0082 case 16: invalid-utf8.js exits with status 3 w
fairpane-js-parse: .\tests\js\parse\invalid-utf8.js: InvalidUtf8
failed command: ".\\zig-out\\bin\\fairpane-js-parse.exe" file ".\\tests\\js\\parse\\invalid-utf8.js"

test
+- FP-0082 case 17: the census refuses an existing output file and exits with status 3 w
fairpane-js-parse: census: cannot create .\out\fp0111-mutation\o\0c925f44918d6f5adba948a0455992d0\existing.jsonl: PathAlreadyExists
failed command: ".\\zig-out\\bin\\fairpane-js-parse.exe" census ".\\tests\\js\\census\\sound" ".\\out\\fp0111-mutation\\o\\0c925f44918d6f5adba948a0455992d0\\existing.jsonl"

test
+- run test 85 pass, 1 fail (86 total)
error: 'layout_test.test.FP-0111 case 10: lookup selection on G, P, and B_TT' failed:
       expected .default, found .none
       C:\src\fairpane\.tools\zig\0.18.0-dev.120+9fe22a29b\x86_64-windows\lib\std\testing.zig:93:17: 0x7ff788c403bc in expectEqualInner__func_1821 (test_zcu.obj)
                       return error.TestExpectedEqual;
                       ^
       C:\src\fairpane\.tools\zig\0.18.0-dev.120+9fe22a29b\x86_64-windows\lib\std\testing.zig:57: 0x7ff788c40690 in expectEqual (test_zcu.obj)
           return expectEqualInner(T, expected, actual);
       
       C:\Users\requi\.omp\wt\te63ab7b1b\m\tests\text\layout_test.zig:185:5: 0x7ff788c406f1 in expectSelection (test_zcu.obj)
           try testing.expectEqual(e.lang_sys, s.lang_sys);
           ^
       C:\Users\requi\.omp\wt\te63ab7b1b\m\tests\text\layout_test.zig:447:5: 0x7ff788c44c72 in test.FP-0111 case 10: lookup selection on G, P, and B_TT (test_zcu.obj)
           try expectSelection(l, .{ .script = "arab".*, .language = "FAR ".*, .features = s1_request.features }, &masks, .{
           ^
failed command: cd . && ".\\out\\fp0111-mutation\\o\\daaaa13a5a8bf91cb942f006e98b7739\\test.exe" "--cache-dir=.\\out\\fp0111-mutation" --seed=0x50563ae3 --listen=-

test
+- run test w
FP-0082 case 10: measured stack use 21104 bytes for 1022 terms and 20976 bytes for 1021 parentheses
failed command: cd . && ".\\out\\fp0111-mutation\\o\\d201c189e20f0fb4d85d261607befad3\\test.exe" "--cache-dir=.\\out\\fp0111-mutation" --seed=0x50563ae3 --listen=-

Build Summary: 99/101 steps succeeded (1 failed); 412/413 tests passed (1 failed)
test transitive failure
+- run test 327 pass (327 total) 52s MaxRSS:396M
|  +- compile test debug native success 13s MaxRSS:993M
+- run test 85 pass, 1 fail (86 total)
|  +- compile test debug native success 6s MaxRSS:507M
+- FP-0007 case 13: case 2 passes with exit status 0 success 128ms
|  +- install fairpane-lab success
|     +- compile exe fairpane-lab debug native success 4s MaxRSS:368M
+- FP-0007 case 13: case 3 fails with exit status 1 success 75ms
|  +- install fairpane-lab (+1 more reused dependencies)
+- FP-0007 case 13: case 4 is unsupported with exit status 2 success 127ms
|  +- install fairpane-lab (+1 more reused dependencies)
+- FP-0007 case 13: case 1 is a harness error with exit status 3 success 73ms
|  +- install fairpane-lab (+1 more reused dependencies)
+- FP-0007 case 13: case 8 times out with exit status 4 success 82ms
|  +- install fairpane-lab (+1 more reused dependencies)
+- FP-0007 case 13: an unknown command exits with status 64 and writes no result success 71ms
|  +- install fairpane-lab (+1 more reused dependencies)
+- FP-0008 case 26: case 18 passes with exit status 0 success 77ms
|  +- install fairpane-lab (+1 more reused dependencies)
+- FP-0008 case 26: the token_count variant of case 19 fails with exit status 1 success 79ms
|  +- install fairpane-lab (+1 more reused dependencies)
+- FP-0008 case 26: the <p> case of case 21 is unsupported with exit status 2 success 133ms
|  +- install fairpane-lab (+1 more reused dependencies)
+- FP-0123 case 15 Lab-7: the UTF-16BE tokenize case of Lab-3 passes with exit status 0 success 130ms
|  +- install fairpane-lab (+1 more reused dependencies)
+- FP-0007 case 14: minimize reduces a failing fetch case with a 4096-byte body success 170ms
|  +- install fairpane-lab (+1 more reused dependencies)
+- FP-0007 case 14: the minimized case fails the same check success 17ms
|  +- install fairpane-lab (+1 more reused dependencies)
|  +- FP-0007 case 14: minimize reduces a failing fetch case with a 4096-byte body (+1 more reused dependencies)
+- FP-0007 case 14: the minimized document body is 1-minimal success 23ms
|  +- compile exe fairpane-lab-check debug native success 4s MaxRSS:358M
|  +- FP-0007 case 14: minimize reduces a failing fetch case with a 4096-byte body (+1 more reused dependencies)
+- FP-0007 case 14: minimize refuses a passing case success 135ms
|  +- install fairpane-lab (+1 more reused dependencies)
+- FP-0007 case 14: a refused minimization writes nothing success 49ms
|  +- compile exe fairpane-lab-check debug native (reused)
|  +- FP-0007 case 14: minimize refuses a passing case (+1 more reused dependencies)
+- FP-0054 case 5: minimize refuses an --out path that names the input file through another spelling success 154ms
|  +- install fairpane-lab (+1 more reused dependencies)
|  +- FP-0054 case 5: create a fresh directory success 110ms
|  |  +- compile exe fairpane-lab-check debug native (reused)
|  +- FP-0054 case 5: create a fresh directory (+1 more reused dependencies)
+- FP-0054 case 5: the refused minimization leaves the input unchanged success 21ms
|  +- compile exe fairpane-lab-check debug native (reused)
|  +- FP-0054 case 5: create a fresh directory (+1 more reused dependencies)
|  +- FP-0054 case 5: minimize refuses an --out path that names the input file through another spelling (+3 more reused dependencies)
+- FP-0054 revision 1 case 1: minimize refuses an --out path that is a hard link to the input file success 156ms
|  +- install fairpane-lab (+1 more reused dependencies)
|  +- FP-0054 revision 1 case 1: create a fresh directory success 105ms
|     +- compile exe fairpane-lab-check debug native (reused)
+- FP-0054 revision 1 case 1: the refused command leaves the input unchanged success 21ms
|  +- compile exe fairpane-lab-check debug native (reused)
|  +- FP-0054 revision 1 case 1: create a fresh directory (+1 more reused dependencies)
|  +- FP-0054 revision 1 case 1: minimize refuses an --out path that is a hard link to the input file (+2 more reused dependencies)
+- FP-0054 revision 1 case 2: run refuses a --transcript path that is a hard link to the input file success 154ms
|  +- install fairpane-lab (+1 more reused dependencies)
|  +- FP-0054 revision 1 case 2: create a fresh directory success 108ms
|     +- compile exe fairpane-lab-check debug native (reused)
+- FP-0054 revision 1 case 2: the refused command leaves the input unchanged success 20ms
|  +- compile exe fairpane-lab-check debug native (reused)
|  +- FP-0054 revision 1 case 2: create a fresh directory (+1 more reused dependencies)
|  +- FP-0054 revision 1 case 2: run refuses a --transcript path that is a hard link to the input file (+2 more reused dependencies)
+- FP-0054 revision 1 case 3: minimize refuses an --out path that names the input file in other letter case success 152ms
|  +- install fairpane-lab (+1 more reused dependencies)
|  +- FP-0054 revision 1 case 3: create a fresh directory success 103ms
|     +- compile exe fairpane-lab-check debug native (reused)
+- FP-0054 revision 1 case 3: the refused command leaves the input unchanged success 18ms
|  +- compile exe fairpane-lab-check debug native (reused)
|  +- FP-0054 revision 1 case 3: create a fresh directory (+1 more reused dependencies)
|  +- FP-0054 revision 1 case 3: minimize refuses an --out path that names the input file in other letter case (+2 more reused dependencies)
+- FP-0054 revision 1 case 4: minimize writes over a separate byte-identical copy of the input file success 155ms
|  +- install fairpane-lab (+1 more reused dependencies)
|  +- FP-0054 revision 1 case 4: create a fresh directory success 115ms
|     +- compile exe fairpane-lab-check debug native (reused)
+- FP-0054 revision 1 case 4: the written case is a version 2 case derived from the input digest success 16ms
|  +- compile exe fairpane-lab-check debug native (reused)
|  +- FP-0054 revision 1 case 4: create a fresh directory (+1 more reused dependencies)
|  +- FP-0054 revision 1 case 4: minimize writes over a separate byte-identical copy of the input file (+2 more reused dependencies)
+- FP-0054 revision 1 case 5: run, minimize, and replay report files one byte above the size limit success 202ms
|  +- compile exe fairpane-lab-check debug native (reused)
|  +- FP-0054 revision 1 case 5: create a fresh directory success 103ms
|  |  +- compile exe fairpane-lab-check debug native (reused)
|  +- install fairpane-lab (+1 more reused dependencies)
+- FP-0076 case 3: minimize writes over an existing out.json whose ACL denies read-data access to Everyone success 154ms
|  +- install fairpane-lab (+1 more reused dependencies)
|  +- FP-0076 case 3: create a fresh directory success 104ms
|     +- compile exe fairpane-lab-check debug native (reused)
+- FP-0076 case 3: out.json is a version 2 case derived from the input digest success 9ms
|  +- compile exe fairpane-lab-check debug native (reused)
|  +- FP-0076 case 3: create a fresh directory (+1 more reused dependencies)
|  +- FP-0076 case 3: restore read access to out.json success 21ms
|     +- compile exe fairpane-lab-check debug native (reused)
|     +- FP-0076 case 3: create a fresh directory (+1 more reused dependencies)
|     +- FP-0076 case 3: minimize writes over an existing out.json whose ACL denies read-data access to Everyone (+2 more reused dependencies)
+- FP-0076 case 4: minimize reports the output path out|.json, which cannot be identified success 154ms
|  +- install fairpane-lab (+1 more reused dependencies)
|  +- FP-0076 case 4: create a fresh directory success 112ms
|     +- compile exe fairpane-lab-check debug native (reused)
+- FP-0076 case 4: the directory gains no file success 20ms
|  +- compile exe fairpane-lab-check debug native (reused)
|  +- FP-0076 case 4: create a fresh directory (+1 more reused dependencies)
|  +- FP-0076 case 4: minimize reports the output path out|.json, which cannot be identified (+2 more reused dependencies)
+- FP-0076 case 7: the revision 1 case 5 helper reports failing checks and removes both oversized files success 205ms
|  +- compile exe fairpane-lab-check debug native (reused)
|  +- FP-0076 case 7: create a fresh directory success 105ms
|  |  +- compile exe fairpane-lab-check debug native (reused)
|  +- compile exe fairpane-lab-check debug native (reused)
+- FP-0076 case 7: no file remains after the failing run success 8ms
|  +- compile exe fairpane-lab-check debug native (reused)
|  +- FP-0076 case 7: create a fresh directory (+1 more reused dependencies)
|  +- FP-0076 case 7: the revision 1 case 5 helper reports failing checks and removes both oversized files (+3 more reused dependencies)
+- FP-0011 case 4: leaf_invokes_to_number.zig success 557ms
+- FP-0011 case 4: leaf_invokes_number_to_string.zig success 552ms
+- FP-0011 case 4: allocation_invokes_call.zig success 574ms
+- FP-0011 case 4: leaf_allocates.zig success 526ms
+- FP-0011 case 4: mutation_throws.zig success 435ms
+- FP-0011 case 4: leaf_calls_behavior.zig success 441ms
+- FP-0011 case 4: leaf_positive.zig success 602ms
+- FP-0011 case 5: catalog_callback_alone.zig success 475ms
+- FP-0011 case 5: catalog_exception_alone.zig success 416ms
+- FP-0011 case 5: catalog_duplicate_id.zig success 443ms
+- FP-0011 case 5: kernel_wider_context.zig success 470ms
+- FP-0011 case 5: kernel_undeclared_throw.zig success 465ms
+- FP-0011 case 8: layout_undescribed_field.zig success 453ms
+- FP-0011 case 8: layout_plain_reference.zig success 458ms
+- FP-0011 case 8: layout_missing_field.zig success 552ms
+- FP-0011 case 20: abi_reference_value.zig success 581ms
+- FP-0011 case 20: abi_nan_box_value.zig success 465ms
+- FP-0011 case 20: abi_tagged_index_value.zig success 456ms
+- FP-0011 case 34: leaf_reaches_heap.zig success 545ms
+- FP-0011 case 35: leaf_widens_context.zig success 502ms
+- FP-0011 case 36: binding_missing_kernel.zig success 562ms
+- FP-0011 case 36: binding_stray_kernel.zig success 513ms
+- library-test success
|  +- run test cached
|  |  +- compile test debug native cached 152ms MaxRSS:18M
|  +- FP-0066 case 1: ReleaseSafe libraries built in two directories are byte-identical success 15ms
|  |  +- compile exe fairpane-library-check debug native cached 225ms MaxRSS:19M
|  |  +- archive fairpane.lib safe success 17ms
|  |  |  +- compile obj fairpane_zcu safe native success 4s MaxRSS:177M
|  |  |     +- WriteFile fp0066-tree-a/src success
|  |  +- archive fairpane.lib safe success 18ms
|  |     +- compile obj fairpane_zcu safe native success 4s MaxRSS:177M
|  |        +- WriteFile fp0066-tree-a/src (reused)
|  +- FP-0066 case 2: the ReleaseSafe library contains neither its build directory nor the compiler installation directory success 40ms
|  |  +- compile exe fairpane-library-check debug native (reused)
|  |  +- archive fairpane.lib safe (+1 more reused dependencies)
|  |  +- WriteFile fp0066-tree-a/src (reused)
|  +- FP-0066 case 4: the Debug library keeps debug information that names the absolute source directory success 50ms
|  |  +- compile exe fairpane-library-check debug native (reused)
|  |  +- archive fairpane.lib debug success 69ms
|  |     +- compile obj fairpane_zcu debug native success 3s MaxRSS:267M
|  +- FP-0066 case 5: the ReleaseSafe library's only member is the object, named without a directory success 8ms
|  |  +- compile exe fairpane-library-check debug native (reused)
|  |  +- archive fairpane.lib safe (+1 more reused dependencies)
|  +- FP-0066: every member header of the ReleaseSafe library has a zero time stamp, owner, and group success 7ms
|     +- compile exe fairpane-library-check debug native (reused)
|     +- archive fairpane.lib safe (+1 more reused dependencies)
+- FP-0082 case 16: valid.js exits with status 0 and prints the T9 dump success 61ms
|  +- install fairpane-js-parse success
|     +- compile exe fairpane-js-parse debug native success 4s MaxRSS:345M
|        +- WriteFile src success
+- FP-0082 case 16: syntax.js exits with status 1 and prints its syntax error success 116ms
|  +- install fairpane-js-parse (+1 more reused dependencies)
+- FP-0082 case 16: unsupported.js exits with status 2 and prints its unsupported outcome success 64ms
|  +- install fairpane-js-parse (+1 more reused dependencies)
+- FP-0082 case 16: invalid-utf8.js exits with status 3 success 119ms
|  +- install fairpane-js-parse (+1 more reused dependencies)
+- FP-0082 case 16: a missing path exits with status 3 success 235ms
|  +- install fairpane-js-parse (+1 more reused dependencies)
+- FP-0082 case 16: no arguments exits with status 3 and writes the usage success 62ms
|  +- install fairpane-js-parse (+1 more reused dependencies)
+- FP-0082 case 17: the census of the sound fixture exits with status 0 success 95ms
|  +- install fairpane-js-parse (+1 more reused dependencies)
+- FP-0082 case 17: the census of the unsound fixture exits with status 1 success 121ms
|  +- install fairpane-js-parse (+1 more reused dependencies)
+- FP-0082 case 17: the census refuses an existing output file and exits with status 3 success 64ms
   +- install fairpane-js-parse (+1 more reused dependencies)
   +- WriteFile existing.jsonl cached

error: the following build command exited with code 1:
C:\src\fairpane\.zig-cache\global\o\253f29e51d3f235ff7bb0cfb57b92bf7\maker.exe build --zig-lib=C:\src\fairpane\.tools\zig\0.18.0-dev.120+9fe22a29b\x86_64-windows\lib --zig=C:\src\fairpane\.tools\zig\0.18.0-dev.120+9fe22a29b\x86_64-windows\zig.exe --global-cache=C:\src\fairpane\.zig-cache\global --seed=0x50563ae3 test --summary all --cache-dir out/fp0111-mutation
RESULT {"executable":"C:\\src\\fairpane\\.tools\\zig\\0.18.0-dev.120+9fe22a29b\\x86_64-windows\\zig.exe","arguments":["build","test","--summary","all","--cache-dir","out/fp0111-mutation"],"cwd":"C:\\Users\\requi\\.omp\\wt\\te63ab7b1b\\m","started_at":"2026-10-09T20:40:34.494Z","exit_code":1,"signal":null,"timed_out":false,"error":null,"duration_ms":66012,"environment_overrides":{"ZIG_GLOBAL_CACHE_DIR":"C:\\src\\fairpane\\.zig-cache\\global"}}

COMMAND ["C:\\Program Files\\Git\\cmd\\git.exe","apply","-R","engineering/evidence/FP-0111/raw/mutation-M8.diff"]
RESULT {"executable":"C:\\Program Files\\Git\\cmd\\git.exe","arguments":["apply","-R","engineering/evidence/FP-0111/raw/mutation-M8.diff"],"cwd":"C:\\Users\\requi\\.omp\\wt\\te63ab7b1b\\m","started_at":"2026-10-09T20:41:40.582Z","exit_code":0,"signal":null,"timed_out":false,"error":null,"duration_ms":30}

COMMAND ["C:\\Program Files\\Git\\usr\\bin\\sha256sum.exe","src/font/layout.zig"]
204051dd978a30616ff555af4524003c7f288407904a8b454e390d7e8a2e98f9 *src/font/layout.zig
RESULT {"executable":"C:\\Program Files\\Git\\usr\\bin\\sha256sum.exe","arguments":["src/font/layout.zig"],"cwd":"C:\\Users\\requi\\.omp\\wt\\te63ab7b1b\\m","started_at":"2026-10-09T20:41:40.699Z","exit_code":0,"signal":null,"timed_out":false,"error":null,"duration_ms":20}

COMMAND ["C:\\Program Files\\Git\\usr\\bin\\sha256sum.exe","src/font/layout.zig"]
204051dd978a30616ff555af4524003c7f288407904a8b454e390d7e8a2e98f9 *src/font/layout.zig
RESULT {"executable":"C:\\Program Files\\Git\\usr\\bin\\sha256sum.exe","arguments":["src/font/layout.zig"],"cwd":"C:\\Users\\requi\\.omp\\wt\\te63ab7b1b\\m","started_at":"2026-10-09T20:41:40.808Z","exit_code":0,"signal":null,"timed_out":false,"error":null,"duration_ms":20}

COMMAND ["C:\\Program Files\\Git\\cmd\\git.exe","apply","engineering/evidence/FP-0111/raw/mutation-M9.diff"]
RESULT {"executable":"C:\\Program Files\\Git\\cmd\\git.exe","arguments":["apply","engineering/evidence/FP-0111/raw/mutation-M9.diff"],"cwd":"C:\\Users\\requi\\.omp\\wt\\te63ab7b1b\\m","started_at":"2026-10-09T20:41:40.916Z","exit_code":0,"signal":null,"timed_out":false,"error":null,"duration_ms":29}

COMMAND ["C:\\Program Files\\Git\\usr\\bin\\sha256sum.exe","src/font/layout.zig"]
03121c262bd6a81f0dfb6b9ea2108a68684df3256d489b3e4d748b5911bb4c1a *src/font/layout.zig
RESULT {"executable":"C:\\Program Files\\Git\\usr\\bin\\sha256sum.exe","arguments":["src/font/layout.zig"],"cwd":"C:\\Users\\requi\\.omp\\wt\\te63ab7b1b\\m","started_at":"2026-10-09T20:41:41.022Z","exit_code":0,"signal":null,"timed_out":false,"error":null,"duration_ms":18}

COMMAND ["C:\\src\\fairpane\\.tools\\zig\\0.18.0-dev.120+9fe22a29b\\x86_64-windows\\zig.exe","build","test","--summary","all","--cache-dir","out/fp0111-mutation"]
test
+- FP-0082 case 16: a missing path exits with status 3 w
fairpane-js-parse: tests/js/parse/missing.js: FileNotFound
failed command: cd . && ".\\zig-out\\bin\\fairpane-js-parse.exe" file tests/js/parse/missing.js

test
+- FP-0082 case 16: invalid-utf8.js exits with status 3 w
fairpane-js-parse: .\tests\js\parse\invalid-utf8.js: InvalidUtf8
failed command: ".\\zig-out\\bin\\fairpane-js-parse.exe" file ".\\tests\\js\\parse\\invalid-utf8.js"

test
+- FP-0082 case 17: the census refuses an existing output file and exits with status 3 w
fairpane-js-parse: census: cannot create .\out\fp0111-mutation\o\0c925f44918d6f5adba948a0455992d0\existing.jsonl: PathAlreadyExists
failed command: ".\\zig-out\\bin\\fairpane-js-parse.exe" census ".\\tests\\js\\census\\sound" ".\\out\\fp0111-mutation\\o\\0c925f44918d6f5adba948a0455992d0\\existing.jsonl"

test
+- run test 84 pass, 2 fail (86 total)
error: 'layout_test.test.FP-0111 case 10: lookup selection on G, P, and B_TT' failed:
       mask 0: expected 0x0, got 0x4
       C:\Users\requi\.omp\wt\te63ab7b1b\m\tests\text\layout_test.zig:177:13: 0x7ff7843da875 in expectMasks (test_zcu.obj)
                   return error.TestUnexpectedResult;
                   ^
       C:\Users\requi\.omp\wt\te63ab7b1b\m\tests\text\layout_test.zig:188:5: 0x7ff7843f0b14 in expectSelection (test_zcu.obj)
           try expectMasks(masks[0..l.lookupCount()], e.masks);
           ^
       C:\Users\requi\.omp\wt\te63ab7b1b\m\tests\text\layout_test.zig:442:5: 0x7ff7843f4e51 in test.FP-0111 case 10: lookup selection on G, P, and B_TT (test_zcu.obj)
           try expectSelection(l, .{ .script = "arab".*, .language = "URD ".*, .features = &.{ "init".*, "locl".*, "ccmp".* } }, &masks, .{
           ^
error: 'layout_fixture_test.test.FP-0111 case 25: each fixture's GDEF, GSUB, and GPOS structures equal its version 2 fontTools dump' failed:
       noto-sans gsub .scripts[2].lang_sys[0]: mask 7: expected 0x0, parser 0x8
       C:\Users\requi\.omp\wt\te63ab7b1b\m\tests\text\layout_fixture_test.zig:26:9: 0x7ff784365898 in fail__func_876 (test_zcu.obj)
               return error.TestUnexpectedResult;
               ^
       C:\Users\requi\.omp\wt\te63ab7b1b\m\tests\text\layout_fixture_test.zig:152:21: 0x7ff78432605d in crossCheck (test_zcu.obj)
               if (e != m) return w.fail("mask {d}: expected 0x{x}, parser 0x{x}", .{ i, e, m });
                           ^
       C:\Users\requi\.omp\wt\te63ab7b1b\m\tests\text\layout_fixture_test.zig:196:13: 0x7ff78432a73d in checkLayout (test_zcu.obj)
                   try crossCheck(arena, wr, l, features, tag, .{ .language = language, .lang_sys = r });
                   ^
       C:\Users\requi\.omp\wt\te63ab7b1b\m\tests\text\layout_fixture_test.zig:358:18: 0x7ff7843326a3 in checkFixture (test_zcu.obj)
           const gsub = try checkLayout(arena, .{ .font = f.dir, .table = "gsub", .path = "" }, e.get("gsub").?, parsed.gsub());
                        ^
       C:\Users\requi\.omp\wt\te63ab7b1b\m\tests\text\layout_fixture_test.zig:369:9: 0x7ff784332b7b in test.FP-0111 case 25: each fixture's GDEF, GSUB, and GPOS structures equal its version 2 fontTools dump (test_zcu.obj)
               try checkFixture(arena.allocator(), f);
               ^
failed command: cd . && ".\\out\\fp0111-mutation\\o\\a3cbcc63eb88c60fb909c58481209e6f\\test.exe" "--cache-dir=.\\out\\fp0111-mutation" --seed=0x2febc08a --listen=-

test
+- run test w
FP-0082 case 10: measured stack use 21104 bytes for 1022 terms and 20976 bytes for 1021 parentheses
failed command: cd . && ".\\out\\fp0111-mutation\\o\\13178abda22670406fe7578cbd2ec10c\\test.exe" "--cache-dir=.\\out\\fp0111-mutation" --seed=0x2febc08a --listen=-

Build Summary: 99/101 steps succeeded (1 failed); 411/413 tests passed (2 failed)
test transitive failure
+- run test 327 pass (327 total) 50s MaxRSS:396M
|  +- compile test debug native success 12s MaxRSS:992M
+- run test 84 pass, 2 fail (86 total)
|  +- compile test debug native success 6s MaxRSS:506M
+- FP-0007 case 13: case 2 passes with exit status 0 success 61ms
|  +- install fairpane-lab success
|     +- compile exe fairpane-lab debug native success 4s MaxRSS:370M
+- FP-0007 case 13: case 3 fails with exit status 1 success 63ms
|  +- install fairpane-lab (+1 more reused dependencies)
+- FP-0007 case 13: case 4 is unsupported with exit status 2 success 70ms
|  +- install fairpane-lab (+1 more reused dependencies)
+- FP-0007 case 13: case 1 is a harness error with exit status 3 success 53ms
|  +- install fairpane-lab (+1 more reused dependencies)
+- FP-0007 case 13: case 8 times out with exit status 4 success 68ms
|  +- install fairpane-lab (+1 more reused dependencies)
+- FP-0007 case 13: an unknown command exits with status 64 and writes no result success 64ms
|  +- install fairpane-lab (+1 more reused dependencies)
+- FP-0008 case 26: case 18 passes with exit status 0 success 60ms
|  +- install fairpane-lab (+1 more reused dependencies)
+- FP-0008 case 26: the token_count variant of case 19 fails with exit status 1 success 56ms
|  +- install fairpane-lab (+1 more reused dependencies)
+- FP-0008 case 26: the <p> case of case 21 is unsupported with exit status 2 success 73ms
|  +- install fairpane-lab (+1 more reused dependencies)
+- FP-0123 case 15 Lab-7: the UTF-16BE tokenize case of Lab-3 passes with exit status 0 success 57ms
|  +- install fairpane-lab (+1 more reused dependencies)
+- FP-0007 case 14: minimize reduces a failing fetch case with a 4096-byte body success 118ms
|  +- install fairpane-lab (+1 more reused dependencies)
+- FP-0007 case 14: the minimized case fails the same check success 19ms
|  +- install fairpane-lab (+1 more reused dependencies)
|  +- FP-0007 case 14: minimize reduces a failing fetch case with a 4096-byte body (+1 more reused dependencies)
+- FP-0007 case 14: the minimized document body is 1-minimal success 27ms
|  +- compile exe fairpane-lab-check debug native success 4s MaxRSS:359M
|  +- FP-0007 case 14: minimize reduces a failing fetch case with a 4096-byte body (+1 more reused dependencies)
+- FP-0007 case 14: minimize refuses a passing case success 75ms
|  +- install fairpane-lab (+1 more reused dependencies)
+- FP-0007 case 14: a refused minimization writes nothing success 59ms
|  +- compile exe fairpane-lab-check debug native (reused)
|  +- FP-0007 case 14: minimize refuses a passing case (+1 more reused dependencies)
+- FP-0054 case 5: minimize refuses an --out path that names the input file through another spelling success 61ms
|  +- install fairpane-lab (+1 more reused dependencies)
|  +- FP-0054 case 5: create a fresh directory success 58ms
|  |  +- compile exe fairpane-lab-check debug native (reused)
|  +- FP-0054 case 5: create a fresh directory (+1 more reused dependencies)
+- FP-0054 case 5: the refused minimization leaves the input unchanged success 85ms
|  +- compile exe fairpane-lab-check debug native (reused)
|  +- FP-0054 case 5: create a fresh directory (+1 more reused dependencies)
|  +- FP-0054 case 5: minimize refuses an --out path that names the input file through another spelling (+3 more reused dependencies)
+- FP-0054 revision 1 case 1: minimize refuses an --out path that is a hard link to the input file success 49ms
|  +- install fairpane-lab (+1 more reused dependencies)
|  +- FP-0054 revision 1 case 1: create a fresh directory success 69ms
|     +- compile exe fairpane-lab-check debug native (reused)
+- FP-0054 revision 1 case 1: the refused command leaves the input unchanged success 40ms
|  +- compile exe fairpane-lab-check debug native (reused)
|  +- FP-0054 revision 1 case 1: create a fresh directory (+1 more reused dependencies)
|  +- FP-0054 revision 1 case 1: minimize refuses an --out path that is a hard link to the input file (+2 more reused dependencies)
+- FP-0054 revision 1 case 2: run refuses a --transcript path that is a hard link to the input file success 57ms
|  +- install fairpane-lab (+1 more reused dependencies)
|  +- FP-0054 revision 1 case 2: create a fresh directory success 64ms
|     +- compile exe fairpane-lab-check debug native (reused)
+- FP-0054 revision 1 case 2: the refused command leaves the input unchanged success 41ms
|  +- compile exe fairpane-lab-check debug native (reused)
|  +- FP-0054 revision 1 case 2: create a fresh directory (+1 more reused dependencies)
|  +- FP-0054 revision 1 case 2: run refuses a --transcript path that is a hard link to the input file (+2 more reused dependencies)
+- FP-0054 revision 1 case 3: minimize refuses an --out path that names the input file in other letter case success 63ms
|  +- install fairpane-lab (+1 more reused dependencies)
|  +- FP-0054 revision 1 case 3: create a fresh directory success 65ms
|     +- compile exe fairpane-lab-check debug native (reused)
+- FP-0054 revision 1 case 3: the refused command leaves the input unchanged success 85ms
|  +- compile exe fairpane-lab-check debug native (reused)
|  +- FP-0054 revision 1 case 3: create a fresh directory (+1 more reused dependencies)
|  +- FP-0054 revision 1 case 3: minimize refuses an --out path that names the input file in other letter case (+2 more reused dependencies)
+- FP-0054 revision 1 case 4: minimize writes over a separate byte-identical copy of the input file success 52ms
|  +- install fairpane-lab (+1 more reused dependencies)
|  +- FP-0054 revision 1 case 4: create a fresh directory success 56ms
|     +- compile exe fairpane-lab-check debug native (reused)
+- FP-0054 revision 1 case 4: the written case is a version 2 case derived from the input digest success 41ms
|  +- compile exe fairpane-lab-check debug native (reused)
|  +- FP-0054 revision 1 case 4: create a fresh directory (+1 more reused dependencies)
|  +- FP-0054 revision 1 case 4: minimize writes over a separate byte-identical copy of the input file (+2 more reused dependencies)
+- FP-0054 revision 1 case 5: run, minimize, and replay report files one byte above the size limit success 157ms
|  +- compile exe fairpane-lab-check debug native (reused)
|  +- FP-0054 revision 1 case 5: create a fresh directory success 67ms
|  |  +- compile exe fairpane-lab-check debug native (reused)
|  +- install fairpane-lab (+1 more reused dependencies)
+- FP-0076 case 3: minimize writes over an existing out.json whose ACL denies read-data access to Everyone success 56ms
|  +- install fairpane-lab (+1 more reused dependencies)
|  +- FP-0076 case 3: create a fresh directory success 62ms
|     +- compile exe fairpane-lab-check debug native (reused)
+- FP-0076 case 3: out.json is a version 2 case derived from the input digest success 54ms
|  +- compile exe fairpane-lab-check debug native (reused)
|  +- FP-0076 case 3: create a fresh directory (+1 more reused dependencies)
|  +- FP-0076 case 3: restore read access to out.json success 40ms
|     +- compile exe fairpane-lab-check debug native (reused)
|     +- FP-0076 case 3: create a fresh directory (+1 more reused dependencies)
|     +- FP-0076 case 3: minimize writes over an existing out.json whose ACL denies read-data access to Everyone (+2 more reused dependencies)
+- FP-0076 case 4: minimize reports the output path out|.json, which cannot be identified success 53ms
|  +- install fairpane-lab (+1 more reused dependencies)
|  +- FP-0076 case 4: create a fresh directory success 56ms
|     +- compile exe fairpane-lab-check debug native (reused)
+- FP-0076 case 4: the directory gains no file success 40ms
|  +- compile exe fairpane-lab-check debug native (reused)
|  +- FP-0076 case 4: create a fresh directory (+1 more reused dependencies)
|  +- FP-0076 case 4: minimize reports the output path out|.json, which cannot be identified (+2 more reused dependencies)
+- FP-0076 case 7: the revision 1 case 5 helper reports failing checks and removes both oversized files success 69ms
|  +- compile exe fairpane-lab-check debug native (reused)
|  +- FP-0076 case 7: create a fresh directory success 61ms
|  |  +- compile exe fairpane-lab-check debug native (reused)
|  +- compile exe fairpane-lab-check debug native (reused)
+- FP-0076 case 7: no file remains after the failing run success 86ms
|  +- compile exe fairpane-lab-check debug native (reused)
|  +- FP-0076 case 7: create a fresh directory (+1 more reused dependencies)
|  +- FP-0076 case 7: the revision 1 case 5 helper reports failing checks and removes both oversized files (+3 more reused dependencies)
+- FP-0011 case 4: leaf_invokes_to_number.zig success 782ms
+- FP-0011 case 4: leaf_invokes_number_to_string.zig success 748ms
+- FP-0011 case 4: allocation_invokes_call.zig success 801ms
+- FP-0011 case 4: leaf_allocates.zig success 806ms
+- FP-0011 case 4: mutation_throws.zig success 711ms
+- FP-0011 case 4: leaf_calls_behavior.zig success 661ms
+- FP-0011 case 4: leaf_positive.zig success 868ms
+- FP-0011 case 5: catalog_callback_alone.zig success 748ms
+- FP-0011 case 5: catalog_exception_alone.zig success 681ms
+- FP-0011 case 5: catalog_duplicate_id.zig success 718ms
+- FP-0011 case 5: kernel_wider_context.zig success 752ms
+- FP-0011 case 5: kernel_undeclared_throw.zig success 682ms
+- FP-0011 case 8: layout_undescribed_field.zig success 721ms
+- FP-0011 case 8: layout_plain_reference.zig success 708ms
+- FP-0011 case 8: layout_missing_field.zig success 708ms
+- FP-0011 case 20: abi_reference_value.zig success 722ms
+- FP-0011 case 20: abi_nan_box_value.zig success 684ms
+- FP-0011 case 20: abi_tagged_index_value.zig success 681ms
+- FP-0011 case 34: leaf_reaches_heap.zig success 548ms
+- FP-0011 case 35: leaf_widens_context.zig success 824ms
+- FP-0011 case 36: binding_missing_kernel.zig success 780ms
+- FP-0011 case 36: binding_stray_kernel.zig success 620ms
+- library-test success
|  +- run test cached
|  |  +- compile test debug native cached 50ms MaxRSS:18M
|  +- FP-0066 case 1: ReleaseSafe libraries built in two directories are byte-identical success 16ms
|  |  +- compile exe fairpane-library-check debug native cached 170ms MaxRSS:21M
|  |  +- archive fairpane.lib safe success 16ms
|  |  |  +- compile obj fairpane_zcu safe native success 4s MaxRSS:175M
|  |  |     +- WriteFile fp0066-tree-a/src success
|  |  +- archive fairpane.lib safe success 21ms
|  |     +- compile obj fairpane_zcu safe native success 4s MaxRSS:176M
|  |        +- WriteFile fp0066-tree-a/src (reused)
|  +- FP-0066 case 2: the ReleaseSafe library contains neither its build directory nor the compiler installation directory success 43ms
|  |  +- compile exe fairpane-library-check debug native (reused)
|  |  +- archive fairpane.lib safe (+1 more reused dependencies)
|  |  +- WriteFile fp0066-tree-a/src (reused)
|  +- FP-0066 case 4: the Debug library keeps debug information that names the absolute source directory success 42ms
|  |  +- compile exe fairpane-library-check debug native (reused)
|  |  +- archive fairpane.lib debug success 27ms
|  |     +- compile obj fairpane_zcu debug native success 2s MaxRSS:271M
|  +- FP-0066 case 5: the ReleaseSafe library's only member is the object, named without a directory success 10ms
|  |  +- compile exe fairpane-library-check debug native (reused)
|  |  +- archive fairpane.lib safe (+1 more reused dependencies)
|  +- FP-0066: every member header of the ReleaseSafe library has a zero time stamp, owner, and group success 6ms
|     +- compile exe fairpane-library-check debug native (reused)
|     +- archive fairpane.lib safe (+1 more reused dependencies)
+- FP-0082 case 16: valid.js exits with status 0 and prints the T9 dump success 51ms
|  +- install fairpane-js-parse success
|     +- compile exe fairpane-js-parse debug native success 3s MaxRSS:344M
|        +- WriteFile src success
+- FP-0082 case 16: syntax.js exits with status 1 and prints its syntax error success 43ms
|  +- install fairpane-js-parse (+1 more reused dependencies)
+- FP-0082 case 16: unsupported.js exits with status 2 and prints its unsupported outcome success 47ms
|  +- install fairpane-js-parse (+1 more reused dependencies)
+- FP-0082 case 16: invalid-utf8.js exits with status 3 success 48ms
|  +- install fairpane-js-parse (+1 more reused dependencies)
+- FP-0082 case 16: a missing path exits with status 3 success 47ms
|  +- install fairpane-js-parse (+1 more reused dependencies)
+- FP-0082 case 16: no arguments exits with status 3 and writes the usage success 43ms
|  +- install fairpane-js-parse (+1 more reused dependencies)
+- FP-0082 case 17: the census of the sound fixture exits with status 0 success 56ms
|  +- install fairpane-js-parse (+1 more reused dependencies)
+- FP-0082 case 17: the census of the unsound fixture exits with status 1 success 57ms
|  +- install fairpane-js-parse (+1 more reused dependencies)
+- FP-0082 case 17: the census refuses an existing output file and exits with status 3 success 51ms
   +- install fairpane-js-parse (+1 more reused dependencies)
   +- WriteFile existing.jsonl cached

error: the following build command exited with code 1:
C:\src\fairpane\.zig-cache\global\o\253f29e51d3f235ff7bb0cfb57b92bf7\maker.exe build --zig-lib=C:\src\fairpane\.tools\zig\0.18.0-dev.120+9fe22a29b\x86_64-windows\lib --zig=C:\src\fairpane\.tools\zig\0.18.0-dev.120+9fe22a29b\x86_64-windows\zig.exe --global-cache=C:\src\fairpane\.zig-cache\global --seed=0x2febc08a test --summary all --cache-dir out/fp0111-mutation
RESULT {"executable":"C:\\src\\fairpane\\.tools\\zig\\0.18.0-dev.120+9fe22a29b\\x86_64-windows\\zig.exe","arguments":["build","test","--summary","all","--cache-dir","out/fp0111-mutation"],"cwd":"C:\\Users\\requi\\.omp\\wt\\te63ab7b1b\\m","started_at":"2026-10-09T20:41:41.133Z","exit_code":1,"signal":null,"timed_out":false,"error":null,"duration_ms":63571,"environment_overrides":{"ZIG_GLOBAL_CACHE_DIR":"C:\\src\\fairpane\\.zig-cache\\global"}}

COMMAND ["C:\\Program Files\\Git\\cmd\\git.exe","apply","-R","engineering/evidence/FP-0111/raw/mutation-M9.diff"]
RESULT {"executable":"C:\\Program Files\\Git\\cmd\\git.exe","arguments":["apply","-R","engineering/evidence/FP-0111/raw/mutation-M9.diff"],"cwd":"C:\\Users\\requi\\.omp\\wt\\te63ab7b1b\\m","started_at":"2026-10-09T20:42:44.764Z","exit_code":0,"signal":null,"timed_out":false,"error":null,"duration_ms":23}

COMMAND ["C:\\Program Files\\Git\\usr\\bin\\sha256sum.exe","src/font/layout.zig"]
204051dd978a30616ff555af4524003c7f288407904a8b454e390d7e8a2e98f9 *src/font/layout.zig
RESULT {"executable":"C:\\Program Files\\Git\\usr\\bin\\sha256sum.exe","arguments":["src/font/layout.zig"],"cwd":"C:\\Users\\requi\\.omp\\wt\\te63ab7b1b\\m","started_at":"2026-10-09T20:42:44.902Z","exit_code":0,"signal":null,"timed_out":false,"error":null,"duration_ms":14}

COMMAND ["C:\\Program Files\\Git\\usr\\bin\\sha256sum.exe","src/font/layout.zig"]
204051dd978a30616ff555af4524003c7f288407904a8b454e390d7e8a2e98f9 *src/font/layout.zig
RESULT {"executable":"C:\\Program Files\\Git\\usr\\bin\\sha256sum.exe","arguments":["src/font/layout.zig"],"cwd":"C:\\Users\\requi\\.omp\\wt\\te63ab7b1b\\m","started_at":"2026-10-09T20:42:44.978Z","exit_code":0,"signal":null,"timed_out":false,"error":null,"duration_ms":15}

COMMAND ["C:\\Program Files\\Git\\cmd\\git.exe","apply","engineering/evidence/FP-0111/raw/mutation-M10.diff"]
RESULT {"executable":"C:\\Program Files\\Git\\cmd\\git.exe","arguments":["apply","engineering/evidence/FP-0111/raw/mutation-M10.diff"],"cwd":"C:\\Users\\requi\\.omp\\wt\\te63ab7b1b\\m","started_at":"2026-10-09T20:42:45.054Z","exit_code":0,"signal":null,"timed_out":false,"error":null,"duration_ms":24}

COMMAND ["C:\\Program Files\\Git\\usr\\bin\\sha256sum.exe","src/font/layout.zig"]
fca155ab21a4cfff0a21d28b45e5b5977096a9b6e0babf22097b50d14345d14f *src/font/layout.zig
RESULT {"executable":"C:\\Program Files\\Git\\usr\\bin\\sha256sum.exe","arguments":["src/font/layout.zig"],"cwd":"C:\\Users\\requi\\.omp\\wt\\te63ab7b1b\\m","started_at":"2026-10-09T20:42:45.140Z","exit_code":0,"signal":null,"timed_out":false,"error":null,"duration_ms":15}

COMMAND ["C:\\src\\fairpane\\.tools\\zig\\0.18.0-dev.120+9fe22a29b\\x86_64-windows\\zig.exe","build","test","--summary","all","--cache-dir","out/fp0111-mutation"]
test
+- FP-0082 case 16: a missing path exits with status 3 w
fairpane-js-parse: tests/js/parse/missing.js: FileNotFound
failed command: cd . && ".\\zig-out\\bin\\fairpane-js-parse.exe" file tests/js/parse/missing.js

test
+- FP-0082 case 16: invalid-utf8.js exits with status 3 w
fairpane-js-parse: .\tests\js\parse\invalid-utf8.js: InvalidUtf8
failed command: ".\\zig-out\\bin\\fairpane-js-parse.exe" file ".\\tests\\js\\parse\\invalid-utf8.js"

test
+- FP-0082 case 17: the census refuses an existing output file and exits with status 3 w
fairpane-js-parse: census: cannot create .\out\fp0111-mutation\o\0c925f44918d6f5adba948a0455992d0\existing.jsonl: PathAlreadyExists
failed command: ".\\zig-out\\bin\\fairpane-js-parse.exe" census ".\\tests\\js\\census\\sound" ".\\out\\fp0111-mutation\\o\\0c925f44918d6f5adba948a0455992d0\\existing.jsonl"

test
+- run test 81 pass, 5 fail (86 total)
error: 'layout_test.test.FP-0111 case 7: the chapter2 script examples, with DFLT and default LangSys fallback' failed:
       mask 3: expected 0x8000000000000000, got 0x0
       C:\Users\requi\.omp\wt\te63ab7b1b\m\tests\text\layout_test.zig:177:13: 0x7ff60f89a335 in expectMasks (test_zcu.obj)
                   return error.TestUnexpectedResult;
                   ^
       C:\Users\requi\.omp\wt\te63ab7b1b\m\tests\text\layout_test.zig:188:5: 0x7ff60f8b05d4 in expectSelection (test_zcu.obj)
           try expectMasks(masks[0..l.lookupCount()], e.masks);
           ^
       C:\Users\requi\.omp\wt\te63ab7b1b\m\tests\text\layout_test.zig:358:9: 0x7ff60f8b890d in test.FP-0111 case 7: the chapter2 script examples, with DFLT and default LangSys fallback (test_zcu.obj)
               try expectSelection(l, .{ .script = "arab".*, .language = "URD ".*, .features = &isolated }, &masks, .{
               ^
error: 'layout_test.test.FP-0111 case 10: lookup selection on G, P, and B_TT' failed:
       mask 2: expected 0x8000000000000002, got 0x2
       C:\Users\requi\.omp\wt\te63ab7b1b\m\tests\text\layout_test.zig:177:13: 0x7ff60f89a335 in expectMasks (test_zcu.obj)
                   return error.TestUnexpectedResult;
                   ^
       C:\Users\requi\.omp\wt\te63ab7b1b\m\tests\text\layout_test.zig:188:5: 0x7ff60f8b05d4 in expectSelection (test_zcu.obj)
           try expectMasks(masks[0..l.lookupCount()], e.masks);
           ^
       C:\Users\requi\.omp\wt\te63ab7b1b\m\tests\text\layout_test.zig:434:5: 0x7ff60f8b47cf in test.FP-0111 case 10: lookup selection on G, P, and B_TT (test_zcu.obj)
           try expectSelection(l, s1_request, &masks, .{ .script = "arab".*, .lang_sys = .default, .required = 5, .masks = &s1_masks });
           ^
error: 'layout_test.test.FP-0111 case 11: selection errors and a 63-tag request' failed:
       mask 2: expected 0x8000000000000000, got 0x0
       C:\Users\requi\.omp\wt\te63ab7b1b\m\tests\text\layout_test.zig:177:13: 0x7ff60f89a335 in expectMasks (test_zcu.obj)
                   return error.TestUnexpectedResult;
                   ^
       C:\Users\requi\.omp\wt\te63ab7b1b\m\tests\text\layout_test.zig:188:5: 0x7ff60f8b05d4 in expectSelection (test_zcu.obj)
           try expectMasks(masks[0..l.lookupCount()], e.masks);
           ^
       C:\Users\requi\.omp\wt\te63ab7b1b\m\tests\text\layout_test.zig:502:5: 0x7ff60f8b2915 in test.FP-0111 case 11: selection errors and a 63-tag request (test_zcu.obj)
           try expectSelection(l, .{ .script = "arab".*, .features = too_many[0..63] }, &masks, .{
           ^
error: 'layout_test.test.FP-0111 case 12: a FeatureVariations table is reported, and the default lookups are selected' failed:
       mask 2: expected 0x8000000000000002, got 0x2
       C:\Users\requi\.omp\wt\te63ab7b1b\m\tests\text\layout_test.zig:177:13: 0x7ff60f89a335 in expectMasks (test_zcu.obj)
                   return error.TestUnexpectedResult;
                   ^
       C:\Users\requi\.omp\wt\te63ab7b1b\m\tests\text\layout_test.zig:188:5: 0x7ff60f8b05d4 in expectSelection (test_zcu.obj)
           try expectMasks(masks[0..l.lookupCount()], e.masks);
           ^
       C:\Users\requi\.omp\wt\te63ab7b1b\m\tests\text\layout_test.zig:519:5: 0x7ff60f8b0adf in test.FP-0111 case 12: a FeatureVariations table is reported, and the default lookups are selected (test_zcu.obj)
           try expectSelection(l, s1_request, &masks, .{ .script = "arab".*, .lang_sys = .default, .required = 5, .masks = &s1_masks, .feature_variations = true });
           ^
error: 'layout_test.test.FP-0111 case 17: selection work is counted and limited' failed:
       mask 2: expected 0x8000000000000002, got 0x2
       C:\Users\requi\.omp\wt\te63ab7b1b\m\tests\text\layout_test.zig:177:13: 0x7ff60f89a335 in expectMasks (test_zcu.obj)
                   return error.TestUnexpectedResult;
                   ^
       C:\Users\requi\.omp\wt\te63ab7b1b\m\tests\text\layout_test.zig:790:9: 0x7ff60f89afa7 in test.FP-0111 case 17: selection work is counted and limited (test_zcu.obj)
               try expectMasks(&masks, &s1_masks);
               ^
failed command: cd . && ".\\out\\fp0111-mutation\\o\\025f1d07b108d5c465a5c533324004bd\\test.exe" "--cache-dir=.\\out\\fp0111-mutation" --seed=0x132c6dd3 --listen=-

test
+- run test w
FP-0082 case 10: measured stack use 21104 bytes for 1022 terms and 20976 bytes for 1021 parentheses
failed command: cd . && ".\\out\\fp0111-mutation\\o\\d9bc50e7fc999a0edebde82c2778eb46\\test.exe" "--cache-dir=.\\out\\fp0111-mutation" --seed=0x132c6dd3 --listen=-

Build Summary: 99/101 steps succeeded (1 failed); 408/413 tests passed (5 failed)
test transitive failure
+- run test 327 pass (327 total) 51s MaxRSS:396M
|  +- compile test debug native success 11s MaxRSS:991M
+- run test 81 pass, 5 fail (86 total)
|  +- compile test debug native success 5s MaxRSS:506M
+- FP-0007 case 13: case 2 passes with exit status 0 success 70ms
|  +- install fairpane-lab success
|     +- compile exe fairpane-lab debug native success 3s MaxRSS:368M
+- FP-0007 case 13: case 3 fails with exit status 1 success 54ms
|  +- install fairpane-lab (+1 more reused dependencies)
+- FP-0007 case 13: case 4 is unsupported with exit status 2 success 74ms
|  +- install fairpane-lab (+1 more reused dependencies)
+- FP-0007 case 13: case 1 is a harness error with exit status 3 success 69ms
|  +- install fairpane-lab (+1 more reused dependencies)
+- FP-0007 case 13: case 8 times out with exit status 4 success 72ms
|  +- install fairpane-lab (+1 more reused dependencies)
+- FP-0007 case 13: an unknown command exits with status 64 and writes no result success 66ms
|  +- install fairpane-lab (+1 more reused dependencies)
+- FP-0008 case 26: case 18 passes with exit status 0 success 73ms
|  +- install fairpane-lab (+1 more reused dependencies)
+- FP-0008 case 26: the token_count variant of case 19 fails with exit status 1 success 66ms
|  +- install fairpane-lab (+1 more reused dependencies)
+- FP-0008 case 26: the <p> case of case 21 is unsupported with exit status 2 success 64ms
|  +- install fairpane-lab (+1 more reused dependencies)
+- FP-0123 case 15 Lab-7: the UTF-16BE tokenize case of Lab-3 passes with exit status 0 success 76ms
|  +- install fairpane-lab (+1 more reused dependencies)
+- FP-0007 case 14: minimize reduces a failing fetch case with a 4096-byte body success 110ms
|  +- install fairpane-lab (+1 more reused dependencies)
+- FP-0007 case 14: the minimized case fails the same check success 26ms
|  +- install fairpane-lab (+1 more reused dependencies)
|  +- FP-0007 case 14: minimize reduces a failing fetch case with a 4096-byte body (+1 more reused dependencies)
+- FP-0007 case 14: the minimized document body is 1-minimal success 30ms
|  +- compile exe fairpane-lab-check debug native success 3s MaxRSS:358M
|  +- FP-0007 case 14: minimize reduces a failing fetch case with a 4096-byte body (+1 more reused dependencies)
+- FP-0007 case 14: minimize refuses a passing case success 78ms
|  +- install fairpane-lab (+1 more reused dependencies)
+- FP-0007 case 14: a refused minimization writes nothing success 53ms
|  +- compile exe fairpane-lab-check debug native (reused)
|  +- FP-0007 case 14: minimize refuses a passing case (+1 more reused dependencies)
+- FP-0054 case 5: minimize refuses an --out path that names the input file through another spelling success 63ms
|  +- install fairpane-lab (+1 more reused dependencies)
|  +- FP-0054 case 5: create a fresh directory success 52ms
|  |  +- compile exe fairpane-lab-check debug native (reused)
|  +- FP-0054 case 5: create a fresh directory (+1 more reused dependencies)
+- FP-0054 case 5: the refused minimization leaves the input unchanged success 26ms
|  +- compile exe fairpane-lab-check debug native (reused)
|  +- FP-0054 case 5: create a fresh directory (+1 more reused dependencies)
|  +- FP-0054 case 5: minimize refuses an --out path that names the input file through another spelling (+3 more reused dependencies)
+- FP-0054 revision 1 case 1: minimize refuses an --out path that is a hard link to the input file success 71ms
|  +- install fairpane-lab (+1 more reused dependencies)
|  +- FP-0054 revision 1 case 1: create a fresh directory success 46ms
|     +- compile exe fairpane-lab-check debug native (reused)
+- FP-0054 revision 1 case 1: the refused command leaves the input unchanged success 25ms
|  +- compile exe fairpane-lab-check debug native (reused)
|  +- FP-0054 revision 1 case 1: create a fresh directory (+1 more reused dependencies)
|  +- FP-0054 revision 1 case 1: minimize refuses an --out path that is a hard link to the input file (+2 more reused dependencies)
+- FP-0054 revision 1 case 2: run refuses a --transcript path that is a hard link to the input file success 67ms
|  +- install fairpane-lab (+1 more reused dependencies)
|  +- FP-0054 revision 1 case 2: create a fresh directory success 59ms
|     +- compile exe fairpane-lab-check debug native (reused)
+- FP-0054 revision 1 case 2: the refused command leaves the input unchanged success 27ms
|  +- compile exe fairpane-lab-check debug native (reused)
|  +- FP-0054 revision 1 case 2: create a fresh directory (+1 more reused dependencies)
|  +- FP-0054 revision 1 case 2: run refuses a --transcript path that is a hard link to the input file (+2 more reused dependencies)
+- FP-0054 revision 1 case 3: minimize refuses an --out path that names the input file in other letter case success 12ms
|  +- install fairpane-lab (+1 more reused dependencies)
|  +- FP-0054 revision 1 case 3: create a fresh directory success 56ms
|     +- compile exe fairpane-lab-check debug native (reused)
+- FP-0054 revision 1 case 3: the refused command leaves the input unchanged success 49ms
|  +- compile exe fairpane-lab-check debug native (reused)
|  +- FP-0054 revision 1 case 3: create a fresh directory (+1 more reused dependencies)
|  +- FP-0054 revision 1 case 3: minimize refuses an --out path that names the input file in other letter case (+2 more reused dependencies)
+- FP-0054 revision 1 case 4: minimize writes over a separate byte-identical copy of the input file success 65ms
|  +- install fairpane-lab (+1 more reused dependencies)
|  +- FP-0054 revision 1 case 4: create a fresh directory success 48ms
|     +- compile exe fairpane-lab-check debug native (reused)
+- FP-0054 revision 1 case 4: the written case is a version 2 case derived from the input digest success 25ms
|  +- compile exe fairpane-lab-check debug native (reused)
|  +- FP-0054 revision 1 case 4: create a fresh directory (+1 more reused dependencies)
|  +- FP-0054 revision 1 case 4: minimize writes over a separate byte-identical copy of the input file (+2 more reused dependencies)
+- FP-0054 revision 1 case 5: run, minimize, and replay report files one byte above the size limit success 152ms
|  +- compile exe fairpane-lab-check debug native (reused)
|  +- FP-0054 revision 1 case 5: create a fresh directory success 45ms
|  |  +- compile exe fairpane-lab-check debug native (reused)
|  +- install fairpane-lab (+1 more reused dependencies)
+- FP-0076 case 3: minimize writes over an existing out.json whose ACL denies read-data access to Everyone success 72ms
|  +- install fairpane-lab (+1 more reused dependencies)
|  +- FP-0076 case 3: create a fresh directory success 56ms
|     +- compile exe fairpane-lab-check debug native (reused)
+- FP-0076 case 3: out.json is a version 2 case derived from the input digest success 47ms
|  +- compile exe fairpane-lab-check debug native (reused)
|  +- FP-0076 case 3: create a fresh directory (+1 more reused dependencies)
|  +- FP-0076 case 3: restore read access to out.json success 25ms
|     +- compile exe fairpane-lab-check debug native (reused)
|     +- FP-0076 case 3: create a fresh directory (+1 more reused dependencies)
|     +- FP-0076 case 3: minimize writes over an existing out.json whose ACL denies read-data access to Everyone (+2 more reused dependencies)
+- FP-0076 case 4: minimize reports the output path out|.json, which cannot be identified success 65ms
|  +- install fairpane-lab (+1 more reused dependencies)
|  +- FP-0076 case 4: create a fresh directory success 48ms
|     +- compile exe fairpane-lab-check debug native (reused)
+- FP-0076 case 4: the directory gains no file success 26ms
|  +- compile exe fairpane-lab-check debug native (reused)
|  +- FP-0076 case 4: create a fresh directory (+1 more reused dependencies)
|  +- FP-0076 case 4: minimize reports the output path out|.json, which cannot be identified (+2 more reused dependencies)
+- FP-0076 case 7: the revision 1 case 5 helper reports failing checks and removes both oversized files success 66ms
|  +- compile exe fairpane-lab-check debug native (reused)
|  +- FP-0076 case 7: create a fresh directory success 50ms
|  |  +- compile exe fairpane-lab-check debug native (reused)
|  +- compile exe fairpane-lab-check debug native (reused)
+- FP-0076 case 7: no file remains after the failing run success 39ms
|  +- compile exe fairpane-lab-check debug native (reused)
|  +- FP-0076 case 7: create a fresh directory (+1 more reused dependencies)
|  +- FP-0076 case 7: the revision 1 case 5 helper reports failing checks and removes both oversized files (+3 more reused dependencies)
+- FP-0011 case 4: leaf_invokes_to_number.zig success 575ms
+- FP-0011 case 4: leaf_invokes_number_to_string.zig success 612ms
+- FP-0011 case 4: allocation_invokes_call.zig success 511ms
+- FP-0011 case 4: leaf_allocates.zig success 458ms
+- FP-0011 case 4: mutation_throws.zig success 502ms
+- FP-0011 case 4: leaf_calls_behavior.zig success 507ms
+- FP-0011 case 4: leaf_positive.zig success 522ms
+- FP-0011 case 5: catalog_callback_alone.zig success 455ms
+- FP-0011 case 5: catalog_exception_alone.zig success 531ms
+- FP-0011 case 5: catalog_duplicate_id.zig success 540ms
+- FP-0011 case 5: kernel_wider_context.zig success 436ms
+- FP-0011 case 5: kernel_undeclared_throw.zig success 508ms
+- FP-0011 case 8: layout_undescribed_field.zig success 453ms
+- FP-0011 case 8: layout_plain_reference.zig success 433ms
+- FP-0011 case 8: layout_missing_field.zig success 425ms
+- FP-0011 case 20: abi_reference_value.zig success 427ms
+- FP-0011 case 20: abi_nan_box_value.zig success 478ms
+- FP-0011 case 20: abi_tagged_index_value.zig success 538ms
+- FP-0011 case 34: leaf_reaches_heap.zig success 496ms
+- FP-0011 case 35: leaf_widens_context.zig success 396ms
+- FP-0011 case 36: binding_missing_kernel.zig success 437ms
+- FP-0011 case 36: binding_stray_kernel.zig success 436ms
+- library-test success
|  +- run test cached
|  |  +- compile test debug native cached 88ms MaxRSS:20M
|  +- FP-0066 case 1: ReleaseSafe libraries built in two directories are byte-identical success 10ms
|  |  +- compile exe fairpane-library-check debug native cached 92ms MaxRSS:21M
|  |  +- archive fairpane.lib safe success 17ms
|  |  |  +- compile obj fairpane_zcu safe native success 3s MaxRSS:175M
|  |  |     +- WriteFile fp0066-tree-a/src success
|  |  +- archive fairpane.lib safe success 16ms
|  |     +- compile obj fairpane_zcu safe native success 3s MaxRSS:177M
|  |        +- WriteFile fp0066-tree-a/src (reused)
|  +- FP-0066 case 2: the ReleaseSafe library contains neither its build directory nor the compiler installation directory success 36ms
|  |  +- compile exe fairpane-library-check debug native (reused)
|  |  +- archive fairpane.lib safe (+1 more reused dependencies)
|  |  +- WriteFile fp0066-tree-a/src (reused)
|  +- FP-0066 case 4: the Debug library keeps debug information that names the absolute source directory success 32ms
|  |  +- compile exe fairpane-library-check debug native (reused)
|  |  +- archive fairpane.lib debug success 19ms
|  |     +- compile obj fairpane_zcu debug native success 2s MaxRSS:271M
|  +- FP-0066 case 5: the ReleaseSafe library's only member is the object, named without a directory success 8ms
|  |  +- compile exe fairpane-library-check debug native (reused)
|  |  +- archive fairpane.lib safe (+1 more reused dependencies)
|  +- FP-0066: every member header of the ReleaseSafe library has a zero time stamp, owner, and group success 7ms
|     +- compile exe fairpane-library-check debug native (reused)
|     +- archive fairpane.lib safe (+1 more reused dependencies)
+- FP-0082 case 16: valid.js exits with status 0 and prints the T9 dump success 42ms
|  +- install fairpane-js-parse success
|     +- compile exe fairpane-js-parse debug native success 3s MaxRSS:341M
|        +- WriteFile src success
+- FP-0082 case 16: syntax.js exits with status 1 and prints its syntax error success 37ms
|  +- install fairpane-js-parse (+1 more reused dependencies)
+- FP-0082 case 16: unsupported.js exits with status 2 and prints its unsupported outcome success 39ms
|  +- install fairpane-js-parse (+1 more reused dependencies)
+- FP-0082 case 16: invalid-utf8.js exits with status 3 success 42ms
|  +- install fairpane-js-parse (+1 more reused dependencies)
+- FP-0082 case 16: a missing path exits with status 3 success 42ms
|  +- install fairpane-js-parse (+1 more reused dependencies)
+- FP-0082 case 16: no arguments exits with status 3 and writes the usage success 38ms
|  +- install fairpane-js-parse (+1 more reused dependencies)
+- FP-0082 case 17: the census of the sound fixture exits with status 0 success 44ms
|  +- install fairpane-js-parse (+1 more reused dependencies)
+- FP-0082 case 17: the census of the unsound fixture exits with status 1 success 46ms
|  +- install fairpane-js-parse (+1 more reused dependencies)
+- FP-0082 case 17: the census refuses an existing output file and exits with status 3 success 43ms
   +- install fairpane-js-parse (+1 more reused dependencies)
   +- WriteFile existing.jsonl cached

error: the following build command exited with code 1:
C:\src\fairpane\.zig-cache\global\o\253f29e51d3f235ff7bb0cfb57b92bf7\maker.exe build --zig-lib=C:\src\fairpane\.tools\zig\0.18.0-dev.120+9fe22a29b\x86_64-windows\lib --zig=C:\src\fairpane\.tools\zig\0.18.0-dev.120+9fe22a29b\x86_64-windows\zig.exe --global-cache=C:\src\fairpane\.zig-cache\global --seed=0x132c6dd3 test --summary all --cache-dir out/fp0111-mutation
RESULT {"executable":"C:\\src\\fairpane\\.tools\\zig\\0.18.0-dev.120+9fe22a29b\\x86_64-windows\\zig.exe","arguments":["build","test","--summary","all","--cache-dir","out/fp0111-mutation"],"cwd":"C:\\Users\\requi\\.omp\\wt\\te63ab7b1b\\m","started_at":"2026-10-09T20:42:45.214Z","exit_code":1,"signal":null,"timed_out":false,"error":null,"duration_ms":63372,"environment_overrides":{"ZIG_GLOBAL_CACHE_DIR":"C:\\src\\fairpane\\.zig-cache\\global"}}

COMMAND ["C:\\Program Files\\Git\\cmd\\git.exe","apply","-R","engineering/evidence/FP-0111/raw/mutation-M10.diff"]
RESULT {"executable":"C:\\Program Files\\Git\\cmd\\git.exe","arguments":["apply","-R","engineering/evidence/FP-0111/raw/mutation-M10.diff"],"cwd":"C:\\Users\\requi\\.omp\\wt\\te63ab7b1b\\m","started_at":"2026-10-09T20:43:48.655Z","exit_code":0,"signal":null,"timed_out":false,"error":null,"duration_ms":28}

COMMAND ["C:\\Program Files\\Git\\usr\\bin\\sha256sum.exe","src/font/layout.zig"]
204051dd978a30616ff555af4524003c7f288407904a8b454e390d7e8a2e98f9 *src/font/layout.zig
RESULT {"executable":"C:\\Program Files\\Git\\usr\\bin\\sha256sum.exe","arguments":["src/font/layout.zig"],"cwd":"C:\\Users\\requi\\.omp\\wt\\te63ab7b1b\\m","started_at":"2026-10-09T20:43:48.754Z","exit_code":0,"signal":null,"timed_out":false,"error":null,"duration_ms":19}

COMMAND ["C:\\Program Files\\Git\\usr\\bin\\sha256sum.exe","src/font/layout.zig"]
204051dd978a30616ff555af4524003c7f288407904a8b454e390d7e8a2e98f9 *src/font/layout.zig
RESULT {"executable":"C:\\Program Files\\Git\\usr\\bin\\sha256sum.exe","arguments":["src/font/layout.zig"],"cwd":"C:\\Users\\requi\\.omp\\wt\\te63ab7b1b\\m","started_at":"2026-10-09T20:43:48.850Z","exit_code":0,"signal":null,"timed_out":false,"error":null,"duration_ms":15}

COMMAND ["C:\\Program Files\\Git\\cmd\\git.exe","apply","engineering/evidence/FP-0111/raw/mutation-M11.diff"]
RESULT {"executable":"C:\\Program Files\\Git\\cmd\\git.exe","arguments":["apply","engineering/evidence/FP-0111/raw/mutation-M11.diff"],"cwd":"C:\\Users\\requi\\.omp\\wt\\te63ab7b1b\\m","started_at":"2026-10-09T20:43:48.934Z","exit_code":0,"signal":null,"timed_out":false,"error":null,"duration_ms":26}

COMMAND ["C:\\Program Files\\Git\\usr\\bin\\sha256sum.exe","src/font/layout.zig"]
652ecd8c751c091191e9c3240c06e7a1baf9314cc5b3744e1cb09822ec1323d3 *src/font/layout.zig
RESULT {"executable":"C:\\Program Files\\Git\\usr\\bin\\sha256sum.exe","arguments":["src/font/layout.zig"],"cwd":"C:\\Users\\requi\\.omp\\wt\\te63ab7b1b\\m","started_at":"2026-10-09T20:43:49.804Z","exit_code":0,"signal":null,"timed_out":false,"error":null,"duration_ms":16}

COMMAND ["C:\\src\\fairpane\\.tools\\zig\\0.18.0-dev.120+9fe22a29b\\x86_64-windows\\zig.exe","build","test","--summary","all","--cache-dir","out/fp0111-mutation"]
test
+- FP-0082 case 16: a missing path exits with status 3 w
fairpane-js-parse: tests/js/parse/missing.js: FileNotFound
failed command: cd . && ".\\zig-out\\bin\\fairpane-js-parse.exe" file tests/js/parse/missing.js

test
+- FP-0082 case 16: invalid-utf8.js exits with status 3 w
fairpane-js-parse: .\tests\js\parse\invalid-utf8.js: InvalidUtf8
failed command: ".\\zig-out\\bin\\fairpane-js-parse.exe" file ".\\tests\\js\\parse\\invalid-utf8.js"

test
+- FP-0082 case 17: the census refuses an existing output file and exits with status 3 w
fairpane-js-parse: census: cannot create .\out\fp0111-mutation\o\0c925f44918d6f5adba948a0455992d0\existing.jsonl: PathAlreadyExists
failed command: ".\\zig-out\\bin\\fairpane-js-parse.exe" census ".\\tests\\js\\census\\sound" ".\\out\\fp0111-mutation\\o\\0c925f44918d6f5adba948a0455992d0\\existing.jsonl"

test
+- run test 85 pass, 1 fail (86 total)
error: 'layout_test.test.FP-0111 case 10: lookup selection on G, P, and B_TT' failed:
       slices differ. first difference occurs at index 0 (0x0)
       
       ============ expected this output: =============  len: 4 (0x4)
       
       6C 61 74 6E                                       latn
       
       ============= instead found this: ==============  len: 4 (0x4)
       
       44 46 4C 54                                       DFLT
       
       ================================================
       
       C:\src\fairpane\.tools\zig\0.18.0-dev.120+9fe22a29b\x86_64-windows\lib\std\testing.zig:346:5: 0x7ff78defe2e8 in expectEqualSlices__func_1724 (test_zcu.obj)
           return error.TestExpectedEqual;
           ^
       C:\src\fairpane\.tools\zig\0.18.0-dev.120+9fe22a29b\x86_64-windows\lib\std\testing.zig:118:27: 0x7ff78df104d6 in expectEqualInner__func_1818 (test_zcu.obj)
               .array => |array| try expectEqualSlices(array.child, &expected, &actual),
                                 ^
       C:\src\fairpane\.tools\zig\0.18.0-dev.120+9fe22a29b\x86_64-windows\lib\std\testing.zig:57: 0x7ff78df105bb in expectEqual (test_zcu.obj)
           return expectEqualInner(T, expected, actual);
       
       C:\src\fairpane\.tools\zig\0.18.0-dev.120+9fe22a29b\x86_64-windows\lib\std\testing.zig:170:21: 0x7ff78df105e3 in expectEqualInner__func_1817 (test_zcu.obj)
                           try expectEqual(expected_payload, actual_payload);
                           ^
       C:\src\fairpane\.tools\zig\0.18.0-dev.120+9fe22a29b\x86_64-windows\lib\std\testing.zig:57: 0x7ff78df108d3 in expectEqual (test_zcu.obj)
           return expectEqualInner(T, expected, actual);
       
       C:\Users\requi\.omp\wt\te63ab7b1b\m\tests\text\layout_test.zig:184:5: 0x7ff78df10929 in expectSelection (test_zcu.obj)
           try testing.expectEqual(e.script, s.script);
           ^
       C:\Users\requi\.omp\wt\te63ab7b1b\m\tests\text\layout_test.zig:465:5: 0x7ff78df15115 in test.FP-0111 case 10: lookup selection on G, P, and B_TT (test_zcu.obj)
           try expectSelection(l, .{ .script = "latn".*, .features = &.{"liga".*} }, &masks, .{ .script = "latn".*, .lang_sys = .none });
           ^
failed command: cd . && ".\\out\\fp0111-mutation\\o\\f962c63ae72d790dae8bfb8bc59bdf14\\test.exe" "--cache-dir=.\\out\\fp0111-mutation" --seed=0x1a960075 --listen=-

test
+- run test w
FP-0082 case 10: measured stack use 21104 bytes for 1022 terms and 20976 bytes for 1021 parentheses
failed command: cd . && ".\\out\\fp0111-mutation\\o\\4c608a3e1a0cec0bf52ffa1e7d3b369f\\test.exe" "--cache-dir=.\\out\\fp0111-mutation" --seed=0x1a960075 --listen=-

Build Summary: 99/101 steps succeeded (1 failed); 412/413 tests passed (1 failed)
test transitive failure
+- run test 327 pass (327 total) 53s MaxRSS:396M
|  +- compile test debug native success 11s MaxRSS:993M
+- run test 85 pass, 1 fail (86 total)
|  +- compile test debug native success 5s MaxRSS:507M
+- FP-0007 case 13: case 2 passes with exit status 0 success 104ms
|  +- install fairpane-lab success
|     +- compile exe fairpane-lab debug native success 3s MaxRSS:366M
+- FP-0007 case 13: case 3 fails with exit status 1 success 113ms
|  +- install fairpane-lab (+1 more reused dependencies)
+- FP-0007 case 13: case 4 is unsupported with exit status 2 success 106ms
|  +- install fairpane-lab (+1 more reused dependencies)
+- FP-0007 case 13: case 1 is a harness error with exit status 3 success 103ms
|  +- install fairpane-lab (+1 more reused dependencies)
+- FP-0007 case 13: case 8 times out with exit status 4 success 112ms
|  +- install fairpane-lab (+1 more reused dependencies)
+- FP-0007 case 13: an unknown command exits with status 64 and writes no result success 99ms
|  +- install fairpane-lab (+1 more reused dependencies)
+- FP-0008 case 26: case 18 passes with exit status 0 success 107ms
|  +- install fairpane-lab (+1 more reused dependencies)
+- FP-0008 case 26: the token_count variant of case 19 fails with exit status 1 success 103ms
|  +- install fairpane-lab (+1 more reused dependencies)
+- FP-0008 case 26: the <p> case of case 21 is unsupported with exit status 2 success 109ms
|  +- install fairpane-lab (+1 more reused dependencies)
+- FP-0123 case 15 Lab-7: the UTF-16BE tokenize case of Lab-3 passes with exit status 0 success 110ms
|  +- install fairpane-lab (+1 more reused dependencies)
+- FP-0007 case 14: minimize reduces a failing fetch case with a 4096-byte body success 144ms
|  +- install fairpane-lab (+1 more reused dependencies)
+- FP-0007 case 14: the minimized case fails the same check success 22ms
|  +- install fairpane-lab (+1 more reused dependencies)
|  +- FP-0007 case 14: minimize reduces a failing fetch case with a 4096-byte body (+1 more reused dependencies)
+- FP-0007 case 14: the minimized document body is 1-minimal success 27ms
|  +- compile exe fairpane-lab-check debug native success 3s MaxRSS:358M
|  +- FP-0007 case 14: minimize reduces a failing fetch case with a 4096-byte body (+1 more reused dependencies)
+- FP-0007 case 14: minimize refuses a passing case success 115ms
|  +- install fairpane-lab (+1 more reused dependencies)
+- FP-0007 case 14: a refused minimization writes nothing success 48ms
|  +- compile exe fairpane-lab-check debug native (reused)
|  +- FP-0007 case 14: minimize refuses a passing case (+1 more reused dependencies)
+- FP-0054 case 5: minimize refuses an --out path that names the input file through another spelling success 98ms
|  +- install fairpane-lab (+1 more reused dependencies)
|  +- FP-0054 case 5: create a fresh directory success 95ms
|  |  +- compile exe fairpane-lab-check debug native (reused)
|  +- FP-0054 case 5: create a fresh directory (+1 more reused dependencies)
+- FP-0054 case 5: the refused minimization leaves the input unchanged success 16ms
|  +- compile exe fairpane-lab-check debug native (reused)
|  +- FP-0054 case 5: create a fresh directory (+1 more reused dependencies)
|  +- FP-0054 case 5: minimize refuses an --out path that names the input file through another spelling (+3 more reused dependencies)
+- FP-0054 revision 1 case 1: minimize refuses an --out path that is a hard link to the input file success 105ms
|  +- install fairpane-lab (+1 more reused dependencies)
|  +- FP-0054 revision 1 case 1: create a fresh directory success 47ms
|     +- compile exe fairpane-lab-check debug native (reused)
+- FP-0054 revision 1 case 1: the refused command leaves the input unchanged success 49ms
|  +- compile exe fairpane-lab-check debug native (reused)
|  +- FP-0054 revision 1 case 1: create a fresh directory (+1 more reused dependencies)
|  +- FP-0054 revision 1 case 1: minimize refuses an --out path that is a hard link to the input file (+2 more reused dependencies)
+- FP-0054 revision 1 case 2: run refuses a --transcript path that is a hard link to the input file success 96ms
|  +- install fairpane-lab (+1 more reused dependencies)
|  +- FP-0054 revision 1 case 2: create a fresh directory success 93ms
|     +- compile exe fairpane-lab-check debug native (reused)
+- FP-0054 revision 1 case 2: the refused command leaves the input unchanged success 18ms
|  +- compile exe fairpane-lab-check debug native (reused)
|  +- FP-0054 revision 1 case 2: create a fresh directory (+1 more reused dependencies)
|  +- FP-0054 revision 1 case 2: run refuses a --transcript path that is a hard link to the input file (+2 more reused dependencies)
+- FP-0054 revision 1 case 3: minimize refuses an --out path that names the input file in other letter case success 99ms
|  +- install fairpane-lab (+1 more reused dependencies)
|  +- FP-0054 revision 1 case 3: create a fresh directory success 97ms
|     +- compile exe fairpane-lab-check debug native (reused)
+- FP-0054 revision 1 case 3: the refused command leaves the input unchanged success 17ms
|  +- compile exe fairpane-lab-check debug native (reused)
|  +- FP-0054 revision 1 case 3: create a fresh directory (+1 more reused dependencies)
|  +- FP-0054 revision 1 case 3: minimize refuses an --out path that names the input file in other letter case (+2 more reused dependencies)
+- FP-0054 revision 1 case 4: minimize writes over a separate byte-identical copy of the input file success 99ms
|  +- install fairpane-lab (+1 more reused dependencies)
|  +- FP-0054 revision 1 case 4: create a fresh directory success 95ms
|     +- compile exe fairpane-lab-check debug native (reused)
+- FP-0054 revision 1 case 4: the written case is a version 2 case derived from the input digest success 15ms
|  +- compile exe fairpane-lab-check debug native (reused)
|  +- FP-0054 revision 1 case 4: create a fresh directory (+1 more reused dependencies)
|  +- FP-0054 revision 1 case 4: minimize writes over a separate byte-identical copy of the input file (+2 more reused dependencies)
+- FP-0054 revision 1 case 5: run, minimize, and replay report files one byte above the size limit success 146ms
|  +- compile exe fairpane-lab-check debug native (reused)
|  +- FP-0054 revision 1 case 5: create a fresh directory success 89ms
|  |  +- compile exe fairpane-lab-check debug native (reused)
|  +- install fairpane-lab (+1 more reused dependencies)
+- FP-0076 case 3: minimize writes over an existing out.json whose ACL denies read-data access to Everyone success 106ms
|  +- install fairpane-lab (+1 more reused dependencies)
|  +- FP-0076 case 3: create a fresh directory success 48ms
|     +- compile exe fairpane-lab-check debug native (reused)
+- FP-0076 case 3: out.json is a version 2 case derived from the input digest success 11ms
|  +- compile exe fairpane-lab-check debug native (reused)
|  +- FP-0076 case 3: create a fresh directory (+1 more reused dependencies)
|  +- FP-0076 case 3: restore read access to out.json success 48ms
|     +- compile exe fairpane-lab-check debug native (reused)
|     +- FP-0076 case 3: create a fresh directory (+1 more reused dependencies)
|     +- FP-0076 case 3: minimize writes over an existing out.json whose ACL denies read-data access to Everyone (+2 more reused dependencies)
+- FP-0076 case 4: minimize reports the output path out|.json, which cannot be identified success 99ms
|  +- install fairpane-lab (+1 more reused dependencies)
|  +- FP-0076 case 4: create a fresh directory success 89ms
|     +- compile exe fairpane-lab-check debug native (reused)
+- FP-0076 case 4: the directory gains no file success 17ms
|  +- compile exe fairpane-lab-check debug native (reused)
|  +- FP-0076 case 4: create a fresh directory (+1 more reused dependencies)
|  +- FP-0076 case 4: minimize reports the output path out|.json, which cannot be identified (+2 more reused dependencies)
+- FP-0076 case 7: the revision 1 case 5 helper reports failing checks and removes both oversized files success 144ms
|  +- compile exe fairpane-lab-check debug native (reused)
|  +- FP-0076 case 7: create a fresh directory success 94ms
|  |  +- compile exe fairpane-lab-check debug native (reused)
|  +- compile exe fairpane-lab-check debug native (reused)
+- FP-0076 case 7: no file remains after the failing run success 48ms
|  +- compile exe fairpane-lab-check debug native (reused)
|  +- FP-0076 case 7: create a fresh directory (+1 more reused dependencies)
|  +- FP-0076 case 7: the revision 1 case 5 helper reports failing checks and removes both oversized files (+3 more reused dependencies)
+- FP-0011 case 4: leaf_invokes_to_number.zig success 610ms
+- FP-0011 case 4: leaf_invokes_number_to_string.zig success 572ms
+- FP-0011 case 4: allocation_invokes_call.zig success 645ms
+- FP-0011 case 4: leaf_allocates.zig success 558ms
+- FP-0011 case 4: mutation_throws.zig success 538ms
+- FP-0011 case 4: leaf_calls_behavior.zig success 478ms
+- FP-0011 case 4: leaf_positive.zig success 616ms
+- FP-0011 case 5: catalog_callback_alone.zig success 631ms
+- FP-0011 case 5: catalog_exception_alone.zig success 476ms
+- FP-0011 case 5: catalog_duplicate_id.zig success 641ms
+- FP-0011 case 5: kernel_wider_context.zig success 493ms
+- FP-0011 case 5: kernel_undeclared_throw.zig success 580ms
+- FP-0011 case 8: layout_undescribed_field.zig success 455ms
+- FP-0011 case 8: layout_plain_reference.zig success 544ms
+- FP-0011 case 8: layout_missing_field.zig success 658ms
+- FP-0011 case 20: abi_reference_value.zig success 514ms
+- FP-0011 case 20: abi_nan_box_value.zig success 509ms
+- FP-0011 case 20: abi_tagged_index_value.zig success 560ms
+- FP-0011 case 34: leaf_reaches_heap.zig success 509ms
+- FP-0011 case 35: leaf_widens_context.zig success 549ms
+- FP-0011 case 36: binding_missing_kernel.zig success 561ms
+- FP-0011 case 36: binding_stray_kernel.zig success 544ms
+- library-test success
|  +- run test cached
|  |  +- compile test debug native cached 117ms MaxRSS:18M
|  +- FP-0066 case 1: ReleaseSafe libraries built in two directories are byte-identical success 15ms
|  |  +- compile exe fairpane-library-check debug native cached 144ms MaxRSS:21M
|  |  +- archive fairpane.lib safe success 19ms
|  |  |  +- compile obj fairpane_zcu safe native success 3s MaxRSS:177M
|  |  |     +- WriteFile fp0066-tree-a/src success
|  |  +- archive fairpane.lib safe success 18ms
|  |     +- compile obj fairpane_zcu safe native success 3s MaxRSS:177M
|  |        +- WriteFile fp0066-tree-a/src (reused)
|  +- FP-0066 case 2: the ReleaseSafe library contains neither its build directory nor the compiler installation directory success 44ms
|  |  +- compile exe fairpane-library-check debug native (reused)
|  |  +- archive fairpane.lib safe (+1 more reused dependencies)
|  |  +- WriteFile fp0066-tree-a/src (reused)
|  +- FP-0066 case 4: the Debug library keeps debug information that names the absolute source directory success 37ms
|  |  +- compile exe fairpane-library-check debug native (reused)
|  |  +- archive fairpane.lib debug success 37ms
|  |     +- compile obj fairpane_zcu debug native success 2s MaxRSS:271M
|  +- FP-0066 case 5: the ReleaseSafe library's only member is the object, named without a directory success 7ms
|  |  +- compile exe fairpane-library-check debug native (reused)
|  |  +- archive fairpane.lib safe (+1 more reused dependencies)
|  +- FP-0066: every member header of the ReleaseSafe library has a zero time stamp, owner, and group success 9ms
|     +- compile exe fairpane-library-check debug native (reused)
|     +- archive fairpane.lib safe (+1 more reused dependencies)
+- FP-0082 case 16: valid.js exits with status 0 and prints the T9 dump success 37ms
|  +- install fairpane-js-parse success
|     +- compile exe fairpane-js-parse debug native success 3s MaxRSS:347M
|        +- WriteFile src success
+- FP-0082 case 16: syntax.js exits with status 1 and prints its syntax error success 43ms
|  +- install fairpane-js-parse (+1 more reused dependencies)
+- FP-0082 case 16: unsupported.js exits with status 2 and prints its unsupported outcome success 38ms
|  +- install fairpane-js-parse (+1 more reused dependencies)
+- FP-0082 case 16: invalid-utf8.js exits with status 3 success 43ms
|  +- install fairpane-js-parse (+1 more reused dependencies)
+- FP-0082 case 16: a missing path exits with status 3 success 42ms
|  +- install fairpane-js-parse (+1 more reused dependencies)
+- FP-0082 case 16: no arguments exits with status 3 and writes the usage success 42ms
|  +- install fairpane-js-parse (+1 more reused dependencies)
+- FP-0082 case 17: the census of the sound fixture exits with status 0 success 45ms
|  +- install fairpane-js-parse (+1 more reused dependencies)
+- FP-0082 case 17: the census of the unsound fixture exits with status 1 success 46ms
|  +- install fairpane-js-parse (+1 more reused dependencies)
+- FP-0082 case 17: the census refuses an existing output file and exits with status 3 success 43ms
   +- install fairpane-js-parse (+1 more reused dependencies)
   +- WriteFile existing.jsonl cached

error: the following build command exited with code 1:
C:\src\fairpane\.zig-cache\global\o\253f29e51d3f235ff7bb0cfb57b92bf7\maker.exe build --zig-lib=C:\src\fairpane\.tools\zig\0.18.0-dev.120+9fe22a29b\x86_64-windows\lib --zig=C:\src\fairpane\.tools\zig\0.18.0-dev.120+9fe22a29b\x86_64-windows\zig.exe --global-cache=C:\src\fairpane\.zig-cache\global --seed=0x1a960075 test --summary all --cache-dir out/fp0111-mutation
RESULT {"executable":"C:\\src\\fairpane\\.tools\\zig\\0.18.0-dev.120+9fe22a29b\\x86_64-windows\\zig.exe","arguments":["build","test","--summary","all","--cache-dir","out/fp0111-mutation"],"cwd":"C:\\Users\\requi\\.omp\\wt\\te63ab7b1b\\m","started_at":"2026-10-09T20:43:49.890Z","exit_code":1,"signal":null,"timed_out":false,"error":null,"duration_ms":64211,"environment_overrides":{"ZIG_GLOBAL_CACHE_DIR":"C:\\src\\fairpane\\.zig-cache\\global"}}

COMMAND ["C:\\Program Files\\Git\\cmd\\git.exe","apply","-R","engineering/evidence/FP-0111/raw/mutation-M11.diff"]
RESULT {"executable":"C:\\Program Files\\Git\\cmd\\git.exe","arguments":["apply","-R","engineering/evidence/FP-0111/raw/mutation-M11.diff"],"cwd":"C:\\Users\\requi\\.omp\\wt\\te63ab7b1b\\m","started_at":"2026-10-09T20:44:54.172Z","exit_code":0,"signal":null,"timed_out":false,"error":null,"duration_ms":28}

COMMAND ["C:\\Program Files\\Git\\usr\\bin\\sha256sum.exe","src/font/layout.zig"]
204051dd978a30616ff555af4524003c7f288407904a8b454e390d7e8a2e98f9 *src/font/layout.zig
RESULT {"executable":"C:\\Program Files\\Git\\usr\\bin\\sha256sum.exe","arguments":["src/font/layout.zig"],"cwd":"C:\\Users\\requi\\.omp\\wt\\te63ab7b1b\\m","started_at":"2026-10-09T20:44:54.273Z","exit_code":0,"signal":null,"timed_out":false,"error":null,"duration_ms":18}

COMMAND ["C:\\Program Files\\Git\\usr\\bin\\sha256sum.exe","src/font/layout.zig"]
204051dd978a30616ff555af4524003c7f288407904a8b454e390d7e8a2e98f9 *src/font/layout.zig
RESULT {"executable":"C:\\Program Files\\Git\\usr\\bin\\sha256sum.exe","arguments":["src/font/layout.zig"],"cwd":"C:\\Users\\requi\\.omp\\wt\\te63ab7b1b\\m","started_at":"2026-10-09T20:44:54.364Z","exit_code":0,"signal":null,"timed_out":false,"error":null,"duration_ms":19}

COMMAND ["C:\\Program Files\\Git\\cmd\\git.exe","apply","engineering/evidence/FP-0111/raw/mutation-M12.diff"]
RESULT {"executable":"C:\\Program Files\\Git\\cmd\\git.exe","arguments":["apply","engineering/evidence/FP-0111/raw/mutation-M12.diff"],"cwd":"C:\\Users\\requi\\.omp\\wt\\te63ab7b1b\\m","started_at":"2026-10-09T20:44:54.459Z","exit_code":0,"signal":null,"timed_out":false,"error":null,"duration_ms":28}

COMMAND ["C:\\Program Files\\Git\\usr\\bin\\sha256sum.exe","src/font/layout.zig"]
45b896981af8a90e64b8ad399c371091d8843844bb0b1e62e0f2939717f95853 *src/font/layout.zig
RESULT {"executable":"C:\\Program Files\\Git\\usr\\bin\\sha256sum.exe","arguments":["src/font/layout.zig"],"cwd":"C:\\Users\\requi\\.omp\\wt\\te63ab7b1b\\m","started_at":"2026-10-09T20:44:54.556Z","exit_code":0,"signal":null,"timed_out":false,"error":null,"duration_ms":17}

COMMAND ["C:\\src\\fairpane\\.tools\\zig\\0.18.0-dev.120+9fe22a29b\\x86_64-windows\\zig.exe","build","test","--summary","all","--cache-dir","out/fp0111-mutation"]
test
+- FP-0082 case 16: a missing path exits with status 3 w
fairpane-js-parse: tests/js/parse/missing.js: FileNotFound
failed command: cd . && ".\\zig-out\\bin\\fairpane-js-parse.exe" file tests/js/parse/missing.js

test
+- FP-0082 case 16: invalid-utf8.js exits with status 3 w
fairpane-js-parse: .\tests\js\parse\invalid-utf8.js: InvalidUtf8
failed command: ".\\zig-out\\bin\\fairpane-js-parse.exe" file ".\\tests\\js\\parse\\invalid-utf8.js"

test
+- FP-0082 case 17: the census refuses an existing output file and exits with status 3 w
fairpane-js-parse: census: cannot create .\out\fp0111-mutation\o\0c925f44918d6f5adba948a0455992d0\existing.jsonl: PathAlreadyExists
failed command: ".\\zig-out\\bin\\fairpane-js-parse.exe" census ".\\tests\\js\\census\\sound" ".\\out\\fp0111-mutation\\o\\0c925f44918d6f5adba948a0455992d0\\existing.jsonl"

test
+- run test 83 pass, 1 fail, 2 crash (86 total)
error: 'layout_test.test.FP-0111 case 15: malformed Script, LangSys, and Feature fields reject the selection' failed:
       expected rejected index_out_of_range, got valid
       C:\Users\requi\.omp\wt\te63ab7b1b\m\tests\text\layout_test.zig:58:5: 0x7ff6a7a81e88 in expectRejected__func_1745 (test_zcu.obj)
           return error.TestUnexpectedResult;
           ^
       C:\Users\requi\.omp\wt\te63ab7b1b\m\tests\text\layout_test.zig:633:9: 0x7ff6a7a82c9a in test.FP-0111 case 15: malformed Script, LangSys, and Feature fields reject the selection (test_zcu.obj)
               try expectRejected(.index_out_of_range, try selectS1(l, &masks));
               ^
error: 'layout_test.test.FP-0111 case 21: every truncation and byte change of G, P, and F_GDEF parses and walks deterministically' exited with code 3 with stderr:
       thread 2600 panic: index out of bounds: index 16, len 13
       C:\Users\requi\.omp\wt\te63ab7b1b\m\src\font\layout.zig:254:18: 0x7ff6a7a07d8c in addFeature (test_zcu.obj)
                   masks[i] |= bits;
                        ^
       C:\Users\requi\.omp\wt\te63ab7b1b\m\src\font\layout.zig:238:32: 0x7ff6a7a077ff in addLangSys (test_zcu.obj)
                   if (self.addFeature(r, required_bit | requestBits(features, tag), masks, budget)) |status| return status;
                                      ^
       C:\Users\requi\.omp\wt\te63ab7b1b\m\src\font\layout.zig:203:28: 0x7ff6a7a06b31 in selectLookups (test_zcu.obj)
               if (self.addLangSys(lang_sys, request.features, masks, &budget)) |status| return status;
                                  ^
       C:\Users\requi\.omp\wt\te63ab7b1b\m\tests\text\layout_test.zig:1035:35: 0x7ff6a7a3dc94 in walkSelection (test_zcu.obj)
           const status = l.selectLookups(request, .{}, masks) catch |err| {
                                         ^
       C:\Users\requi\.omp\wt\te63ab7b1b\m\tests\text\layout_test.zig:1080:52: 0x7ff6a7a3e5b8 in walkLayout (test_zcu.obj)
           for (walk_requests) |request| try walkSelection(h, l, request);
                                                          ^
       C:\Users\requi\.omp\wt\te63ab7b1b\m\tests\text\layout_test.zig:1085:41: 0x7ff6a7a3e69e in walkLayoutStatus (test_zcu.obj)
           if (status == .valid) try walkLayout(h, status.valid);
                                               ^
       C:\Users\requi\.omp\wt\te63ab7b1b\m\tests\text\layout_test.zig:1167:25: 0x7ff6a7a3ec9c in walk (test_zcu.obj)
           try walkLayoutStatus(&h, f.gsub());
                               ^
       C:\Users\requi\.omp\wt\te63ab7b1b\m\tests\text\layout_test.zig:1175:37: 0x7ff6a7a6de87 in walkTwice (test_zcu.obj)
           try testing.expectEqual(try walk(&f), try walk(&f));
                                           ^
       C:\Users\requi\.omp\wt\te63ab7b1b\m\tests\text\layout_test.zig:1199:26: 0x7ff6a7a6e544 in robustness (test_zcu.obj)
                   try walkTwice(copy);
                                ^
       C:\Users\requi\.omp\wt\te63ab7b1b\m\tests\text\layout_test.zig:1210:19: 0x7ff6a7a6e720 in test.FP-0111 case 21: every truncation and byte change of G, P, and F_GDEF parses and walks deterministically (test_zcu.obj)
           try robustness("GSUB".*, g.bytes);
                         ^
       C:\src\fairpane\.tools\zig\0.18.0-dev.120+9fe22a29b\x86_64-windows\lib\compiler\test_runner.zig:143:68: 0x7ff6a799b26d in mainServer (test_zcu.obj)
                       const status: TestResults.Status = if (test_fn.func()) |v| s: {
                                                                          ^
       C:\src\fairpane\.tools\zig\0.18.0-dev.120+9fe22a29b\x86_64-windows\lib\compiler\test_runner.zig:72:26: 0x7ff6a799b89b in main (test_zcu.obj)
               return mainServer(init) catch |err| panic("internal test runner failure: {t}", .{err});
                                ^
       C:\src\fairpane\.tools\zig\0.18.0-dev.120+9fe22a29b\x86_64-windows\lib\std\start.zig:795: 0x7ff6a799980d in callMain (test_zcu.obj)
           if (fn_info.param_types[0].? == std.process.Init.Minimal) return wrapMain(root.main(.{
       
       C:\src\fairpane\.tools\zig\0.18.0-dev.120+9fe22a29b\x86_64-windows\lib\std\start.zig:576:17: 0x7ff6a799980d in WinStartup (test_zcu.obj)
               callMain(std.os.windows.peb().ProcessParameters.CommandLine.slice(), .global),
                       ^
       ???:?:?: 0x7ff862a1cd86 in ??? (KERNEL32.DLL)
       ???:?:?: 0x7ff863d6caeb in ??? (ntdll.dll)
error: 'layout_test.test.FP-0111 case 22: handles taken before the font bytes change never panic or read outside the font' exited with code 3 with stderr:
       thread 1088 panic: index out of bounds: index 65280, len 13
       C:\Users\requi\.omp\wt\te63ab7b1b\m\src\font\layout.zig:254:18: 0x7ff6a7a07d8c in addFeature (test_zcu.obj)
                   masks[i] |= bits;
                        ^
       C:\Users\requi\.omp\wt\te63ab7b1b\m\src\font\layout.zig:233:32: 0x7ff6a7a07615 in addLangSys (test_zcu.obj)
                   if (self.addFeature(f, bits, masks, budget)) |status| return status;
                                      ^
       C:\Users\requi\.omp\wt\te63ab7b1b\m\src\font\layout.zig:203:28: 0x7ff6a7a06b31 in selectLookups (test_zcu.obj)
               if (self.addLangSys(lang_sys, request.features, masks, &budget)) |status| return status;
                                  ^
       C:\Users\requi\.omp\wt\te63ab7b1b\m\tests\text\layout_test.zig:1035:35: 0x7ff6a7a3dc94 in walkSelection (test_zcu.obj)
           const status = l.selectLookups(request, .{}, masks) catch |err| {
                                         ^
       C:\Users\requi\.omp\wt\te63ab7b1b\m\tests\text\layout_test.zig:1080:52: 0x7ff6a7a3e5b8 in walkLayout (test_zcu.obj)
           for (walk_requests) |request| try walkSelection(h, l, request);
                                                          ^
       C:\Users\requi\.omp\wt\te63ab7b1b\m\tests\text\layout_test.zig:1257:23: 0x7ff6a7a6b38c in exercise (test_zcu.obj)
               try walkLayout(&h, self.gsub);
                             ^
       C:\Users\requi\.omp\wt\te63ab7b1b\m\tests\text\layout_test.zig:1289:33: 0x7ff6a7a6be58 in test.FP-0111 case 22: handles taken before the font bytes change never panic or read outside the font (test_zcu.obj)
                   try handles.exercise();
                                       ^
       C:\src\fairpane\.tools\zig\0.18.0-dev.120+9fe22a29b\x86_64-windows\lib\compiler\test_runner.zig:143:68: 0x7ff6a799b26d in mainServer (test_zcu.obj)
                       const status: TestResults.Status = if (test_fn.func()) |v| s: {
                                                                          ^
       C:\src\fairpane\.tools\zig\0.18.0-dev.120+9fe22a29b\x86_64-windows\lib\compiler\test_runner.zig:72:26: 0x7ff6a799b89b in main (test_zcu.obj)
               return mainServer(init) catch |err| panic("internal test runner failure: {t}", .{err});
                                ^
       C:\src\fairpane\.tools\zig\0.18.0-dev.120+9fe22a29b\x86_64-windows\lib\std\start.zig:795: 0x7ff6a799980d in callMain (test_zcu.obj)
           if (fn_info.param_types[0].? == std.process.Init.Minimal) return wrapMain(root.main(.{
       
       C:\src\fairpane\.tools\zig\0.18.0-dev.120+9fe22a29b\x86_64-windows\lib\std\start.zig:576:17: 0x7ff6a799980d in WinStartup (test_zcu.obj)
               callMain(std.os.windows.peb().ProcessParameters.CommandLine.slice(), .global),
                       ^
       ???:?:?: 0x7ff862a1cd86 in ??? (KERNEL32.DLL)
       ???:?:?: 0x7ff863d6caeb in ??? (ntdll.dll)
failed command: cd . && ".\\out\\fp0111-mutation\\o\\e442974b7e9842bd76b10bd5e27a0873\\test.exe" "--cache-dir=.\\out\\fp0111-mutation" --seed=0xb9c0f30f --listen=-

test
+- run test w
FP-0082 case 10: measured stack use 21104 bytes for 1022 terms and 20976 bytes for 1021 parentheses
failed command: cd . && ".\\out\\fp0111-mutation\\o\\86242ef2d0005e049b114302b618de39\\test.exe" "--cache-dir=.\\out\\fp0111-mutation" --seed=0xb9c0f30f --listen=-

Build Summary: 99/101 steps succeeded (1 failed); 410/413 tests passed (1 failed, 2 crashed)
test transitive failure
+- run test 327 pass (327 total) 51s MaxRSS:396M
|  +- compile test debug native success 9s MaxRSS:992M
+- run test 83 pass, 1 fail, 2 crash (86 total)
|  +- compile test debug native success 5s MaxRSS:506M
+- FP-0007 case 13: case 2 passes with exit status 0 success 49ms
|  +- install fairpane-lab success
|     +- compile exe fairpane-lab debug native success 3s MaxRSS:370M
+- FP-0007 case 13: case 3 fails with exit status 1 success 47ms
|  +- install fairpane-lab (+1 more reused dependencies)
+- FP-0007 case 13: case 4 is unsupported with exit status 2 success 53ms
|  +- install fairpane-lab (+1 more reused dependencies)
+- FP-0007 case 13: case 1 is a harness error with exit status 3 success 49ms
|  +- install fairpane-lab (+1 more reused dependencies)
+- FP-0007 case 13: case 8 times out with exit status 4 success 56ms
|  +- install fairpane-lab (+1 more reused dependencies)
+- FP-0007 case 13: an unknown command exits with status 64 and writes no result success 57ms
|  +- install fairpane-lab (+1 more reused dependencies)
+- FP-0008 case 26: case 18 passes with exit status 0 success 55ms
|  +- install fairpane-lab (+1 more reused dependencies)
+- FP-0008 case 26: the token_count variant of case 19 fails with exit status 1 success 61ms
|  +- install fairpane-lab (+1 more reused dependencies)
+- FP-0008 case 26: the <p> case of case 21 is unsupported with exit status 2 success 45ms
|  +- install fairpane-lab (+1 more reused dependencies)
+- FP-0123 case 15 Lab-7: the UTF-16BE tokenize case of Lab-3 passes with exit status 0 success 52ms
|  +- install fairpane-lab (+1 more reused dependencies)
+- FP-0007 case 14: minimize reduces a failing fetch case with a 4096-byte body success 101ms
|  +- install fairpane-lab (+1 more reused dependencies)
+- FP-0007 case 14: the minimized case fails the same check success 25ms
|  +- install fairpane-lab (+1 more reused dependencies)
|  +- FP-0007 case 14: minimize reduces a failing fetch case with a 4096-byte body (+1 more reused dependencies)
+- FP-0007 case 14: the minimized document body is 1-minimal success 29ms
|  +- compile exe fairpane-lab-check debug native success 3s MaxRSS:358M
|  +- FP-0007 case 14: minimize reduces a failing fetch case with a 4096-byte body (+1 more reused dependencies)
+- FP-0007 case 14: minimize refuses a passing case success 114ms
|  +- install fairpane-lab (+1 more reused dependencies)
+- FP-0007 case 14: a refused minimization writes nothing success 13ms
|  +- compile exe fairpane-lab-check debug native (reused)
|  +- FP-0007 case 14: minimize refuses a passing case (+1 more reused dependencies)
+- FP-0054 case 5: minimize refuses an --out path that names the input file through another spelling success 49ms
|  +- install fairpane-lab (+1 more reused dependencies)
|  +- FP-0054 case 5: create a fresh directory success 88ms
|  |  +- compile exe fairpane-lab-check debug native (reused)
|  +- FP-0054 case 5: create a fresh directory (+1 more reused dependencies)
+- FP-0054 case 5: the refused minimization leaves the input unchanged success 85ms
|  +- compile exe fairpane-lab-check debug native (reused)
|  +- FP-0054 case 5: create a fresh directory (+1 more reused dependencies)
|  +- FP-0054 case 5: minimize refuses an --out path that names the input file through another spelling (+3 more reused dependencies)
+- FP-0054 revision 1 case 1: minimize refuses an --out path that is a hard link to the input file success 50ms
|  +- install fairpane-lab (+1 more reused dependencies)
|  +- FP-0054 revision 1 case 1: create a fresh directory success 88ms
|     +- compile exe fairpane-lab-check debug native (reused)
+- FP-0054 revision 1 case 1: the refused command leaves the input unchanged success 84ms
|  +- compile exe fairpane-lab-check debug native (reused)
|  +- FP-0054 revision 1 case 1: create a fresh directory (+1 more reused dependencies)
|  +- FP-0054 revision 1 case 1: minimize refuses an --out path that is a hard link to the input file (+2 more reused dependencies)
+- FP-0054 revision 1 case 2: run refuses a --transcript path that is a hard link to the input file success 44ms
|  +- install fairpane-lab (+1 more reused dependencies)
|  +- FP-0054 revision 1 case 2: create a fresh directory success 88ms
|     +- compile exe fairpane-lab-check debug native (reused)
+- FP-0054 revision 1 case 2: the refused command leaves the input unchanged success 84ms
|  +- compile exe fairpane-lab-check debug native (reused)
|  +- FP-0054 revision 1 case 2: create a fresh directory (+1 more reused dependencies)
|  +- FP-0054 revision 1 case 2: run refuses a --transcript path that is a hard link to the input file (+2 more reused dependencies)
+- FP-0054 revision 1 case 3: minimize refuses an --out path that names the input file in other letter case success 42ms
|  +- install fairpane-lab (+1 more reused dependencies)
|  +- FP-0054 revision 1 case 3: create a fresh directory success 91ms
|     +- compile exe fairpane-lab-check debug native (reused)
+- FP-0054 revision 1 case 3: the refused command leaves the input unchanged success 84ms
|  +- compile exe fairpane-lab-check debug native (reused)
|  +- FP-0054 revision 1 case 3: create a fresh directory (+1 more reused dependencies)
|  +- FP-0054 revision 1 case 3: minimize refuses an --out path that names the input file in other letter case (+2 more reused dependencies)
+- FP-0054 revision 1 case 4: minimize writes over a separate byte-identical copy of the input file success 54ms
|  +- install fairpane-lab (+1 more reused dependencies)
|  +- FP-0054 revision 1 case 4: create a fresh directory success 96ms
|     +- compile exe fairpane-lab-check debug native (reused)
+- FP-0054 revision 1 case 4: the written case is a version 2 case derived from the input digest success 82ms
|  +- compile exe fairpane-lab-check debug native (reused)
|  +- FP-0054 revision 1 case 4: create a fresh directory (+1 more reused dependencies)
|  +- FP-0054 revision 1 case 4: minimize writes over a separate byte-identical copy of the input file (+2 more reused dependencies)
+- FP-0054 revision 1 case 5: run, minimize, and replay report files one byte above the size limit success 146ms
|  +- compile exe fairpane-lab-check debug native (reused)
|  +- FP-0054 revision 1 case 5: create a fresh directory success 92ms
|  |  +- compile exe fairpane-lab-check debug native (reused)
|  +- install fairpane-lab (+1 more reused dependencies)
+- FP-0076 case 3: minimize writes over an existing out.json whose ACL denies read-data access to Everyone success 47ms
|  +- install fairpane-lab (+1 more reused dependencies)
|  +- FP-0076 case 3: create a fresh directory success 91ms
|     +- compile exe fairpane-lab-check debug native (reused)
+- FP-0076 case 3: out.json is a version 2 case derived from the input digest success 8ms
|  +- compile exe fairpane-lab-check debug native (reused)
|  +- FP-0076 case 3: create a fresh directory (+1 more reused dependencies)
|  +- FP-0076 case 3: restore read access to out.json success 86ms
|     +- compile exe fairpane-lab-check debug native (reused)
|     +- FP-0076 case 3: create a fresh directory (+1 more reused dependencies)
|     +- FP-0076 case 3: minimize writes over an existing out.json whose ACL denies read-data access to Everyone (+2 more reused dependencies)
+- FP-0076 case 4: minimize reports the output path out|.json, which cannot be identified success 46ms
|  +- install fairpane-lab (+1 more reused dependencies)
|  +- FP-0076 case 4: create a fresh directory success 97ms
|     +- compile exe fairpane-lab-check debug native (reused)
+- FP-0076 case 4: the directory gains no file success 83ms
|  +- compile exe fairpane-lab-check debug native (reused)
|  +- FP-0076 case 4: create a fresh directory (+1 more reused dependencies)
|  +- FP-0076 case 4: minimize reports the output path out|.json, which cannot be identified (+2 more reused dependencies)
+- FP-0076 case 7: the revision 1 case 5 helper reports failing checks and removes both oversized files success 133ms
|  +- compile exe fairpane-lab-check debug native (reused)
|  +- FP-0076 case 7: create a fresh directory success 94ms
|  |  +- compile exe fairpane-lab-check debug native (reused)
|  +- compile exe fairpane-lab-check debug native (reused)
+- FP-0076 case 7: no file remains after the failing run success 109ms
|  +- compile exe fairpane-lab-check debug native (reused)
|  +- FP-0076 case 7: create a fresh directory (+1 more reused dependencies)
|  +- FP-0076 case 7: the revision 1 case 5 helper reports failing checks and removes both oversized files (+3 more reused dependencies)
+- FP-0011 case 4: leaf_invokes_to_number.zig success 673ms
+- FP-0011 case 4: leaf_invokes_number_to_string.zig success 696ms
+- FP-0011 case 4: allocation_invokes_call.zig success 667ms
+- FP-0011 case 4: leaf_allocates.zig success 538ms
+- FP-0011 case 4: mutation_throws.zig success 625ms
+- FP-0011 case 4: leaf_calls_behavior.zig success 575ms
+- FP-0011 case 4: leaf_positive.zig success 668ms
+- FP-0011 case 5: catalog_callback_alone.zig success 584ms
+- FP-0011 case 5: catalog_exception_alone.zig success 621ms
+- FP-0011 case 5: catalog_duplicate_id.zig success 687ms
+- FP-0011 case 5: kernel_wider_context.zig success 635ms
+- FP-0011 case 5: kernel_undeclared_throw.zig success 547ms
+- FP-0011 case 8: layout_undescribed_field.zig success 547ms
+- FP-0011 case 8: layout_plain_reference.zig success 620ms
+- FP-0011 case 8: layout_missing_field.zig success 572ms
+- FP-0011 case 20: abi_reference_value.zig success 526ms
+- FP-0011 case 20: abi_nan_box_value.zig success 587ms
+- FP-0011 case 20: abi_tagged_index_value.zig success 526ms
+- FP-0011 case 34: leaf_reaches_heap.zig success 569ms
+- FP-0011 case 35: leaf_widens_context.zig success 583ms
+- FP-0011 case 36: binding_missing_kernel.zig success 617ms
+- FP-0011 case 36: binding_stray_kernel.zig success 575ms
+- library-test success
|  +- run test cached
|  |  +- compile test debug native cached 238ms MaxRSS:18M
|  +- FP-0066 case 1: ReleaseSafe libraries built in two directories are byte-identical success 10ms
|  |  +- compile exe fairpane-library-check debug native cached 236ms MaxRSS:18M
|  |  +- archive fairpane.lib safe success 18ms
|  |  |  +- compile obj fairpane_zcu safe native success 3s MaxRSS:176M
|  |  |     +- WriteFile fp0066-tree-a/src success
|  |  +- archive fairpane.lib safe success 15ms
|  |     +- compile obj fairpane_zcu safe native success 3s MaxRSS:172M
|  |        +- WriteFile fp0066-tree-a/src (reused)
|  +- FP-0066 case 2: the ReleaseSafe library contains neither its build directory nor the compiler installation directory success 37ms
|  |  +- compile exe fairpane-library-check debug native (reused)
|  |  +- archive fairpane.lib safe (+1 more reused dependencies)
|  |  +- WriteFile fp0066-tree-a/src (reused)
|  +- FP-0066 case 4: the Debug library keeps debug information that names the absolute source directory success 31ms
|  |  +- compile exe fairpane-library-check debug native (reused)
|  |  +- archive fairpane.lib debug success 20ms
|  |     +- compile obj fairpane_zcu debug native success 2s MaxRSS:270M
|  +- FP-0066 case 5: the ReleaseSafe library's only member is the object, named without a directory success 7ms
|  |  +- compile exe fairpane-library-check debug native (reused)
|  |  +- archive fairpane.lib safe (+1 more reused dependencies)
|  +- FP-0066: every member header of the ReleaseSafe library has a zero time stamp, owner, and group success 6ms
|     +- compile exe fairpane-library-check debug native (reused)
|     +- archive fairpane.lib safe (+1 more reused dependencies)
+- FP-0082 case 16: valid.js exits with status 0 and prints the T9 dump success 127ms
|  +- install fairpane-js-parse success
|     +- compile exe fairpane-js-parse debug native success 3s MaxRSS:345M
|        +- WriteFile src success
+- FP-0082 case 16: syntax.js exits with status 1 and prints its syntax error success 122ms
|  +- install fairpane-js-parse (+1 more reused dependencies)
+- FP-0082 case 16: unsupported.js exits with status 2 and prints its unsupported outcome success 126ms
|  +- install fairpane-js-parse (+1 more reused dependencies)
+- FP-0082 case 16: invalid-utf8.js exits with status 3 success 125ms
|  +- install fairpane-js-parse (+1 more reused dependencies)
+- FP-0082 case 16: a missing path exits with status 3 success 128ms
|  +- install fairpane-js-parse (+1 more reused dependencies)
+- FP-0082 case 16: no arguments exits with status 3 and writes the usage success 121ms
|  +- install fairpane-js-parse (+1 more reused dependencies)
+- FP-0082 case 17: the census of the sound fixture exits with status 0 success 130ms
|  +- install fairpane-js-parse (+1 more reused dependencies)
+- FP-0082 case 17: the census of the unsound fixture exits with status 1 success 131ms
|  +- install fairpane-js-parse (+1 more reused dependencies)
+- FP-0082 case 17: the census refuses an existing output file and exits with status 3 success 127ms
   +- install fairpane-js-parse (+1 more reused dependencies)
   +- WriteFile existing.jsonl cached

error: the following build command exited with code 1:
C:\src\fairpane\.zig-cache\global\o\253f29e51d3f235ff7bb0cfb57b92bf7\maker.exe build --zig-lib=C:\src\fairpane\.tools\zig\0.18.0-dev.120+9fe22a29b\x86_64-windows\lib --zig=C:\src\fairpane\.tools\zig\0.18.0-dev.120+9fe22a29b\x86_64-windows\zig.exe --global-cache=C:\src\fairpane\.zig-cache\global --seed=0xb9c0f30f test --summary all --cache-dir out/fp0111-mutation
RESULT {"executable":"C:\\src\\fairpane\\.tools\\zig\\0.18.0-dev.120+9fe22a29b\\x86_64-windows\\zig.exe","arguments":["build","test","--summary","all","--cache-dir","out/fp0111-mutation"],"cwd":"C:\\Users\\requi\\.omp\\wt\\te63ab7b1b\\m","started_at":"2026-10-09T20:44:54.642Z","exit_code":1,"signal":null,"timed_out":false,"error":null,"duration_ms":61247,"environment_overrides":{"ZIG_GLOBAL_CACHE_DIR":"C:\\src\\fairpane\\.zig-cache\\global"}}

COMMAND ["C:\\Program Files\\Git\\cmd\\git.exe","apply","-R","engineering/evidence/FP-0111/raw/mutation-M12.diff"]
RESULT {"executable":"C:\\Program Files\\Git\\cmd\\git.exe","arguments":["apply","-R","engineering/evidence/FP-0111/raw/mutation-M12.diff"],"cwd":"C:\\Users\\requi\\.omp\\wt\\te63ab7b1b\\m","started_at":"2026-10-09T20:45:55.967Z","exit_code":0,"signal":null,"timed_out":false,"error":null,"duration_ms":24}

COMMAND ["C:\\Program Files\\Git\\usr\\bin\\sha256sum.exe","src/font/layout.zig"]
204051dd978a30616ff555af4524003c7f288407904a8b454e390d7e8a2e98f9 *src/font/layout.zig
RESULT {"executable":"C:\\Program Files\\Git\\usr\\bin\\sha256sum.exe","arguments":["src/font/layout.zig"],"cwd":"C:\\Users\\requi\\.omp\\wt\\te63ab7b1b\\m","started_at":"2026-10-09T20:45:56.062Z","exit_code":0,"signal":null,"timed_out":false,"error":null,"duration_ms":15}

COMMAND ["C:\\Program Files\\Git\\usr\\bin\\sha256sum.exe","src/font/layout.zig"]
204051dd978a30616ff555af4524003c7f288407904a8b454e390d7e8a2e98f9 *src/font/layout.zig
RESULT {"executable":"C:\\Program Files\\Git\\usr\\bin\\sha256sum.exe","arguments":["src/font/layout.zig"],"cwd":"C:\\Users\\requi\\.omp\\wt\\te63ab7b1b\\m","started_at":"2026-10-09T20:45:56.141Z","exit_code":0,"signal":null,"timed_out":false,"error":null,"duration_ms":15}

COMMAND ["C:\\Program Files\\Git\\cmd\\git.exe","apply","engineering/evidence/FP-0111/raw/mutation-M13.diff"]
RESULT {"executable":"C:\\Program Files\\Git\\cmd\\git.exe","arguments":["apply","engineering/evidence/FP-0111/raw/mutation-M13.diff"],"cwd":"C:\\Users\\requi\\.omp\\wt\\te63ab7b1b\\m","started_at":"2026-10-09T20:45:56.218Z","exit_code":0,"signal":null,"timed_out":false,"error":null,"duration_ms":23}

COMMAND ["C:\\Program Files\\Git\\usr\\bin\\sha256sum.exe","src/font/layout.zig"]
c86ddceaa76e5075eb82f26b1f5d1c2114428cc54e8e4f9cd170ab6910e90654 *src/font/layout.zig
RESULT {"executable":"C:\\Program Files\\Git\\usr\\bin\\sha256sum.exe","arguments":["src/font/layout.zig"],"cwd":"C:\\Users\\requi\\.omp\\wt\\te63ab7b1b\\m","started_at":"2026-10-09T20:45:56.309Z","exit_code":0,"signal":null,"timed_out":false,"error":null,"duration_ms":16}

COMMAND ["C:\\src\\fairpane\\.tools\\zig\\0.18.0-dev.120+9fe22a29b\\x86_64-windows\\zig.exe","build","test","--summary","all","--cache-dir","out/fp0111-mutation"]
test
+- FP-0082 case 16: a missing path exits with status 3 w
fairpane-js-parse: tests/js/parse/missing.js: FileNotFound
failed command: cd . && ".\\zig-out\\bin\\fairpane-js-parse.exe" file tests/js/parse/missing.js

test
+- FP-0082 case 16: invalid-utf8.js exits with status 3 w
fairpane-js-parse: .\tests\js\parse\invalid-utf8.js: InvalidUtf8
failed command: ".\\zig-out\\bin\\fairpane-js-parse.exe" file ".\\tests\\js\\parse\\invalid-utf8.js"

test
+- FP-0082 case 17: the census refuses an existing output file and exits with status 3 w
fairpane-js-parse: census: cannot create .\out\fp0111-mutation\o\0c925f44918d6f5adba948a0455992d0\existing.jsonl: PathAlreadyExists
failed command: ".\\zig-out\\bin\\fairpane-js-parse.exe" census ".\\tests\\js\\census\\sound" ".\\out\\fp0111-mutation\\o\\0c925f44918d6f5adba948a0455992d0\\existing.jsonl"

test
+- run test 83 pass, 3 fail (86 total)
error: 'layout_test.test.FP-0111 case 13: the G lookups, flags, mark filtering sets, extensions, and subtable formats' failed:
       expected 1, found null
       C:\src\fairpane\.tools\zig\0.18.0-dev.120+9fe22a29b\x86_64-windows\lib\std\testing.zig:173:21: 0x7ff66d207fd0 in expectEqualInner__func_1708 (test_zcu.obj)
                           return error.TestExpectedEqual;
                           ^
       C:\src\fairpane\.tools\zig\0.18.0-dev.120+9fe22a29b\x86_64-windows\lib\std\testing.zig:57: 0x7ff66d215b66 in expectEqual (test_zcu.obj)
           return expectEqualInner(T, expected, actual);
       
       C:\Users\requi\.omp\wt\te63ab7b1b\m\tests\text\layout_test.zig:111:5: 0x7ff66d215bdb in expectLookup (test_zcu.obj)
           try testing.expectEqual(e.mark_filtering_set, l.mark_filtering_set);
           ^
       C:\Users\requi\.omp\wt\te63ab7b1b\m\tests\text\layout_test.zig:538:16: 0x7ff66d21e4db in test.FP-0111 case 13: the G lookups, flags, mark filtering sets, extensions, and subtable formats (test_zcu.obj)
           const l2 = try expectLookup(l.lookup(2), .{ .lookup_type = 6, .flag = 0x0010, .mark_filtering_set = 1 });
error: 'layout_test.test.FP-0111 case 16: malformed Lookup tables and subtables are rejected' failed:
                      ^
       expected rejected too_short, got valid
       C:\Users\requi\.omp\wt\te63ab7b1b\m\tests\text\layout_test.zig:58:5: 0x7ff66d20bd28 in expectRejected__func_1722 (test_zcu.obj)
           return error.TestUnexpectedResult;
           ^
       C:\Users\requi\.omp\wt\te63ab7b1b\m\tests\text\layout_test.zig:716:9: 0x7ff66d20e905 in test.FP-0111 case 16: malformed Lookup tables and subtables are rejected (test_zcu.obj)
               try expectRejected(.too_short, try some((try fx.gsub()).lookup(0)));
               ^
error: 'layout_fixture_test.test.FP-0111 case 25: each fixture's GDEF, GSUB, and GPOS structures equal its version 2 fontTools dump' failed:
       noto-sans gsub .lookups[3].mark_filtering_set: expected 0, parser null
       C:\Users\requi\.omp\wt\te63ab7b1b\m\tests\text\layout_fixture_test.zig:26:9: 0x7ff66d1995b5 in fail__func_868 (test_zcu.obj)
               return error.TestUnexpectedResult;
               ^
       C:\Users\requi\.omp\wt\te63ab7b1b\m\tests\text\layout_fixture_test.zig:36:39: 0x7ff66d15418a in optional__func_866 (test_zcu.obj)
               if (!std.meta.eql(want, got)) return self.fail("expected {?d}, parser {?d}", .{ want, got });
                                             ^
       C:\Users\requi\.omp\wt\te63ab7b1b\m\tests\text\layout_fixture_test.zig:216:9: 0x7ff66d15bca4 in checkLayout (test_zcu.obj)
               try (try wl.at(arena, ".mark_filtering_set", .{})).optional(lo.get("mark_filtering_set").?, parsed.mark_filtering_set);
               ^
       C:\Users\requi\.omp\wt\te63ab7b1b\m\tests\text\layout_fixture_test.zig:358:18: 0x7ff66d1626a3 in checkFixture (test_zcu.obj)
           const gsub = try checkLayout(arena, .{ .font = f.dir, .table = "gsub", .path = "" }, e.get("gsub").?, parsed.gsub());
                        ^
       C:\Users\requi\.omp\wt\te63ab7b1b\m\tests\text\layout_fixture_test.zig:369:9: 0x7ff66d162b7b in test.FP-0111 case 25: each fixture's GDEF, GSUB, and GPOS structures equal its version 2 fontTools dump (test_zcu.obj)
               try checkFixture(arena.allocator(), f);
               ^
failed command: cd . && ".\\out\\fp0111-mutation\\o\\5d4092707923705c252357416edeb0b7\\test.exe" "--cache-dir=.\\out\\fp0111-mutation" --seed=0x15209b21 --listen=-

test
+- run test w
FP-0082 case 10: measured stack use 21104 bytes for 1022 terms and 20976 bytes for 1021 parentheses
failed command: cd . && ".\\out\\fp0111-mutation\\o\\4080dedaf34e8594fd3bb485d4800816\\test.exe" "--cache-dir=.\\out\\fp0111-mutation" --seed=0x15209b21 --listen=-

Build Summary: 99/101 steps succeeded (1 failed); 410/413 tests passed (3 failed)
test transitive failure
+- run test 327 pass (327 total) 57s MaxRSS:396M
|  +- compile test debug native success 10s MaxRSS:993M
+- run test 83 pass, 3 fail (86 total)
|  +- compile test debug native success 5s MaxRSS:507M
+- FP-0007 case 13: case 2 passes with exit status 0 success 73ms
|  +- install fairpane-lab success
|     +- compile exe fairpane-lab debug native success 3s MaxRSS:370M
+- FP-0007 case 13: case 3 fails with exit status 1 success 72ms
|  +- install fairpane-lab (+1 more reused dependencies)
+- FP-0007 case 13: case 4 is unsupported with exit status 2 success 85ms
|  +- install fairpane-lab (+1 more reused dependencies)
+- FP-0007 case 13: case 1 is a harness error with exit status 3 success 75ms
|  +- install fairpane-lab (+1 more reused dependencies)
+- FP-0007 case 13: case 8 times out with exit status 4 success 86ms
|  +- install fairpane-lab (+1 more reused dependencies)
+- FP-0007 case 13: an unknown command exits with status 64 and writes no result success 80ms
|  +- install fairpane-lab (+1 more reused dependencies)
+- FP-0008 case 26: case 18 passes with exit status 0 success 78ms
|  +- install fairpane-lab (+1 more reused dependencies)
+- FP-0008 case 26: the token_count variant of case 19 fails with exit status 1 success 77ms
|  +- install fairpane-lab (+1 more reused dependencies)
+- FP-0008 case 26: the <p> case of case 21 is unsupported with exit status 2 success 83ms
|  +- install fairpane-lab (+1 more reused dependencies)
+- FP-0123 case 15 Lab-7: the UTF-16BE tokenize case of Lab-3 passes with exit status 0 success 79ms
|  +- install fairpane-lab (+1 more reused dependencies)
+- FP-0007 case 14: minimize reduces a failing fetch case with a 4096-byte body success 127ms
|  +- install fairpane-lab (+1 more reused dependencies)
+- FP-0007 case 14: the minimized case fails the same check success 23ms
|  +- install fairpane-lab (+1 more reused dependencies)
|  +- FP-0007 case 14: minimize reduces a failing fetch case with a 4096-byte body (+1 more reused dependencies)
+- FP-0007 case 14: the minimized document body is 1-minimal success 28ms
|  +- compile exe fairpane-lab-check debug native success 3s MaxRSS:358M
|  +- FP-0007 case 14: minimize reduces a failing fetch case with a 4096-byte body (+1 more reused dependencies)
+- FP-0007 case 14: minimize refuses a passing case success 137ms
|  +- install fairpane-lab (+1 more reused dependencies)
+- FP-0007 case 14: a refused minimization writes nothing success 14ms
|  +- compile exe fairpane-lab-check debug native (reused)
|  +- FP-0007 case 14: minimize refuses a passing case (+1 more reused dependencies)
+- FP-0054 case 5: minimize refuses an --out path that names the input file through another spelling success 80ms
|  +- install fairpane-lab (+1 more reused dependencies)
|  +- FP-0054 case 5: create a fresh directory success 77ms
|  |  +- compile exe fairpane-lab-check debug native (reused)
|  +- FP-0054 case 5: create a fresh directory (+1 more reused dependencies)
+- FP-0054 case 5: the refused minimization leaves the input unchanged success 81ms
|  +- compile exe fairpane-lab-check debug native (reused)
|  +- FP-0054 case 5: create a fresh directory (+1 more reused dependencies)
|  +- FP-0054 case 5: minimize refuses an --out path that names the input file through another spelling (+3 more reused dependencies)
+- FP-0054 revision 1 case 1: minimize refuses an --out path that is a hard link to the input file success 78ms
|  +- install fairpane-lab (+1 more reused dependencies)
|  +- FP-0054 revision 1 case 1: create a fresh directory success 68ms
|     +- compile exe fairpane-lab-check debug native (reused)
+- FP-0054 revision 1 case 1: the refused command leaves the input unchanged success 80ms
|  +- compile exe fairpane-lab-check debug native (reused)
|  +- FP-0054 revision 1 case 1: create a fresh directory (+1 more reused dependencies)
|  +- FP-0054 revision 1 case 1: minimize refuses an --out path that is a hard link to the input file (+2 more reused dependencies)
+- FP-0054 revision 1 case 2: run refuses a --transcript path that is a hard link to the input file success 75ms
|  +- install fairpane-lab (+1 more reused dependencies)
|  +- FP-0054 revision 1 case 2: create a fresh directory success 70ms
|     +- compile exe fairpane-lab-check debug native (reused)
+- FP-0054 revision 1 case 2: the refused command leaves the input unchanged success 80ms
|  +- compile exe fairpane-lab-check debug native (reused)
|  +- FP-0054 revision 1 case 2: create a fresh directory (+1 more reused dependencies)
|  +- FP-0054 revision 1 case 2: run refuses a --transcript path that is a hard link to the input file (+2 more reused dependencies)
+- FP-0054 revision 1 case 3: minimize refuses an --out path that names the input file in other letter case success 68ms
|  +- install fairpane-lab (+1 more reused dependencies)
|  +- FP-0054 revision 1 case 3: create a fresh directory success 72ms
|     +- compile exe fairpane-lab-check debug native (reused)
+- FP-0054 revision 1 case 3: the refused command leaves the input unchanged success 80ms
|  +- compile exe fairpane-lab-check debug native (reused)
|  +- FP-0054 revision 1 case 3: create a fresh directory (+1 more reused dependencies)
|  +- FP-0054 revision 1 case 3: minimize refuses an --out path that names the input file in other letter case (+2 more reused dependencies)
+- FP-0054 revision 1 case 4: minimize writes over a separate byte-identical copy of the input file success 71ms
|  +- install fairpane-lab (+1 more reused dependencies)
|  +- FP-0054 revision 1 case 4: create a fresh directory success 74ms
|     +- compile exe fairpane-lab-check debug native (reused)
+- FP-0054 revision 1 case 4: the written case is a version 2 case derived from the input digest success 80ms
|  +- compile exe fairpane-lab-check debug native (reused)
|  +- FP-0054 revision 1 case 4: create a fresh directory (+1 more reused dependencies)
|  +- FP-0054 revision 1 case 4: minimize writes over a separate byte-identical copy of the input file (+2 more reused dependencies)
+- FP-0054 revision 1 case 5: run, minimize, and replay report files one byte above the size limit success 177ms
|  +- compile exe fairpane-lab-check debug native (reused)
|  +- FP-0054 revision 1 case 5: create a fresh directory success 80ms
|  |  +- compile exe fairpane-lab-check debug native (reused)
|  +- install fairpane-lab (+1 more reused dependencies)
+- FP-0076 case 3: minimize writes over an existing out.json whose ACL denies read-data access to Everyone success 74ms
|  +- install fairpane-lab (+1 more reused dependencies)
|  +- FP-0076 case 3: create a fresh directory success 76ms
|     +- compile exe fairpane-lab-check debug native (reused)
+- FP-0076 case 3: out.json is a version 2 case derived from the input digest success 13ms
|  +- compile exe fairpane-lab-check debug native (reused)
|  +- FP-0076 case 3: create a fresh directory (+1 more reused dependencies)
|  +- FP-0076 case 3: restore read access to out.json success 78ms
|     +- compile exe fairpane-lab-check debug native (reused)
|     +- FP-0076 case 3: create a fresh directory (+1 more reused dependencies)
|     +- FP-0076 case 3: minimize writes over an existing out.json whose ACL denies read-data access to Everyone (+2 more reused dependencies)
+- FP-0076 case 4: minimize reports the output path out|.json, which cannot be identified success 76ms
|  +- install fairpane-lab (+1 more reused dependencies)
|  +- FP-0076 case 4: create a fresh directory success 78ms
|     +- compile exe fairpane-lab-check debug native (reused)
+- FP-0076 case 4: the directory gains no file success 81ms
|  +- compile exe fairpane-lab-check debug native (reused)
|  +- FP-0076 case 4: create a fresh directory (+1 more reused dependencies)
|  +- FP-0076 case 4: minimize reports the output path out|.json, which cannot be identified (+2 more reused dependencies)
+- FP-0076 case 7: the revision 1 case 5 helper reports failing checks and removes both oversized files success 75ms
|  +- compile exe fairpane-lab-check debug native (reused)
|  +- FP-0076 case 7: create a fresh directory success 67ms
|  |  +- compile exe fairpane-lab-check debug native (reused)
|  +- compile exe fairpane-lab-check debug native (reused)
+- FP-0076 case 7: no file remains after the failing run success 41ms
|  +- compile exe fairpane-lab-check debug native (reused)
|  +- FP-0076 case 7: create a fresh directory (+1 more reused dependencies)
|  +- FP-0076 case 7: the revision 1 case 5 helper reports failing checks and removes both oversized files (+3 more reused dependencies)
+- FP-0011 case 4: leaf_invokes_to_number.zig success 560ms
+- FP-0011 case 4: leaf_invokes_number_to_string.zig success 684ms
+- FP-0011 case 4: allocation_invokes_call.zig success 618ms
+- FP-0011 case 4: leaf_allocates.zig success 639ms
+- FP-0011 case 4: mutation_throws.zig success 551ms
+- FP-0011 case 4: leaf_calls_behavior.zig success 529ms
+- FP-0011 case 4: leaf_positive.zig success 643ms
+- FP-0011 case 5: catalog_callback_alone.zig success 497ms
+- FP-0011 case 5: catalog_exception_alone.zig success 652ms
+- FP-0011 case 5: catalog_duplicate_id.zig success 549ms
+- FP-0011 case 5: kernel_wider_context.zig success 686ms
+- FP-0011 case 5: kernel_undeclared_throw.zig success 460ms
+- FP-0011 case 8: layout_undescribed_field.zig success 513ms
+- FP-0011 case 8: layout_plain_reference.zig success 531ms
+- FP-0011 case 8: layout_missing_field.zig success 554ms
+- FP-0011 case 20: abi_reference_value.zig success 582ms
+- FP-0011 case 20: abi_nan_box_value.zig success 647ms
+- FP-0011 case 20: abi_tagged_index_value.zig success 611ms
+- FP-0011 case 34: leaf_reaches_heap.zig success 573ms
+- FP-0011 case 35: leaf_widens_context.zig success 517ms
+- FP-0011 case 36: binding_missing_kernel.zig success 539ms
+- FP-0011 case 36: binding_stray_kernel.zig success 643ms
+- library-test success
|  +- run test cached
|  |  +- compile test debug native cached 127ms MaxRSS:18M
|  +- FP-0066 case 1: ReleaseSafe libraries built in two directories are byte-identical success 10ms
|  |  +- compile exe fairpane-library-check debug native cached 76ms MaxRSS:18M
|  |  +- archive fairpane.lib safe success 17ms
|  |  |  +- compile obj fairpane_zcu safe native success 3s MaxRSS:175M
|  |  |     +- WriteFile fp0066-tree-a/src success
|  |  +- archive fairpane.lib safe success 18ms
|  |     +- compile obj fairpane_zcu safe native success 4s MaxRSS:175M
|  |        +- WriteFile fp0066-tree-a/src (reused)
|  +- FP-0066 case 2: the ReleaseSafe library contains neither its build directory nor the compiler installation directory success 40ms
|  |  +- compile exe fairpane-library-check debug native (reused)
|  |  +- archive fairpane.lib safe (+1 more reused dependencies)
|  |  +- WriteFile fp0066-tree-a/src (reused)
|  +- FP-0066 case 4: the Debug library keeps debug information that names the absolute source directory success 37ms
|  |  +- compile exe fairpane-library-check debug native (reused)
|  |  +- archive fairpane.lib debug success 22ms
|  |     +- compile obj fairpane_zcu debug native success 2s MaxRSS:271M
|  +- FP-0066 case 5: the ReleaseSafe library's only member is the object, named without a directory success 8ms
|  |  +- compile exe fairpane-library-check debug native (reused)
|  |  +- archive fairpane.lib safe (+1 more reused dependencies)
|  +- FP-0066: every member header of the ReleaseSafe library has a zero time stamp, owner, and group success 7ms
|     +- compile exe fairpane-library-check debug native (reused)
|     +- archive fairpane.lib safe (+1 more reused dependencies)
+- FP-0082 case 16: valid.js exits with status 0 and prints the T9 dump success 39ms
|  +- install fairpane-js-parse success
|     +- compile exe fairpane-js-parse debug native success 3s MaxRSS:345M
|        +- WriteFile src success
+- FP-0082 case 16: syntax.js exits with status 1 and prints its syntax error success 42ms
|  +- install fairpane-js-parse (+1 more reused dependencies)
+- FP-0082 case 16: unsupported.js exits with status 2 and prints its unsupported outcome success 45ms
|  +- install fairpane-js-parse (+1 more reused dependencies)
+- FP-0082 case 16: invalid-utf8.js exits with status 3 success 40ms
|  +- install fairpane-js-parse (+1 more reused dependencies)
+- FP-0082 case 16: a missing path exits with status 3 success 44ms
|  +- install fairpane-js-parse (+1 more reused dependencies)
+- FP-0082 case 16: no arguments exits with status 3 and writes the usage success 43ms
|  +- install fairpane-js-parse (+1 more reused dependencies)
+- FP-0082 case 17: the census of the sound fixture exits with status 0 success 50ms
|  +- install fairpane-js-parse (+1 more reused dependencies)
+- FP-0082 case 17: the census of the unsound fixture exits with status 1 success 49ms
|  +- install fairpane-js-parse (+1 more reused dependencies)
+- FP-0082 case 17: the census refuses an existing output file and exits with status 3 success 47ms
   +- install fairpane-js-parse (+1 more reused dependencies)
   +- WriteFile existing.jsonl cached

error: the following build command exited with code 1:
C:\src\fairpane\.zig-cache\global\o\253f29e51d3f235ff7bb0cfb57b92bf7\maker.exe build --zig-lib=C:\src\fairpane\.tools\zig\0.18.0-dev.120+9fe22a29b\x86_64-windows\lib --zig=C:\src\fairpane\.tools\zig\0.18.0-dev.120+9fe22a29b\x86_64-windows\zig.exe --global-cache=C:\src\fairpane\.zig-cache\global --seed=0x15209b21 test --summary all --cache-dir out/fp0111-mutation
RESULT {"executable":"C:\\src\\fairpane\\.tools\\zig\\0.18.0-dev.120+9fe22a29b\\x86_64-windows\\zig.exe","arguments":["build","test","--summary","all","--cache-dir","out/fp0111-mutation"],"cwd":"C:\\Users\\requi\\.omp\\wt\\te63ab7b1b\\m","started_at":"2026-10-09T20:45:56.386Z","exit_code":1,"signal":null,"timed_out":false,"error":null,"duration_ms":68227,"environment_overrides":{"ZIG_GLOBAL_CACHE_DIR":"C:\\src\\fairpane\\.zig-cache\\global"}}

COMMAND ["C:\\Program Files\\Git\\cmd\\git.exe","apply","-R","engineering/evidence/FP-0111/raw/mutation-M13.diff"]
RESULT {"executable":"C:\\Program Files\\Git\\cmd\\git.exe","arguments":["apply","-R","engineering/evidence/FP-0111/raw/mutation-M13.diff"],"cwd":"C:\\Users\\requi\\.omp\\wt\\te63ab7b1b\\m","started_at":"2026-10-09T20:47:04.694Z","exit_code":0,"signal":null,"timed_out":false,"error":null,"duration_ms":79}

COMMAND ["C:\\Program Files\\Git\\usr\\bin\\sha256sum.exe","src/font/layout.zig"]
204051dd978a30616ff555af4524003c7f288407904a8b454e390d7e8a2e98f9 *src/font/layout.zig
RESULT {"executable":"C:\\Program Files\\Git\\usr\\bin\\sha256sum.exe","arguments":["src/font/layout.zig"],"cwd":"C:\\Users\\requi\\.omp\\wt\\te63ab7b1b\\m","started_at":"2026-10-09T20:47:04.900Z","exit_code":0,"signal":null,"timed_out":false,"error":null,"duration_ms":65}

COMMAND ["C:\\Program Files\\Git\\usr\\bin\\sha256sum.exe","src/font/layout.zig"]
204051dd978a30616ff555af4524003c7f288407904a8b454e390d7e8a2e98f9 *src/font/layout.zig
RESULT {"executable":"C:\\Program Files\\Git\\usr\\bin\\sha256sum.exe","arguments":["src/font/layout.zig"],"cwd":"C:\\Users\\requi\\.omp\\wt\\te63ab7b1b\\m","started_at":"2026-10-09T20:47:05.057Z","exit_code":0,"signal":null,"timed_out":false,"error":null,"duration_ms":19}

COMMAND ["C:\\Program Files\\Git\\cmd\\git.exe","apply","engineering/evidence/FP-0111/raw/mutation-M14.diff"]
RESULT {"executable":"C:\\Program Files\\Git\\cmd\\git.exe","arguments":["apply","engineering/evidence/FP-0111/raw/mutation-M14.diff"],"cwd":"C:\\Users\\requi\\.omp\\wt\\te63ab7b1b\\m","started_at":"2026-10-09T20:47:05.147Z","exit_code":0,"signal":null,"timed_out":false,"error":null,"duration_ms":24}

COMMAND ["C:\\Program Files\\Git\\usr\\bin\\sha256sum.exe","src/font/layout.zig"]
047623b68eafcfa5edfbf78b0dafb71ce39d43df6597d9a4e44b7650bd21afc4 *src/font/layout.zig
RESULT {"executable":"C:\\Program Files\\Git\\usr\\bin\\sha256sum.exe","arguments":["src/font/layout.zig"],"cwd":"C:\\Users\\requi\\.omp\\wt\\te63ab7b1b\\m","started_at":"2026-10-09T20:47:05.257Z","exit_code":0,"signal":null,"timed_out":false,"error":null,"duration_ms":20}

COMMAND ["C:\\src\\fairpane\\.tools\\zig\\0.18.0-dev.120+9fe22a29b\\x86_64-windows\\zig.exe","build","test","--summary","all","--cache-dir","out/fp0111-mutation"]
test
+- FP-0082 case 16: a missing path exits with status 3 w
fairpane-js-parse: tests/js/parse/missing.js: FileNotFound
failed command: cd . && ".\\zig-out\\bin\\fairpane-js-parse.exe" file tests/js/parse/missing.js

test
+- FP-0082 case 16: invalid-utf8.js exits with status 3 w
fairpane-js-parse: .\tests\js\parse\invalid-utf8.js: InvalidUtf8
failed command: ".\\zig-out\\bin\\fairpane-js-parse.exe" file ".\\tests\\js\\parse\\invalid-utf8.js"

test
+- FP-0082 case 17: the census refuses an existing output file and exits with status 3 w
fairpane-js-parse: census: cannot create .\out\fp0111-mutation\o\0c925f44918d6f5adba948a0455992d0\existing.jsonl: PathAlreadyExists
failed command: ".\\zig-out\\bin\\fairpane-js-parse.exe" census ".\\tests\\js\\census\\sound" ".\\out\\fp0111-mutation\\o\\0c925f44918d6f5adba948a0455992d0\\existing.jsonl"

test
+- run test 81 pass, 5 fail (86 total)
error: 'layout_test.test.FP-0111 case 13: the G lookups, flags, mark filtering sets, extensions, and subtable formats' failed:
       expected 1, found 7
       C:\src\fairpane\.tools\zig\0.18.0-dev.120+9fe22a29b\x86_64-windows\lib\std\testing.zig:93:17: 0x7ff6e6c1d67e in expectEqualInner__func_1408 (test_zcu.obj)
                       return error.TestExpectedEqual;
                       ^
       C:\src\fairpane\.tools\zig\0.18.0-dev.120+9fe22a29b\x86_64-windows\lib\std\testing.zig:57: 0x7ff6e6c655a2 in expectEqual (test_zcu.obj)
           return expectEqualInner(T, expected, actual);
       
       C:\Users\requi\.omp\wt\te63ab7b1b\m\tests\text\layout_test.zig:107:5: 0x7ff6e6c6561d in expectLookup (test_zcu.obj)
           try testing.expectEqual(e.lookup_type, l.lookup_type);
           ^
       C:\Users\requi\.omp\wt\te63ab7b1b\m\tests\text\layout_test.zig:542:16: 0x7ff6e6c6e3b4 in test.FP-0111 case 13: the G lookups, flags, mark filtering sets, extensions, and subtable formats (test_zcu.obj)
           const l3 = try expectLookup(l.lookup(3), .{ .lookup_type = 1, .extension = true, .flag = 0x0200, .subtables = 2 });
                      ^
error: 'layout_test.test.FP-0111 case 14: the P lookups, including mark coverages, extensions, and unknown types' failed:
       expected 1, found 9
       C:\src\fairpane\.tools\zig\0.18.0-dev.120+9fe22a29b\x86_64-windows\lib\std\testing.zig:93:17: 0x7ff6e6c1d67e in expectEqualInner__func_1408 (test_zcu.obj)
                       return error.TestExpectedEqual;
                       ^
       C:\src\fairpane\.tools\zig\0.18.0-dev.120+9fe22a29b\x86_64-windows\lib\std\testing.zig:57: 0x7ff6e6c655a2 in expectEqual (test_zcu.obj)
           return expectEqualInner(T, expected, actual);
       
       C:\Users\requi\.omp\wt\te63ab7b1b\m\tests\text\layout_test.zig:107:5: 0x7ff6e6c6561d in expectLookup (test_zcu.obj)
           try testing.expectEqual(e.lookup_type, l.lookup_type);
           ^
       C:\Users\requi\.omp\wt\te63ab7b1b\m\tests\text\layout_test.zig:577:24: 0x7ff6e6c67998 in test.FP-0111 case 14: the P lookups, including mark coverages, extensions, and unknown types (test_zcu.obj)
           try expectSubtable(try expectLookup(l.lookup(2), .{ .lookup_type = 1, .extension = true }), 0, 1, 1, &.{2});
                              ^
error: 'layout_test.test.FP-0111 case 16: malformed Lookup tables and subtables are rejected' failed:
       expected rejected offset_out_of_bounds, got valid
       C:\Users\requi\.omp\wt\te63ab7b1b\m\tests\text\layout_test.zig:58:5: 0x7ff6e6c5b9e8 in expectRejected__func_1722 (test_zcu.obj)
           return error.TestUnexpectedResult;
           ^
       C:\Users\requi\.omp\wt\te63ab7b1b\m\tests\text\layout_test.zig:731:9: 0x7ff6e6c5f001 in test.FP-0111 case 16: malformed Lookup tables and subtables are rejected (test_zcu.obj)
               try expectRejected(.offset_out_of_bounds, try some((try fx.gsub()).lookup(3)));
               ^
error: 'layout_test.test.FP-0111 case 22: handles taken before the font bytes change never panic or read outside the font' failed:
       expected valid, got unsupported_format 1
       C:\Users\requi\.omp\wt\te63ab7b1b\m\tests\text\layout_test.zig:39:13: 0x7ff6e6c49374 in valid__func_1593 (test_zcu.obj)
                   return error.TestUnexpectedResult;
                   ^
       C:\Users\requi\.omp\wt\te63ab7b1b\m\tests\text\layout_test.zig:1235:26: 0x7ff6e6c4a2dc in take (test_zcu.obj)
               const subtable = try valid(try some(lookup.subtable(0)));
                                ^
       C:\Users\requi\.omp\wt\te63ab7b1b\m\tests\text\layout_test.zig:1281:21: 0x7ff6e6c4b743 in test.FP-0111 case 22: handles taken before the font bytes change never panic or read outside the font (test_zcu.obj)
           const handles = try Handles.take(&fx.f);
                           ^
error: 'layout_fixture_test.test.FP-0111 case 25: each fixture's GDEF, GSUB, and GPOS structures equal its version 2 fontTools dump' failed:
       noto-sans-cjk-jp-subset gsub .lookups[5].subtables[0]: expected valid, parser unsupported_format
       C:\Users\requi\.omp\wt\te63ab7b1b\m\tests\text\layout_fixture_test.zig:26:9: 0x7ff6e6bee177 in fail__func_838 (test_zcu.obj)
               return error.TestUnexpectedResult;
               ^
       C:\Users\requi\.omp\wt\te63ab7b1b\m\tests\text\layout_fixture_test.zig:49:9: 0x7ff6e6ba74c5 in valid__func_903 (test_zcu.obj)
               return switch (status) {
               ^
       C:\Users\requi\.omp\wt\te63ab7b1b\m\tests\text\layout_fixture_test.zig:222:23: 0x7ff6e6bac312 in checkLayout (test_zcu.obj)
                   const s = try wt.valid(try wt.some(parsed.subtable(@intCast(k))));
                             ^
       C:\Users\requi\.omp\wt\te63ab7b1b\m\tests\text\layout_fixture_test.zig:358:18: 0x7ff6e6bb26a3 in checkFixture (test_zcu.obj)
           const gsub = try checkLayout(arena, .{ .font = f.dir, .table = "gsub", .path = "" }, e.get("gsub").?, parsed.gsub());
                        ^
       C:\Users\requi\.omp\wt\te63ab7b1b\m\tests\text\layout_fixture_test.zig:369:9: 0x7ff6e6bb2b7b in test.FP-0111 case 25: each fixture's GDEF, GSUB, and GPOS structures equal its version 2 fontTools dump (test_zcu.obj)
               try checkFixture(arena.allocator(), f);
               ^
failed command: cd . && ".\\out\\fp0111-mutation\\o\\ad41fdf474618e9630670d78f52c4adb\\test.exe" "--cache-dir=.\\out\\fp0111-mutation" --seed=0x2b96f7bb --listen=-

test
+- run test w
FP-0082 case 10: measured stack use 21104 bytes for 1022 terms and 20976 bytes for 1021 parentheses
failed command: cd . && ".\\out\\fp0111-mutation\\o\\7a968f847a2f0f186294c53656bd6305\\test.exe" "--cache-dir=.\\out\\fp0111-mutation" --seed=0x2b96f7bb --listen=-

Build Summary: 99/101 steps succeeded (1 failed); 408/413 tests passed (5 failed)
test transitive failure
+- run test 327 pass (327 total) 55s MaxRSS:396M
|  +- compile test debug native success 10s MaxRSS:992M
+- run test 81 pass, 5 fail (86 total)
|  +- compile test debug native success 5s MaxRSS:505M
+- FP-0007 case 13: case 2 passes with exit status 0 success 86ms
|  +- install fairpane-lab success
|     +- compile exe fairpane-lab debug native success 3s MaxRSS:370M
+- FP-0007 case 13: case 3 fails with exit status 1 success 81ms
|  +- install fairpane-lab (+1 more reused dependencies)
+- FP-0007 case 13: case 4 is unsupported with exit status 2 success 89ms
|  +- install fairpane-lab (+1 more reused dependencies)
+- FP-0007 case 13: case 1 is a harness error with exit status 3 success 83ms
|  +- install fairpane-lab (+1 more reused dependencies)
+- FP-0007 case 13: case 8 times out with exit status 4 success 85ms
|  +- install fairpane-lab (+1 more reused dependencies)
+- FP-0007 case 13: an unknown command exits with status 64 and writes no result success 77ms
|  +- install fairpane-lab (+1 more reused dependencies)
+- FP-0008 case 26: case 18 passes with exit status 0 success 91ms
|  +- install fairpane-lab (+1 more reused dependencies)
+- FP-0008 case 26: the token_count variant of case 19 fails with exit status 1 success 80ms
|  +- install fairpane-lab (+1 more reused dependencies)
+- FP-0008 case 26: the <p> case of case 21 is unsupported with exit status 2 success 88ms
|  +- install fairpane-lab (+1 more reused dependencies)
+- FP-0123 case 15 Lab-7: the UTF-16BE tokenize case of Lab-3 passes with exit status 0 success 84ms
|  +- install fairpane-lab (+1 more reused dependencies)
+- FP-0007 case 14: minimize reduces a failing fetch case with a 4096-byte body success 125ms
|  +- install fairpane-lab (+1 more reused dependencies)
+- FP-0007 case 14: the minimized case fails the same check success 42ms
|  +- install fairpane-lab (+1 more reused dependencies)
|  +- FP-0007 case 14: minimize reduces a failing fetch case with a 4096-byte body (+1 more reused dependencies)
+- FP-0007 case 14: the minimized document body is 1-minimal success 47ms
|  +- compile exe fairpane-lab-check debug native success 3s MaxRSS:359M
|  +- FP-0007 case 14: minimize reduces a failing fetch case with a 4096-byte body (+1 more reused dependencies)
+- FP-0007 case 14: minimize refuses a passing case success 93ms
|  +- install fairpane-lab (+1 more reused dependencies)
+- FP-0007 case 14: a refused minimization writes nothing success 13ms
|  +- compile exe fairpane-lab-check debug native (reused)
|  +- FP-0007 case 14: minimize refuses a passing case (+1 more reused dependencies)
+- FP-0054 case 5: minimize refuses an --out path that names the input file through another spelling success 67ms
|  +- install fairpane-lab (+1 more reused dependencies)
|  +- FP-0054 case 5: create a fresh directory success 94ms
|  |  +- compile exe fairpane-lab-check debug native (reused)
|  +- FP-0054 case 5: create a fresh directory (+1 more reused dependencies)
+- FP-0054 case 5: the refused minimization leaves the input unchanged success 12ms
|  +- compile exe fairpane-lab-check debug native (reused)
|  +- FP-0054 case 5: create a fresh directory (+1 more reused dependencies)
|  +- FP-0054 case 5: minimize refuses an --out path that names the input file through another spelling (+3 more reused dependencies)
+- FP-0054 revision 1 case 1: minimize refuses an --out path that is a hard link to the input file success 67ms
|  +- install fairpane-lab (+1 more reused dependencies)
|  +- FP-0054 revision 1 case 1: create a fresh directory success 104ms
|     +- compile exe fairpane-lab-check debug native (reused)
+- FP-0054 revision 1 case 1: the refused command leaves the input unchanged success 13ms
|  +- compile exe fairpane-lab-check debug native (reused)
|  +- FP-0054 revision 1 case 1: create a fresh directory (+1 more reused dependencies)
|  +- FP-0054 revision 1 case 1: minimize refuses an --out path that is a hard link to the input file (+2 more reused dependencies)
+- FP-0054 revision 1 case 2: run refuses a --transcript path that is a hard link to the input file success 67ms
|  +- install fairpane-lab (+1 more reused dependencies)
|  +- FP-0054 revision 1 case 2: create a fresh directory success 96ms
|     +- compile exe fairpane-lab-check debug native (reused)
+- FP-0054 revision 1 case 2: the refused command leaves the input unchanged success 14ms
|  +- compile exe fairpane-lab-check debug native (reused)
|  +- FP-0054 revision 1 case 2: create a fresh directory (+1 more reused dependencies)
|  +- FP-0054 revision 1 case 2: run refuses a --transcript path that is a hard link to the input file (+2 more reused dependencies)
+- FP-0054 revision 1 case 3: minimize refuses an --out path that names the input file in other letter case success 68ms
|  +- install fairpane-lab (+1 more reused dependencies)
|  +- FP-0054 revision 1 case 3: create a fresh directory success 100ms
|     +- compile exe fairpane-lab-check debug native (reused)
+- FP-0054 revision 1 case 3: the refused command leaves the input unchanged success 15ms
|  +- compile exe fairpane-lab-check debug native (reused)
|  +- FP-0054 revision 1 case 3: create a fresh directory (+1 more reused dependencies)
|  +- FP-0054 revision 1 case 3: minimize refuses an --out path that names the input file in other letter case (+2 more reused dependencies)
+- FP-0054 revision 1 case 4: minimize writes over a separate byte-identical copy of the input file success 66ms
|  +- install fairpane-lab (+1 more reused dependencies)
|  +- FP-0054 revision 1 case 4: create a fresh directory success 104ms
|     +- compile exe fairpane-lab-check debug native (reused)
+- FP-0054 revision 1 case 4: the written case is a version 2 case derived from the input digest success 13ms
|  +- compile exe fairpane-lab-check debug native (reused)
|  +- FP-0054 revision 1 case 4: create a fresh directory (+1 more reused dependencies)
|  +- FP-0054 revision 1 case 4: minimize writes over a separate byte-identical copy of the input file (+2 more reused dependencies)
+- FP-0054 revision 1 case 5: run, minimize, and replay report files one byte above the size limit success 127ms
|  +- compile exe fairpane-lab-check debug native (reused)
|  +- FP-0054 revision 1 case 5: create a fresh directory success 46ms
|  |  +- compile exe fairpane-lab-check debug native (reused)
|  +- install fairpane-lab (+1 more reused dependencies)
+- FP-0076 case 3: minimize writes over an existing out.json whose ACL denies read-data access to Everyone success 67ms
|  +- install fairpane-lab (+1 more reused dependencies)
|  +- FP-0076 case 3: create a fresh directory success 98ms
|     +- compile exe fairpane-lab-check debug native (reused)
+- FP-0076 case 3: out.json is a version 2 case derived from the input digest success 7ms
|  +- compile exe fairpane-lab-check debug native (reused)
|  +- FP-0076 case 3: create a fresh directory (+1 more reused dependencies)
|  +- FP-0076 case 3: restore read access to out.json success 13ms
|     +- compile exe fairpane-lab-check debug native (reused)
|     +- FP-0076 case 3: create a fresh directory (+1 more reused dependencies)
|     +- FP-0076 case 3: minimize writes over an existing out.json whose ACL denies read-data access to Everyone (+2 more reused dependencies)
+- FP-0076 case 4: minimize reports the output path out|.json, which cannot be identified success 67ms
|  +- install fairpane-lab (+1 more reused dependencies)
|  +- FP-0076 case 4: create a fresh directory success 98ms
|     +- compile exe fairpane-lab-check debug native (reused)
+- FP-0076 case 4: the directory gains no file success 14ms
|  +- compile exe fairpane-lab-check debug native (reused)
|  +- FP-0076 case 4: create a fresh directory (+1 more reused dependencies)
|  +- FP-0076 case 4: minimize reports the output path out|.json, which cannot be identified (+2 more reused dependencies)
+- FP-0076 case 7: the revision 1 case 5 helper reports failing checks and removes both oversized files success 107ms
|  +- compile exe fairpane-lab-check debug native (reused)
|  +- FP-0076 case 7: create a fresh directory success 46ms
|  |  +- compile exe fairpane-lab-check debug native (reused)
|  +- compile exe fairpane-lab-check debug native (reused)
+- FP-0076 case 7: no file remains after the failing run success 19ms
|  +- compile exe fairpane-lab-check debug native (reused)
|  +- FP-0076 case 7: create a fresh directory (+1 more reused dependencies)
|  +- FP-0076 case 7: the revision 1 case 5 helper reports failing checks and removes both oversized files (+3 more reused dependencies)
+- FP-0011 case 4: leaf_invokes_to_number.zig success 663ms
+- FP-0011 case 4: leaf_invokes_number_to_string.zig success 663ms
+- FP-0011 case 4: allocation_invokes_call.zig success 681ms
+- FP-0011 case 4: leaf_allocates.zig success 470ms
+- FP-0011 case 4: mutation_throws.zig success 627ms
+- FP-0011 case 4: leaf_calls_behavior.zig success 559ms
+- FP-0011 case 4: leaf_positive.zig success 666ms
+- FP-0011 case 5: catalog_callback_alone.zig success 652ms
+- FP-0011 case 5: catalog_exception_alone.zig success 549ms
+- FP-0011 case 5: catalog_duplicate_id.zig success 580ms
+- FP-0011 case 5: kernel_wider_context.zig success 586ms
+- FP-0011 case 5: kernel_undeclared_throw.zig success 581ms
+- FP-0011 case 8: layout_undescribed_field.zig success 549ms
+- FP-0011 case 8: layout_plain_reference.zig success 561ms
+- FP-0011 case 8: layout_missing_field.zig success 559ms
+- FP-0011 case 20: abi_reference_value.zig success 618ms
+- FP-0011 case 20: abi_nan_box_value.zig success 556ms
+- FP-0011 case 20: abi_tagged_index_value.zig success 521ms
+- FP-0011 case 34: leaf_reaches_heap.zig success 559ms
+- FP-0011 case 35: leaf_widens_context.zig success 534ms
+- FP-0011 case 36: binding_missing_kernel.zig success 465ms
+- FP-0011 case 36: binding_stray_kernel.zig success 546ms
+- library-test success
|  +- run test cached
|  |  +- compile test debug native cached 189ms MaxRSS:18M
|  +- FP-0066 case 1: ReleaseSafe libraries built in two directories are byte-identical success 11ms
|  |  +- compile exe fairpane-library-check debug native cached 217ms MaxRSS:18M
|  |  +- archive fairpane.lib safe success 18ms
|  |  |  +- compile obj fairpane_zcu safe native success 4s MaxRSS:177M
|  |  |     +- WriteFile fp0066-tree-a/src success
|  |  +- archive fairpane.lib safe success 16ms
|  |     +- compile obj fairpane_zcu safe native success 4s MaxRSS:177M
|  |        +- WriteFile fp0066-tree-a/src (reused)
|  +- FP-0066 case 2: the ReleaseSafe library contains neither its build directory nor the compiler installation directory success 83ms
|  |  +- compile exe fairpane-library-check debug native (reused)
|  |  +- archive fairpane.lib safe (+1 more reused dependencies)
|  |  +- WriteFile fp0066-tree-a/src (reused)
|  +- FP-0066 case 4: the Debug library keeps debug information that names the absolute source directory success 32ms
|  |  +- compile exe fairpane-library-check debug native (reused)
|  |  +- archive fairpane.lib debug success 24ms
|  |     +- compile obj fairpane_zcu debug native success 2s MaxRSS:270M
|  +- FP-0066 case 5: the ReleaseSafe library's only member is the object, named without a directory success 53ms
|  |  +- compile exe fairpane-library-check debug native (reused)
|  |  +- archive fairpane.lib safe (+1 more reused dependencies)
|  +- FP-0066: every member header of the ReleaseSafe library has a zero time stamp, owner, and group success 51ms
|     +- compile exe fairpane-library-check debug native (reused)
|     +- archive fairpane.lib safe (+1 more reused dependencies)
+- FP-0082 case 16: valid.js exits with status 0 and prints the T9 dump success 41ms
|  +- install fairpane-js-parse success
|     +- compile exe fairpane-js-parse debug native success 3s MaxRSS:343M
|        +- WriteFile src success
+- FP-0082 case 16: syntax.js exits with status 1 and prints its syntax error success 40ms
|  +- install fairpane-js-parse (+1 more reused dependencies)
+- FP-0082 case 16: unsupported.js exits with status 2 and prints its unsupported outcome success 44ms
|  +- install fairpane-js-parse (+1 more reused dependencies)
+- FP-0082 case 16: invalid-utf8.js exits with status 3 success 42ms
|  +- install fairpane-js-parse (+1 more reused dependencies)
+- FP-0082 case 16: a missing path exits with status 3 success 43ms
|  +- install fairpane-js-parse (+1 more reused dependencies)
+- FP-0082 case 16: no arguments exits with status 3 and writes the usage success 39ms
|  +- install fairpane-js-parse (+1 more reused dependencies)
+- FP-0082 case 17: the census of the sound fixture exits with status 0 success 49ms
|  +- install fairpane-js-parse (+1 more reused dependencies)
+- FP-0082 case 17: the census of the unsound fixture exits with status 1 success 46ms
|  +- install fairpane-js-parse (+1 more reused dependencies)
+- FP-0082 case 17: the census refuses an existing output file and exits with status 3 success 45ms
   +- install fairpane-js-parse (+1 more reused dependencies)
   +- WriteFile existing.jsonl cached

error: the following build command exited with code 1:
C:\src\fairpane\.zig-cache\global\o\253f29e51d3f235ff7bb0cfb57b92bf7\maker.exe build --zig-lib=C:\src\fairpane\.tools\zig\0.18.0-dev.120+9fe22a29b\x86_64-windows\lib --zig=C:\src\fairpane\.tools\zig\0.18.0-dev.120+9fe22a29b\x86_64-windows\zig.exe --global-cache=C:\src\fairpane\.zig-cache\global --seed=0x2b96f7bb test --summary all --cache-dir out/fp0111-mutation
RESULT {"executable":"C:\\src\\fairpane\\.tools\\zig\\0.18.0-dev.120+9fe22a29b\\x86_64-windows\\zig.exe","arguments":["build","test","--summary","all","--cache-dir","out/fp0111-mutation"],"cwd":"C:\\Users\\requi\\.omp\\wt\\te63ab7b1b\\m","started_at":"2026-10-09T20:47:05.356Z","exit_code":1,"signal":null,"timed_out":false,"error":null,"duration_ms":66565,"environment_overrides":{"ZIG_GLOBAL_CACHE_DIR":"C:\\src\\fairpane\\.zig-cache\\global"}}

COMMAND ["C:\\Program Files\\Git\\cmd\\git.exe","apply","-R","engineering/evidence/FP-0111/raw/mutation-M14.diff"]
RESULT {"executable":"C:\\Program Files\\Git\\cmd\\git.exe","arguments":["apply","-R","engineering/evidence/FP-0111/raw/mutation-M14.diff"],"cwd":"C:\\Users\\requi\\.omp\\wt\\te63ab7b1b\\m","started_at":"2026-10-09T20:48:11.978Z","exit_code":0,"signal":null,"timed_out":false,"error":null,"duration_ms":21}

COMMAND ["C:\\Program Files\\Git\\usr\\bin\\sha256sum.exe","src/font/layout.zig"]
204051dd978a30616ff555af4524003c7f288407904a8b454e390d7e8a2e98f9 *src/font/layout.zig
RESULT {"executable":"C:\\Program Files\\Git\\usr\\bin\\sha256sum.exe","arguments":["src/font/layout.zig"],"cwd":"C:\\Users\\requi\\.omp\\wt\\te63ab7b1b\\m","started_at":"2026-10-09T20:48:12.055Z","exit_code":0,"signal":null,"timed_out":false,"error":null,"duration_ms":14}

COMMAND ["C:\\Program Files\\Git\\usr\\bin\\sha256sum.exe","src/font/layout.zig"]
204051dd978a30616ff555af4524003c7f288407904a8b454e390d7e8a2e98f9 *src/font/layout.zig
RESULT {"executable":"C:\\Program Files\\Git\\usr\\bin\\sha256sum.exe","arguments":["src/font/layout.zig"],"cwd":"C:\\Users\\requi\\.omp\\wt\\te63ab7b1b\\m","started_at":"2026-10-09T20:48:12.124Z","exit_code":0,"signal":null,"timed_out":false,"error":null,"duration_ms":14}

COMMAND ["C:\\Program Files\\Git\\cmd\\git.exe","apply","engineering/evidence/FP-0111/raw/mutation-M15.diff"]
RESULT {"executable":"C:\\Program Files\\Git\\cmd\\git.exe","arguments":["apply","engineering/evidence/FP-0111/raw/mutation-M15.diff"],"cwd":"C:\\Users\\requi\\.omp\\wt\\te63ab7b1b\\m","started_at":"2026-10-09T20:48:12.197Z","exit_code":0,"signal":null,"timed_out":false,"error":null,"duration_ms":25}

COMMAND ["C:\\Program Files\\Git\\usr\\bin\\sha256sum.exe","src/font/layout.zig"]
963f6b16503d9cfd5745016b51f20985a96a2b4226b1b72dd12552c67ca0831c *src/font/layout.zig
RESULT {"executable":"C:\\Program Files\\Git\\usr\\bin\\sha256sum.exe","arguments":["src/font/layout.zig"],"cwd":"C:\\Users\\requi\\.omp\\wt\\te63ab7b1b\\m","started_at":"2026-10-09T20:48:12.287Z","exit_code":0,"signal":null,"timed_out":false,"error":null,"duration_ms":34}

COMMAND ["C:\\src\\fairpane\\.tools\\zig\\0.18.0-dev.120+9fe22a29b\\x86_64-windows\\zig.exe","build","test","--summary","all","--cache-dir","out/fp0111-mutation"]
test
+- FP-0082 case 16: a missing path exits with status 3 w
fairpane-js-parse: tests/js/parse/missing.js: FileNotFound
failed command: cd . && ".\\zig-out\\bin\\fairpane-js-parse.exe" file tests/js/parse/missing.js

test
+- FP-0082 case 16: invalid-utf8.js exits with status 3 w
fairpane-js-parse: .\tests\js\parse\invalid-utf8.js: InvalidUtf8
failed command: ".\\zig-out\\bin\\fairpane-js-parse.exe" file ".\\tests\\js\\parse\\invalid-utf8.js"

test
+- FP-0082 case 17: the census refuses an existing output file and exits with status 3 w
fairpane-js-parse: census: cannot create .\out\fp0111-mutation\o\0c925f44918d6f5adba948a0455992d0\existing.jsonl: PathAlreadyExists
failed command: ".\\zig-out\\bin\\fairpane-js-parse.exe" census ".\\tests\\js\\census\\sound" ".\\out\\fp0111-mutation\\o\\0c925f44918d6f5adba948a0455992d0\\existing.jsonl"

test
+- run test 85 pass, 1 fail (86 total)
error: 'layout_test.test.FP-0111 case 13: the G lookups, flags, mark filtering sets, extensions, and subtable formats' failed:
       expected rejected mixed_lookup_types, got valid
       C:\Users\requi\.omp\wt\te63ab7b1b\m\tests\text\layout_test.zig:58:5: 0x7ff7f045bee8 in expectRejected__func_1722 (test_zcu.obj)
           return error.TestUnexpectedResult;
           ^
       C:\Users\requi\.omp\wt\te63ab7b1b\m\tests\text\layout_test.zig:554:5: 0x7ff7f046f0e1 in test.FP-0111 case 13: the G lookups, flags, mark filtering sets, extensions, and subtable formats (test_zcu.obj)
           try expectRejected(.mixed_lookup_types, try some(l.lookup(8)));
           ^
failed command: cd . && ".\\out\\fp0111-mutation\\o\\5bb8c7715c5fe826688ffc75172cc01a\\test.exe" "--cache-dir=.\\out\\fp0111-mutation" --seed=0xe7f60757 --listen=-

test
+- run test w
FP-0082 case 10: measured stack use 21104 bytes for 1022 terms and 20976 bytes for 1021 parentheses
failed command: cd . && ".\\out\\fp0111-mutation\\o\\bcf45d530a406d3f43591e7c3a50ce31\\test.exe" "--cache-dir=.\\out\\fp0111-mutation" --seed=0xe7f60757 --listen=-

Build Summary: 99/101 steps succeeded (1 failed); 412/413 tests passed (1 failed)
test transitive failure
+- run test 327 pass (327 total) 55s MaxRSS:396M
|  +- compile test debug native success 10s MaxRSS:992M
+- run test 85 pass, 1 fail (86 total)
|  +- compile test debug native success 6s MaxRSS:507M
+- FP-0007 case 13: case 2 passes with exit status 0 success 62ms
|  +- install fairpane-lab success
|     +- compile exe fairpane-lab debug native success 4s MaxRSS:372M
+- FP-0007 case 13: case 3 fails with exit status 1 success 53ms
|  +- install fairpane-lab (+1 more reused dependencies)
+- FP-0007 case 13: case 4 is unsupported with exit status 2 success 57ms
|  +- install fairpane-lab (+1 more reused dependencies)
+- FP-0007 case 13: case 1 is a harness error with exit status 3 success 66ms
|  +- install fairpane-lab (+1 more reused dependencies)
+- FP-0007 case 13: case 8 times out with exit status 4 success 55ms
|  +- install fairpane-lab (+1 more reused dependencies)
+- FP-0007 case 13: an unknown command exits with status 64 and writes no result success 67ms
|  +- install fairpane-lab (+1 more reused dependencies)
+- FP-0008 case 26: case 18 passes with exit status 0 success 55ms
|  +- install fairpane-lab (+1 more reused dependencies)
+- FP-0008 case 26: the token_count variant of case 19 fails with exit status 1 success 64ms
|  +- install fairpane-lab (+1 more reused dependencies)
+- FP-0008 case 26: the <p> case of case 21 is unsupported with exit status 2 success 58ms
|  +- install fairpane-lab (+1 more reused dependencies)
+- FP-0123 case 15 Lab-7: the UTF-16BE tokenize case of Lab-3 passes with exit status 0 success 60ms
|  +- install fairpane-lab (+1 more reused dependencies)
+- FP-0007 case 14: minimize reduces a failing fetch case with a 4096-byte body success 101ms
|  +- install fairpane-lab (+1 more reused dependencies)
+- FP-0007 case 14: the minimized case fails the same check success 30ms
|  +- install fairpane-lab (+1 more reused dependencies)
|  +- FP-0007 case 14: minimize reduces a failing fetch case with a 4096-byte body (+1 more reused dependencies)
+- FP-0007 case 14: the minimized document body is 1-minimal success 37ms
|  +- compile exe fairpane-lab-check debug native success 3s MaxRSS:360M
|  +- FP-0007 case 14: minimize reduces a failing fetch case with a 4096-byte body (+1 more reused dependencies)
+- FP-0007 case 14: minimize refuses a passing case success 69ms
|  +- install fairpane-lab (+1 more reused dependencies)
+- FP-0007 case 14: a refused minimization writes nothing success 59ms
|  +- compile exe fairpane-lab-check debug native (reused)
|  +- FP-0007 case 14: minimize refuses a passing case (+1 more reused dependencies)
+- FP-0054 case 5: minimize refuses an --out path that names the input file through another spelling success 51ms
|  +- install fairpane-lab (+1 more reused dependencies)
|  +- FP-0054 case 5: create a fresh directory success 54ms
|  |  +- compile exe fairpane-lab-check debug native (reused)
|  +- FP-0054 case 5: create a fresh directory (+1 more reused dependencies)
+- FP-0054 case 5: the refused minimization leaves the input unchanged success 82ms
|  +- compile exe fairpane-lab-check debug native (reused)
|  +- FP-0054 case 5: create a fresh directory (+1 more reused dependencies)
|  +- FP-0054 case 5: minimize refuses an --out path that names the input file through another spelling (+3 more reused dependencies)
+- FP-0054 revision 1 case 1: minimize refuses an --out path that is a hard link to the input file success 55ms
|  +- install fairpane-lab (+1 more reused dependencies)
|  +- FP-0054 revision 1 case 1: create a fresh directory success 57ms
|     +- compile exe fairpane-lab-check debug native (reused)
+- FP-0054 revision 1 case 1: the refused command leaves the input unchanged success 83ms
|  +- compile exe fairpane-lab-check debug native (reused)
|  +- FP-0054 revision 1 case 1: create a fresh directory (+1 more reused dependencies)
|  +- FP-0054 revision 1 case 1: minimize refuses an --out path that is a hard link to the input file (+2 more reused dependencies)
+- FP-0054 revision 1 case 2: run refuses a --transcript path that is a hard link to the input file success 53ms
|  +- install fairpane-lab (+1 more reused dependencies)
|  +- FP-0054 revision 1 case 2: create a fresh directory success 67ms
|     +- compile exe fairpane-lab-check debug native (reused)
+- FP-0054 revision 1 case 2: the refused command leaves the input unchanged success 81ms
|  +- compile exe fairpane-lab-check debug native (reused)
|  +- FP-0054 revision 1 case 2: create a fresh directory (+1 more reused dependencies)
|  +- FP-0054 revision 1 case 2: run refuses a --transcript path that is a hard link to the input file (+2 more reused dependencies)
+- FP-0054 revision 1 case 3: minimize refuses an --out path that names the input file in other letter case success 50ms
|  +- install fairpane-lab (+1 more reused dependencies)
|  +- FP-0054 revision 1 case 3: create a fresh directory success 54ms
|     +- compile exe fairpane-lab-check debug native (reused)
+- FP-0054 revision 1 case 3: the refused command leaves the input unchanged success 34ms
|  +- compile exe fairpane-lab-check debug native (reused)
|  +- FP-0054 revision 1 case 3: create a fresh directory (+1 more reused dependencies)
|  +- FP-0054 revision 1 case 3: minimize refuses an --out path that names the input file in other letter case (+2 more reused dependencies)
+- FP-0054 revision 1 case 4: minimize writes over a separate byte-identical copy of the input file success 50ms
|  +- install fairpane-lab (+1 more reused dependencies)
|  +- FP-0054 revision 1 case 4: create a fresh directory success 54ms
|     +- compile exe fairpane-lab-check debug native (reused)
+- FP-0054 revision 1 case 4: the written case is a version 2 case derived from the input digest success 33ms
|  +- compile exe fairpane-lab-check debug native (reused)
|  +- FP-0054 revision 1 case 4: create a fresh directory (+1 more reused dependencies)
|  +- FP-0054 revision 1 case 4: minimize writes over a separate byte-identical copy of the input file (+2 more reused dependencies)
+- FP-0054 revision 1 case 5: run, minimize, and replay report files one byte above the size limit success 162ms
|  +- compile exe fairpane-lab-check debug native (reused)
|  +- FP-0054 revision 1 case 5: create a fresh directory success 64ms
|  |  +- compile exe fairpane-lab-check debug native (reused)
|  +- install fairpane-lab (+1 more reused dependencies)
+- FP-0076 case 3: minimize writes over an existing out.json whose ACL denies read-data access to Everyone success 58ms
|  +- install fairpane-lab (+1 more reused dependencies)
|  +- FP-0076 case 3: create a fresh directory success 59ms
|     +- compile exe fairpane-lab-check debug native (reused)
+- FP-0076 case 3: out.json is a version 2 case derived from the input digest success 9ms
|  +- compile exe fairpane-lab-check debug native (reused)
|  +- FP-0076 case 3: create a fresh directory (+1 more reused dependencies)
|  +- FP-0076 case 3: restore read access to out.json success 80ms
|     +- compile exe fairpane-lab-check debug native (reused)
|     +- FP-0076 case 3: create a fresh directory (+1 more reused dependencies)
|     +- FP-0076 case 3: minimize writes over an existing out.json whose ACL denies read-data access to Everyone (+2 more reused dependencies)
+- FP-0076 case 4: minimize reports the output path out|.json, which cannot be identified success 60ms
|  +- install fairpane-lab (+1 more reused dependencies)
|  +- FP-0076 case 4: create a fresh directory success 61ms
|     +- compile exe fairpane-lab-check debug native (reused)
+- FP-0076 case 4: the directory gains no file success 79ms
|  +- compile exe fairpane-lab-check debug native (reused)
|  +- FP-0076 case 4: create a fresh directory (+1 more reused dependencies)
|  +- FP-0076 case 4: minimize reports the output path out|.json, which cannot be identified (+2 more reused dependencies)
+- FP-0076 case 7: the revision 1 case 5 helper reports failing checks and removes both oversized files success 65ms
|  +- compile exe fairpane-lab-check debug native (reused)
|  +- FP-0076 case 7: create a fresh directory success 63ms
|  |  +- compile exe fairpane-lab-check debug native (reused)
|  +- compile exe fairpane-lab-check debug native (reused)
+- FP-0076 case 7: no file remains after the failing run success 44ms
|  +- compile exe fairpane-lab-check debug native (reused)
|  +- FP-0076 case 7: create a fresh directory (+1 more reused dependencies)
|  +- FP-0076 case 7: the revision 1 case 5 helper reports failing checks and removes both oversized files (+3 more reused dependencies)
+- FP-0011 case 4: leaf_invokes_to_number.zig success 715ms
+- FP-0011 case 4: leaf_invokes_number_to_string.zig success 685ms
+- FP-0011 case 4: allocation_invokes_call.zig success 704ms
+- FP-0011 case 4: leaf_allocates.zig success 591ms
+- FP-0011 case 4: mutation_throws.zig success 729ms
+- FP-0011 case 4: leaf_calls_behavior.zig success 676ms
+- FP-0011 case 4: leaf_positive.zig success 733ms
+- FP-0011 case 5: catalog_callback_alone.zig success 522ms
+- FP-0011 case 5: catalog_exception_alone.zig success 543ms
+- FP-0011 case 5: catalog_duplicate_id.zig success 512ms
+- FP-0011 case 5: kernel_wider_context.zig success 638ms
+- FP-0011 case 5: kernel_undeclared_throw.zig success 745ms
+- FP-0011 case 8: layout_undescribed_field.zig success 548ms
+- FP-0011 case 8: layout_plain_reference.zig success 571ms
+- FP-0011 case 8: layout_missing_field.zig success 717ms
+- FP-0011 case 20: abi_reference_value.zig success 623ms
+- FP-0011 case 20: abi_nan_box_value.zig success 659ms
+- FP-0011 case 20: abi_tagged_index_value.zig success 627ms
+- FP-0011 case 34: leaf_reaches_heap.zig success 512ms
+- FP-0011 case 35: leaf_widens_context.zig success 615ms
+- FP-0011 case 36: binding_missing_kernel.zig success 673ms
+- FP-0011 case 36: binding_stray_kernel.zig success 611ms
+- library-test success
|  +- run test cached
|  |  +- compile test debug native cached 110ms MaxRSS:18M
|  +- FP-0066 case 1: ReleaseSafe libraries built in two directories are byte-identical success 16ms
|  |  +- compile exe fairpane-library-check debug native cached 153ms MaxRSS:18M
|  |  +- archive fairpane.lib safe success 19ms
|  |  |  +- compile obj fairpane_zcu safe native success 4s MaxRSS:177M
|  |  |     +- WriteFile fp0066-tree-a/src success
|  |  +- archive fairpane.lib safe success 20ms
|  |     +- compile obj fairpane_zcu safe native success 4s MaxRSS:177M
|  |        +- WriteFile fp0066-tree-a/src (reused)
|  +- FP-0066 case 2: the ReleaseSafe library contains neither its build directory nor the compiler installation directory success 44ms
|  |  +- compile exe fairpane-library-check debug native (reused)
|  |  +- archive fairpane.lib safe (+1 more reused dependencies)
|  |  +- WriteFile fp0066-tree-a/src (reused)
|  +- FP-0066 case 4: the Debug library keeps debug information that names the absolute source directory success 35ms
|  |  +- compile exe fairpane-library-check debug native (reused)
|  |  +- archive fairpane.lib debug success 22ms
|  |     +- compile obj fairpane_zcu debug native success 2s MaxRSS:271M
|  +- FP-0066 case 5: the ReleaseSafe library's only member is the object, named without a directory success 10ms
|  |  +- compile exe fairpane-library-check debug native (reused)
|  |  +- archive fairpane.lib safe (+1 more reused dependencies)
|  +- FP-0066: every member header of the ReleaseSafe library has a zero time stamp, owner, and group success 11ms
|     +- compile exe fairpane-library-check debug native (reused)
|     +- archive fairpane.lib safe (+1 more reused dependencies)
+- FP-0082 case 16: valid.js exits with status 0 and prints the T9 dump success 49ms
|  +- install fairpane-js-parse success
|     +- compile exe fairpane-js-parse debug native success 3s MaxRSS:346M
|        +- WriteFile src success
+- FP-0082 case 16: syntax.js exits with status 1 and prints its syntax error success 44ms
|  +- install fairpane-js-parse (+1 more reused dependencies)
+- FP-0082 case 16: unsupported.js exits with status 2 and prints its unsupported outcome success 45ms
|  +- install fairpane-js-parse (+1 more reused dependencies)
+- FP-0082 case 16: invalid-utf8.js exits with status 3 success 42ms
|  +- install fairpane-js-parse (+1 more reused dependencies)
+- FP-0082 case 16: a missing path exits with status 3 success 47ms
|  +- install fairpane-js-parse (+1 more reused dependencies)
+- FP-0082 case 16: no arguments exits with status 3 and writes the usage success 45ms
|  +- install fairpane-js-parse (+1 more reused dependencies)
+- FP-0082 case 17: the census of the sound fixture exits with status 0 success 52ms
|  +- install fairpane-js-parse (+1 more reused dependencies)
+- FP-0082 case 17: the census of the unsound fixture exits with status 1 success 53ms
|  +- install fairpane-js-parse (+1 more reused dependencies)
+- FP-0082 case 17: the census refuses an existing output file and exits with status 3 success 50ms
   +- install fairpane-js-parse (+1 more reused dependencies)
   +- WriteFile existing.jsonl cached

error: the following build command exited with code 1:
C:\src\fairpane\.zig-cache\global\o\253f29e51d3f235ff7bb0cfb57b92bf7\maker.exe build --zig-lib=C:\src\fairpane\.tools\zig\0.18.0-dev.120+9fe22a29b\x86_64-windows\lib --zig=C:\src\fairpane\.tools\zig\0.18.0-dev.120+9fe22a29b\x86_64-windows\zig.exe --global-cache=C:\src\fairpane\.zig-cache\global --seed=0xe7f60757 test --summary all --cache-dir out/fp0111-mutation
RESULT {"executable":"C:\\src\\fairpane\\.tools\\zig\\0.18.0-dev.120+9fe22a29b\\x86_64-windows\\zig.exe","arguments":["build","test","--summary","all","--cache-dir","out/fp0111-mutation"],"cwd":"C:\\Users\\requi\\.omp\\wt\\te63ab7b1b\\m","started_at":"2026-10-09T20:48:12.389Z","exit_code":1,"signal":null,"timed_out":false,"error":null,"duration_ms":66428,"environment_overrides":{"ZIG_GLOBAL_CACHE_DIR":"C:\\src\\fairpane\\.zig-cache\\global"}}

COMMAND ["C:\\Program Files\\Git\\cmd\\git.exe","apply","-R","engineering/evidence/FP-0111/raw/mutation-M15.diff"]
RESULT {"executable":"C:\\Program Files\\Git\\cmd\\git.exe","arguments":["apply","-R","engineering/evidence/FP-0111/raw/mutation-M15.diff"],"cwd":"C:\\Users\\requi\\.omp\\wt\\te63ab7b1b\\m","started_at":"2026-10-09T20:49:18.946Z","exit_code":0,"signal":null,"timed_out":false,"error":null,"duration_ms":20}

COMMAND ["C:\\Program Files\\Git\\usr\\bin\\sha256sum.exe","src/font/layout.zig"]
204051dd978a30616ff555af4524003c7f288407904a8b454e390d7e8a2e98f9 *src/font/layout.zig
RESULT {"executable":"C:\\Program Files\\Git\\usr\\bin\\sha256sum.exe","arguments":["src/font/layout.zig"],"cwd":"C:\\Users\\requi\\.omp\\wt\\te63ab7b1b\\m","started_at":"2026-10-09T20:49:19.019Z","exit_code":0,"signal":null,"timed_out":false,"error":null,"duration_ms":14}

COMMAND ["C:\\Program Files\\Git\\usr\\bin\\sha256sum.exe","src/font/layout.zig"]
204051dd978a30616ff555af4524003c7f288407904a8b454e390d7e8a2e98f9 *src/font/layout.zig
RESULT {"executable":"C:\\Program Files\\Git\\usr\\bin\\sha256sum.exe","arguments":["src/font/layout.zig"],"cwd":"C:\\Users\\requi\\.omp\\wt\\te63ab7b1b\\m","started_at":"2026-10-09T20:49:19.089Z","exit_code":0,"signal":null,"timed_out":false,"error":null,"duration_ms":30}

COMMAND ["C:\\Program Files\\Git\\cmd\\git.exe","apply","engineering/evidence/FP-0111/raw/mutation-M16.diff"]
RESULT {"executable":"C:\\Program Files\\Git\\cmd\\git.exe","arguments":["apply","engineering/evidence/FP-0111/raw/mutation-M16.diff"],"cwd":"C:\\Users\\requi\\.omp\\wt\\te63ab7b1b\\m","started_at":"2026-10-09T20:49:19.172Z","exit_code":0,"signal":null,"timed_out":false,"error":null,"duration_ms":21}

COMMAND ["C:\\Program Files\\Git\\usr\\bin\\sha256sum.exe","src/font/layout.zig"]
5cf1a4460ece16a3484deddfe79caa800348a8f14ccfd2372c806ccd75eb5223 *src/font/layout.zig
RESULT {"executable":"C:\\Program Files\\Git\\usr\\bin\\sha256sum.exe","arguments":["src/font/layout.zig"],"cwd":"C:\\Users\\requi\\.omp\\wt\\te63ab7b1b\\m","started_at":"2026-10-09T20:49:19.267Z","exit_code":0,"signal":null,"timed_out":false,"error":null,"duration_ms":13}

COMMAND ["C:\\src\\fairpane\\.tools\\zig\\0.18.0-dev.120+9fe22a29b\\x86_64-windows\\zig.exe","build","test","--summary","all","--cache-dir","out/fp0111-mutation"]
test
+- FP-0082 case 16: a missing path exits with status 3 w
fairpane-js-parse: tests/js/parse/missing.js: FileNotFound
failed command: cd . && ".\\zig-out\\bin\\fairpane-js-parse.exe" file tests/js/parse/missing.js

test
+- FP-0082 case 16: invalid-utf8.js exits with status 3 w
fairpane-js-parse: .\tests\js\parse\invalid-utf8.js: InvalidUtf8
failed command: ".\\zig-out\\bin\\fairpane-js-parse.exe" file ".\\tests\\js\\parse\\invalid-utf8.js"

test
+- FP-0082 case 17: the census refuses an existing output file and exits with status 3 w
fairpane-js-parse: census: cannot create .\out\fp0111-mutation\o\0c925f44918d6f5adba948a0455992d0\existing.jsonl: PathAlreadyExists
failed command: ".\\zig-out\\bin\\fairpane-js-parse.exe" census ".\\tests\\js\\census\\sound" ".\\out\\fp0111-mutation\\o\\0c925f44918d6f5adba948a0455992d0\\existing.jsonl"

test
+- run test 85 pass, 1 fail (86 total)
error: 'layout_test.test.FP-0111 case 13: the G lookups, flags, mark filtering sets, extensions, and subtable formats' failed:
       expected 512, found 0
       C:\src\fairpane\.tools\zig\0.18.0-dev.120+9fe22a29b\x86_64-windows\lib\std\testing.zig:93:17: 0x7ff6e91cdbce in expectEqualInner__func_1408 (test_zcu.obj)
                       return error.TestExpectedEqual;
                       ^
       C:\src\fairpane\.tools\zig\0.18.0-dev.120+9fe22a29b\x86_64-windows\lib\std\testing.zig:57: 0x7ff6e9215c32 in expectEqual (test_zcu.obj)
           return expectEqualInner(T, expected, actual);
       
       C:\Users\requi\.omp\wt\te63ab7b1b\m\tests\text\layout_test.zig:109:5: 0x7ff6e9215ca9 in expectLookup (test_zcu.obj)
           try testing.expectEqual(e.flag, l.flag);
           ^
       C:\Users\requi\.omp\wt\te63ab7b1b\m\tests\text\layout_test.zig:542:16: 0x7ff6e921e904 in test.FP-0111 case 13: the G lookups, flags, mark filtering sets, extensions, and subtable formats (test_zcu.obj)
           const l3 = try expectLookup(l.lookup(3), .{ .lookup_type = 1, .extension = true, .flag = 0x0200, .subtables = 2 });
                      ^
failed command: cd . && ".\\out\\fp0111-mutation\\o\\c4be2e15874a58d7289dc6526df38e41\\test.exe" "--cache-dir=.\\out\\fp0111-mutation" --seed=0x3c069003 --listen=-

test
+- run test w
FP-0082 case 10: measured stack use 21104 bytes for 1022 terms and 20976 bytes for 1021 parentheses
failed command: cd . && ".\\out\\fp0111-mutation\\o\\dfacf8cc0b60bef08c8531a68c98ee81\\test.exe" "--cache-dir=.\\out\\fp0111-mutation" --seed=0x3c069003 --listen=-

Build Summary: 99/101 steps succeeded (1 failed); 412/413 tests passed (1 failed)
test transitive failure
+- run test 327 pass (327 total) 58s MaxRSS:396M
|  +- compile test debug native success 11s MaxRSS:990M
+- run test 85 pass, 1 fail (86 total)
|  +- compile test debug native success 5s MaxRSS:507M
+- FP-0007 case 13: case 2 passes with exit status 0 success 62ms
|  +- install fairpane-lab success
|     +- compile exe fairpane-lab debug native success 3s MaxRSS:369M
+- FP-0007 case 13: case 3 fails with exit status 1 success 60ms
|  +- install fairpane-lab (+1 more reused dependencies)
+- FP-0007 case 13: case 4 is unsupported with exit status 2 success 59ms
|  +- install fairpane-lab (+1 more reused dependencies)
+- FP-0007 case 13: case 1 is a harness error with exit status 3 success 68ms
|  +- install fairpane-lab (+1 more reused dependencies)
+- FP-0007 case 13: case 8 times out with exit status 4 success 69ms
|  +- install fairpane-lab (+1 more reused dependencies)
+- FP-0007 case 13: an unknown command exits with status 64 and writes no result success 57ms
|  +- install fairpane-lab (+1 more reused dependencies)
+- FP-0008 case 26: case 18 passes with exit status 0 success 63ms
|  +- install fairpane-lab (+1 more reused dependencies)
+- FP-0008 case 26: the token_count variant of case 19 fails with exit status 1 success 64ms
|  +- install fairpane-lab (+1 more reused dependencies)
+- FP-0008 case 26: the <p> case of case 21 is unsupported with exit status 2 success 67ms
|  +- install fairpane-lab (+1 more reused dependencies)
+- FP-0123 case 15 Lab-7: the UTF-16BE tokenize case of Lab-3 passes with exit status 0 success 65ms
|  +- install fairpane-lab (+1 more reused dependencies)
+- FP-0007 case 14: minimize reduces a failing fetch case with a 4096-byte body success 100ms
|  +- install fairpane-lab (+1 more reused dependencies)
+- FP-0007 case 14: the minimized case fails the same check success 60ms
|  +- install fairpane-lab (+1 more reused dependencies)
|  +- FP-0007 case 14: minimize reduces a failing fetch case with a 4096-byte body (+1 more reused dependencies)
+- FP-0007 case 14: the minimized document body is 1-minimal success 64ms
|  +- compile exe fairpane-lab-check debug native success 3s MaxRSS:357M
|  +- FP-0007 case 14: minimize reduces a failing fetch case with a 4096-byte body (+1 more reused dependencies)
+- FP-0007 case 14: minimize refuses a passing case success 72ms
|  +- install fairpane-lab (+1 more reused dependencies)
+- FP-0007 case 14: a refused minimization writes nothing success 86ms
|  +- compile exe fairpane-lab-check debug native (reused)
|  +- FP-0007 case 14: minimize refuses a passing case (+1 more reused dependencies)
+- FP-0054 case 5: minimize refuses an --out path that names the input file through another spelling success 94ms
|  +- install fairpane-lab (+1 more reused dependencies)
|  +- FP-0054 case 5: create a fresh directory success 92ms
|  |  +- compile exe fairpane-lab-check debug native (reused)
|  +- FP-0054 case 5: create a fresh directory (+1 more reused dependencies)
+- FP-0054 case 5: the refused minimization leaves the input unchanged success 56ms
|  +- compile exe fairpane-lab-check debug native (reused)
|  +- FP-0054 case 5: create a fresh directory (+1 more reused dependencies)
|  +- FP-0054 case 5: minimize refuses an --out path that names the input file through another spelling (+3 more reused dependencies)
+- FP-0054 revision 1 case 1: minimize refuses an --out path that is a hard link to the input file success 61ms
|  +- install fairpane-lab (+1 more reused dependencies)
|  +- FP-0054 revision 1 case 1: create a fresh directory success 85ms
|     +- compile exe fairpane-lab-check debug native (reused)
+- FP-0054 revision 1 case 1: the refused command leaves the input unchanged success 86ms
|  +- compile exe fairpane-lab-check debug native (reused)
|  +- FP-0054 revision 1 case 1: create a fresh directory (+1 more reused dependencies)
|  +- FP-0054 revision 1 case 1: minimize refuses an --out path that is a hard link to the input file (+2 more reused dependencies)
+- FP-0054 revision 1 case 2: run refuses a --transcript path that is a hard link to the input file success 93ms
|  +- install fairpane-lab (+1 more reused dependencies)
|  +- FP-0054 revision 1 case 2: create a fresh directory success 91ms
|     +- compile exe fairpane-lab-check debug native (reused)
+- FP-0054 revision 1 case 2: the refused command leaves the input unchanged success 56ms
|  +- compile exe fairpane-lab-check debug native (reused)
|  +- FP-0054 revision 1 case 2: create a fresh directory (+1 more reused dependencies)
|  +- FP-0054 revision 1 case 2: run refuses a --transcript path that is a hard link to the input file (+2 more reused dependencies)
+- FP-0054 revision 1 case 3: minimize refuses an --out path that names the input file in other letter case success 67ms
|  +- install fairpane-lab (+1 more reused dependencies)
|  +- FP-0054 revision 1 case 3: create a fresh directory success 44ms
|     +- compile exe fairpane-lab-check debug native (reused)
+- FP-0054 revision 1 case 3: the refused command leaves the input unchanged success 103ms
|  +- compile exe fairpane-lab-check debug native (reused)
|  +- FP-0054 revision 1 case 3: create a fresh directory (+1 more reused dependencies)
|  +- FP-0054 revision 1 case 3: minimize refuses an --out path that names the input file in other letter case (+2 more reused dependencies)
+- FP-0054 revision 1 case 4: minimize writes over a separate byte-identical copy of the input file success 95ms
|  +- install fairpane-lab (+1 more reused dependencies)
|  +- FP-0054 revision 1 case 4: create a fresh directory success 87ms
|     +- compile exe fairpane-lab-check debug native (reused)
+- FP-0054 revision 1 case 4: the written case is a version 2 case derived from the input digest success 54ms
|  +- compile exe fairpane-lab-check debug native (reused)
|  +- FP-0054 revision 1 case 4: create a fresh directory (+1 more reused dependencies)
|  +- FP-0054 revision 1 case 4: minimize writes over a separate byte-identical copy of the input file (+2 more reused dependencies)
+- FP-0054 revision 1 case 5: run, minimize, and replay report files one byte above the size limit success 180ms
|  +- compile exe fairpane-lab-check debug native (reused)
|  +- FP-0054 revision 1 case 5: create a fresh directory success 86ms
|  |  +- compile exe fairpane-lab-check debug native (reused)
|  +- install fairpane-lab (+1 more reused dependencies)
+- FP-0076 case 3: minimize writes over an existing out.json whose ACL denies read-data access to Everyone success 93ms
|  +- install fairpane-lab (+1 more reused dependencies)
|  +- FP-0076 case 3: create a fresh directory success 96ms
|     +- compile exe fairpane-lab-check debug native (reused)
+- FP-0076 case 3: out.json is a version 2 case derived from the input digest success 6ms
|  +- compile exe fairpane-lab-check debug native (reused)
|  +- FP-0076 case 3: create a fresh directory (+1 more reused dependencies)
|  +- FP-0076 case 3: restore read access to out.json success 55ms
|     +- compile exe fairpane-lab-check debug native (reused)
|     +- FP-0076 case 3: create a fresh directory (+1 more reused dependencies)
|     +- FP-0076 case 3: minimize writes over an existing out.json whose ACL denies read-data access to Everyone (+2 more reused dependencies)
+- FP-0076 case 4: minimize reports the output path out|.json, which cannot be identified success 94ms
|  +- install fairpane-lab (+1 more reused dependencies)
|  +- FP-0076 case 4: create a fresh directory success 90ms
|     +- compile exe fairpane-lab-check debug native (reused)
+- FP-0076 case 4: the directory gains no file success 55ms
|  +- compile exe fairpane-lab-check debug native (reused)
|  +- FP-0076 case 4: create a fresh directory (+1 more reused dependencies)
|  +- FP-0076 case 4: minimize reports the output path out|.json, which cannot be identified (+2 more reused dependencies)
+- FP-0076 case 7: the revision 1 case 5 helper reports failing checks and removes both oversized files success 168ms
|  +- compile exe fairpane-lab-check debug native (reused)
|  +- FP-0076 case 7: create a fresh directory success 85ms
|  |  +- compile exe fairpane-lab-check debug native (reused)
|  +- compile exe fairpane-lab-check debug native (reused)
+- FP-0076 case 7: no file remains after the failing run success 6ms
|  +- compile exe fairpane-lab-check debug native (reused)
|  +- FP-0076 case 7: create a fresh directory (+1 more reused dependencies)
|  +- FP-0076 case 7: the revision 1 case 5 helper reports failing checks and removes both oversized files (+3 more reused dependencies)
+- FP-0011 case 4: leaf_invokes_to_number.zig success 711ms
+- FP-0011 case 4: leaf_invokes_number_to_string.zig success 676ms
+- FP-0011 case 4: allocation_invokes_call.zig success 723ms
+- FP-0011 case 4: leaf_allocates.zig success 613ms
+- FP-0011 case 4: mutation_throws.zig success 691ms
+- FP-0011 case 4: leaf_calls_behavior.zig success 589ms
+- FP-0011 case 4: leaf_positive.zig success 676ms
+- FP-0011 case 5: catalog_callback_alone.zig success 608ms
+- FP-0011 case 5: catalog_exception_alone.zig success 664ms
+- FP-0011 case 5: catalog_duplicate_id.zig success 676ms
+- FP-0011 case 5: kernel_wider_context.zig success 632ms
+- FP-0011 case 5: kernel_undeclared_throw.zig success 670ms
+- FP-0011 case 8: layout_undescribed_field.zig success 632ms
+- FP-0011 case 8: layout_plain_reference.zig success 608ms
+- FP-0011 case 8: layout_missing_field.zig success 589ms
+- FP-0011 case 20: abi_reference_value.zig success 659ms
+- FP-0011 case 20: abi_nan_box_value.zig success 604ms
+- FP-0011 case 20: abi_tagged_index_value.zig success 635ms
+- FP-0011 case 34: leaf_reaches_heap.zig success 678ms
+- FP-0011 case 35: leaf_widens_context.zig success 593ms
+- FP-0011 case 36: binding_missing_kernel.zig success 606ms
+- FP-0011 case 36: binding_stray_kernel.zig success 612ms
+- library-test success
|  +- run test cached
|  |  +- compile test debug native cached 23ms MaxRSS:18M
|  +- FP-0066 case 1: ReleaseSafe libraries built in two directories are byte-identical success 55ms
|  |  +- compile exe fairpane-library-check debug native cached 22ms MaxRSS:19M
|  |  +- archive fairpane.lib safe success 15ms
|  |  |  +- compile obj fairpane_zcu safe native success 3s MaxRSS:176M
|  |  |     +- WriteFile fp0066-tree-a/src success
|  |  +- archive fairpane.lib safe success 17ms
|  |     +- compile obj fairpane_zcu safe native success 3s MaxRSS:177M
|  |        +- WriteFile fp0066-tree-a/src (reused)
|  +- FP-0066 case 2: the ReleaseSafe library contains neither its build directory nor the compiler installation directory success 35ms
|  |  +- compile exe fairpane-library-check debug native (reused)
|  |  +- archive fairpane.lib safe (+1 more reused dependencies)
|  |  +- WriteFile fp0066-tree-a/src (reused)
|  +- FP-0066 case 4: the Debug library keeps debug information that names the absolute source directory success 31ms
|  |  +- compile exe fairpane-library-check debug native (reused)
|  |  +- archive fairpane.lib debug success 20ms
|  |     +- compile obj fairpane_zcu debug native success 2s MaxRSS:271M
|  +- FP-0066 case 5: the ReleaseSafe library's only member is the object, named without a directory success 49ms
|  |  +- compile exe fairpane-library-check debug native (reused)
|  |  +- archive fairpane.lib safe (+1 more reused dependencies)
|  +- FP-0066: every member header of the ReleaseSafe library has a zero time stamp, owner, and group success 51ms
|     +- compile exe fairpane-library-check debug native (reused)
|     +- archive fairpane.lib safe (+1 more reused dependencies)
+- FP-0082 case 16: valid.js exits with status 0 and prints the T9 dump success 39ms
|  +- install fairpane-js-parse success
|     +- compile exe fairpane-js-parse debug native success 3s MaxRSS:341M
|        +- WriteFile src success
+- FP-0082 case 16: syntax.js exits with status 1 and prints its syntax error success 37ms
|  +- install fairpane-js-parse (+1 more reused dependencies)
+- FP-0082 case 16: unsupported.js exits with status 2 and prints its unsupported outcome success 40ms
|  +- install fairpane-js-parse (+1 more reused dependencies)
+- FP-0082 case 16: invalid-utf8.js exits with status 3 success 35ms
|  +- install fairpane-js-parse (+1 more reused dependencies)
+- FP-0082 case 16: a missing path exits with status 3 success 39ms
|  +- install fairpane-js-parse (+1 more reused dependencies)
+- FP-0082 case 16: no arguments exits with status 3 and writes the usage success 35ms
|  +- install fairpane-js-parse (+1 more reused dependencies)
+- FP-0082 case 17: the census of the sound fixture exits with status 0 success 45ms
|  +- install fairpane-js-parse (+1 more reused dependencies)
+- FP-0082 case 17: the census of the unsound fixture exits with status 1 success 43ms
|  +- install fairpane-js-parse (+1 more reused dependencies)
+- FP-0082 case 17: the census refuses an existing output file and exits with status 3 success 41ms
   +- install fairpane-js-parse (+1 more reused dependencies)
   +- WriteFile existing.jsonl cached

error: the following build command exited with code 1:
C:\src\fairpane\.zig-cache\global\o\253f29e51d3f235ff7bb0cfb57b92bf7\maker.exe build --zig-lib=C:\src\fairpane\.tools\zig\0.18.0-dev.120+9fe22a29b\x86_64-windows\lib --zig=C:\src\fairpane\.tools\zig\0.18.0-dev.120+9fe22a29b\x86_64-windows\zig.exe --global-cache=C:\src\fairpane\.zig-cache\global --seed=0x3c069003 test --summary all --cache-dir out/fp0111-mutation
RESULT {"executable":"C:\\src\\fairpane\\.tools\\zig\\0.18.0-dev.120+9fe22a29b\\x86_64-windows\\zig.exe","arguments":["build","test","--summary","all","--cache-dir","out/fp0111-mutation"],"cwd":"C:\\Users\\requi\\.omp\\wt\\te63ab7b1b\\m","started_at":"2026-10-09T20:49:19.355Z","exit_code":1,"signal":null,"timed_out":false,"error":null,"duration_ms":70290,"environment_overrides":{"ZIG_GLOBAL_CACHE_DIR":"C:\\src\\fairpane\\.zig-cache\\global"}}

COMMAND ["C:\\Program Files\\Git\\cmd\\git.exe","apply","-R","engineering/evidence/FP-0111/raw/mutation-M16.diff"]
RESULT {"executable":"C:\\Program Files\\Git\\cmd\\git.exe","arguments":["apply","-R","engineering/evidence/FP-0111/raw/mutation-M16.diff"],"cwd":"C:\\Users\\requi\\.omp\\wt\\te63ab7b1b\\m","started_at":"2026-10-09T20:50:29.699Z","exit_code":0,"signal":null,"timed_out":false,"error":null,"duration_ms":60}

COMMAND ["C:\\Program Files\\Git\\usr\\bin\\sha256sum.exe","src/font/layout.zig"]
204051dd978a30616ff555af4524003c7f288407904a8b454e390d7e8a2e98f9 *src/font/layout.zig
RESULT {"executable":"C:\\Program Files\\Git\\usr\\bin\\sha256sum.exe","arguments":["src/font/layout.zig"],"cwd":"C:\\Users\\requi\\.omp\\wt\\te63ab7b1b\\m","started_at":"2026-10-09T20:50:29.853Z","exit_code":0,"signal":null,"timed_out":false,"error":null,"duration_ms":22}

COMMAND ["C:\\Program Files\\Git\\usr\\bin\\sha256sum.exe","src/font/layout.zig"]
204051dd978a30616ff555af4524003c7f288407904a8b454e390d7e8a2e98f9 *src/font/layout.zig
RESULT {"executable":"C:\\Program Files\\Git\\usr\\bin\\sha256sum.exe","arguments":["src/font/layout.zig"],"cwd":"C:\\Users\\requi\\.omp\\wt\\te63ab7b1b\\m","started_at":"2026-10-09T20:50:29.930Z","exit_code":0,"signal":null,"timed_out":false,"error":null,"duration_ms":14}

COMMAND ["C:\\Program Files\\Git\\cmd\\git.exe","apply","engineering/evidence/FP-0111/raw/mutation-M17.diff"]
RESULT {"executable":"C:\\Program Files\\Git\\cmd\\git.exe","arguments":["apply","engineering/evidence/FP-0111/raw/mutation-M17.diff"],"cwd":"C:\\Users\\requi\\.omp\\wt\\te63ab7b1b\\m","started_at":"2026-10-09T20:50:29.996Z","exit_code":0,"signal":null,"timed_out":false,"error":null,"duration_ms":21}

COMMAND ["C:\\Program Files\\Git\\usr\\bin\\sha256sum.exe","src/font/layout.zig"]
860de5864f37bdf10393df9ada6aa69304b2bc32f84610db923e0ce0b711ea68 *src/font/layout.zig
RESULT {"executable":"C:\\Program Files\\Git\\usr\\bin\\sha256sum.exe","arguments":["src/font/layout.zig"],"cwd":"C:\\Users\\requi\\.omp\\wt\\te63ab7b1b\\m","started_at":"2026-10-09T20:50:30.069Z","exit_code":0,"signal":null,"timed_out":false,"error":null,"duration_ms":14}

COMMAND ["C:\\src\\fairpane\\.tools\\zig\\0.18.0-dev.120+9fe22a29b\\x86_64-windows\\zig.exe","build","test","--summary","all","--cache-dir","out/fp0111-mutation"]
test
+- FP-0082 case 16: a missing path exits with status 3 w
fairpane-js-parse: tests/js/parse/missing.js: FileNotFound
failed command: cd . && ".\\zig-out\\bin\\fairpane-js-parse.exe" file tests/js/parse/missing.js

test
+- FP-0082 case 16: invalid-utf8.js exits with status 3 w
fairpane-js-parse: .\tests\js\parse\invalid-utf8.js: InvalidUtf8
failed command: ".\\zig-out\\bin\\fairpane-js-parse.exe" file ".\\tests\\js\\parse\\invalid-utf8.js"

test
+- FP-0082 case 17: the census refuses an existing output file and exits with status 3 w
fairpane-js-parse: census: cannot create .\out\fp0111-mutation\o\0c925f44918d6f5adba948a0455992d0\existing.jsonl: PathAlreadyExists
failed command: ".\\zig-out\\bin\\fairpane-js-parse.exe" census ".\\tests\\js\\census\\sound" ".\\out\\fp0111-mutation\\o\\0c925f44918d6f5adba948a0455992d0\\existing.jsonl"

test
+- run test 84 pass, 2 fail (86 total)
error: 'layout_test.test.FP-0111 case 14: the P lookups, including mark coverages, extensions, and unknown types' failed:
       expected 3, found 1
       C:\src\fairpane\.tools\zig\0.18.0-dev.120+9fe22a29b\x86_64-windows\lib\std\testing.zig:93:17: 0x7ff65886dc1e in expectEqualInner__func_1408 (test_zcu.obj)
                       return error.TestExpectedEqual;
                       ^
       C:\src\fairpane\.tools\zig\0.18.0-dev.120+9fe22a29b\x86_64-windows\lib\std\testing.zig:57: 0x7ff6588a825f in expectEqual (test_zcu.obj)
           return expectEqualInner(T, expected, actual);
       
       C:\src\fairpane\.tools\zig\0.18.0-dev.120+9fe22a29b\x86_64-windows\lib\std\testing.zig:170:21: 0x7ff6588a8287 in expectEqualInner__func_1708 (test_zcu.obj)
                           try expectEqual(expected_payload, actual_payload);
                           ^
       C:\src\fairpane\.tools\zig\0.18.0-dev.120+9fe22a29b\x86_64-windows\lib\std\testing.zig:57: 0x7ff6588a859c in expectEqual (test_zcu.obj)
           return expectEqualInner(T, expected, actual);
       
       C:\Users\requi\.omp\wt\te63ab7b1b\m\tests\text\layout_test.zig:76:9: 0x7ff6588a85d0 in expectCoverage (test_zcu.obj)
               try testing.expectEqual(@as(?u16, g), it.next());
               ^
       C:\Users\requi\.omp\wt\te63ab7b1b\m\tests\text\layout_test.zig:119:5: 0x7ff6588b61dd in expectSubtable (test_zcu.obj)
           try expectCoverage(try valid(s.coverage()), coverage_format, glyphs);
           ^
       C:\Users\requi\.omp\wt\te63ab7b1b\m\tests\text\layout_test.zig:576:5: 0x7ff6588b7e7f in test.FP-0111 case 14: the P lookups, including mark coverages, extensions, and unknown types (test_zcu.obj)
           try expectSubtable(try expectLookup(l.lookup(1), .{ .lookup_type = 4 }), 0, 1, 1, &.{3});
           ^
error: 'layout_fixture_test.test.FP-0111 case 25: each fixture's GDEF, GSUB, and GPOS structures equal its version 2 fontTools dump' failed:
       noto-sans gpos .lookups[4].subtables[0].coverage: expected 1, parser 2
       C:\Users\requi\.omp\wt\te63ab7b1b\m\tests\text\layout_fixture_test.zig:26:9: 0x7ff65883df7f in fail__func_841 (test_zcu.obj)
               return error.TestUnexpectedResult;
               ^
       C:\Users\requi\.omp\wt\te63ab7b1b\m\tests\text\layout_fixture_test.zig:30:33: 0x7ff6587f30e4 in int (test_zcu.obj)
               if (expected != actual) return self.fail("expected {d}, parser {d}", .{ expected, actual });
                                       ^
       C:\Users\requi\.omp\wt\te63ab7b1b\m\tests\text\layout_fixture_test.zig:70:5: 0x7ff6587f7cb3 in checkCoverage (test_zcu.obj)
           try w.int(int(o.get("format").?), c.format);
           ^
       C:\Users\requi\.omp\wt\te63ab7b1b\m\tests\text\layout_fixture_test.zig:227:13: 0x7ff6587fcc07 in checkLayout (test_zcu.obj)
                   try checkCoverage(wc, to.get("coverage").?, try wc.valid(s.coverage()));
                   ^
       C:\Users\requi\.omp\wt\te63ab7b1b\m\tests\text\layout_fixture_test.zig:359:18: 0x7ff65880278a in checkFixture (test_zcu.obj)
           const gpos = try checkLayout(arena, .{ .font = f.dir, .table = "gpos", .path = "" }, e.get("gpos").?, parsed.gpos());
                        ^
       C:\Users\requi\.omp\wt\te63ab7b1b\m\tests\text\layout_fixture_test.zig:369:9: 0x7ff658802b7b in test.FP-0111 case 25: each fixture's GDEF, GSUB, and GPOS structures equal its version 2 fontTools dump (test_zcu.obj)
               try checkFixture(arena.allocator(), f);
               ^
failed command: cd . && ".\\out\\fp0111-mutation\\o\\85c04cb1723ea1b2f65104746da0436f\\test.exe" "--cache-dir=.\\out\\fp0111-mutation" --seed=0x3a26a853 --listen=-

test
+- run test w
FP-0082 case 10: measured stack use 21104 bytes for 1022 terms and 20976 bytes for 1021 parentheses
failed command: cd . && ".\\out\\fp0111-mutation\\o\\6a8ad5b71921bea6bf44d39ab588ab25\\test.exe" "--cache-dir=.\\out\\fp0111-mutation" --seed=0x3a26a853 --listen=-

Build Summary: 99/101 steps succeeded (1 failed); 411/413 tests passed (2 failed)
test transitive failure
+- run test 327 pass (327 total) 52s MaxRSS:396M
|  +- compile test debug native success 13s MaxRSS:993M
+- run test 84 pass, 2 fail (86 total)
|  +- compile test debug native success 5s MaxRSS:507M
+- FP-0007 case 13: case 2 passes with exit status 0 success 64ms
|  +- install fairpane-lab success
|     +- compile exe fairpane-lab debug native success 3s MaxRSS:370M
+- FP-0007 case 13: case 3 fails with exit status 1 success 57ms
|  +- install fairpane-lab (+1 more reused dependencies)
+- FP-0007 case 13: case 4 is unsupported with exit status 2 success 58ms
|  +- install fairpane-lab (+1 more reused dependencies)
+- FP-0007 case 13: case 1 is a harness error with exit status 3 success 71ms
|  +- install fairpane-lab (+1 more reused dependencies)
+- FP-0007 case 13: case 8 times out with exit status 4 success 67ms
|  +- install fairpane-lab (+1 more reused dependencies)
+- FP-0007 case 13: an unknown command exits with status 64 and writes no result success 54ms
|  +- install fairpane-lab (+1 more reused dependencies)
+- FP-0008 case 26: case 18 passes with exit status 0 success 74ms
|  +- install fairpane-lab (+1 more reused dependencies)
+- FP-0008 case 26: the token_count variant of case 19 fails with exit status 1 success 60ms
|  +- install fairpane-lab (+1 more reused dependencies)
+- FP-0008 case 26: the <p> case of case 21 is unsupported with exit status 2 success 63ms
|  +- install fairpane-lab (+1 more reused dependencies)
+- FP-0123 case 15 Lab-7: the UTF-16BE tokenize case of Lab-3 passes with exit status 0 success 56ms
|  +- install fairpane-lab (+1 more reused dependencies)
+- FP-0007 case 14: minimize reduces a failing fetch case with a 4096-byte body success 109ms
|  +- install fairpane-lab (+1 more reused dependencies)
+- FP-0007 case 14: the minimized case fails the same check success 334ms
|  +- install fairpane-lab (+1 more reused dependencies)
|  +- FP-0007 case 14: minimize reduces a failing fetch case with a 4096-byte body (+1 more reused dependencies)
+- FP-0007 case 14: the minimized document body is 1-minimal success 294ms
|  +- compile exe fairpane-lab-check debug native success 3s MaxRSS:358M
|  +- FP-0007 case 14: minimize reduces a failing fetch case with a 4096-byte body (+1 more reused dependencies)
+- FP-0007 case 14: minimize refuses a passing case success 65ms
|  +- install fairpane-lab (+1 more reused dependencies)
+- FP-0007 case 14: a refused minimization writes nothing success 311ms
|  +- compile exe fairpane-lab-check debug native (reused)
|  +- FP-0007 case 14: minimize refuses a passing case (+1 more reused dependencies)
+- FP-0054 case 5: minimize refuses an --out path that names the input file through another spelling success 154ms
|  +- install fairpane-lab (+1 more reused dependencies)
|  +- FP-0054 case 5: create a fresh directory success 302ms
|  |  +- compile exe fairpane-lab-check debug native (reused)
|  +- FP-0054 case 5: create a fresh directory (+1 more reused dependencies)
+- FP-0054 case 5: the refused minimization leaves the input unchanged success 146ms
|  +- compile exe fairpane-lab-check debug native (reused)
|  +- FP-0054 case 5: create a fresh directory (+1 more reused dependencies)
|  +- FP-0054 case 5: minimize refuses an --out path that names the input file through another spelling (+3 more reused dependencies)
+- FP-0054 revision 1 case 1: minimize refuses an --out path that is a hard link to the input file success 154ms
|  +- install fairpane-lab (+1 more reused dependencies)
|  +- FP-0054 revision 1 case 1: create a fresh directory success 304ms
|     +- compile exe fairpane-lab-check debug native (reused)
+- FP-0054 revision 1 case 1: the refused command leaves the input unchanged success 335ms
|  +- compile exe fairpane-lab-check debug native (reused)
|  +- FP-0054 revision 1 case 1: create a fresh directory (+1 more reused dependencies)
|  +- FP-0054 revision 1 case 1: minimize refuses an --out path that is a hard link to the input file (+2 more reused dependencies)
+- FP-0054 revision 1 case 2: run refuses a --transcript path that is a hard link to the input file success 199ms
|  +- install fairpane-lab (+1 more reused dependencies)
|  +- FP-0054 revision 1 case 2: create a fresh directory success 308ms
|     +- compile exe fairpane-lab-check debug native (reused)
+- FP-0054 revision 1 case 2: the refused command leaves the input unchanged success 507ms
|  +- compile exe fairpane-lab-check debug native (reused)
|  +- FP-0054 revision 1 case 2: create a fresh directory (+1 more reused dependencies)
|  +- FP-0054 revision 1 case 2: run refuses a --transcript path that is a hard link to the input file (+2 more reused dependencies)
+- FP-0054 revision 1 case 3: minimize refuses an --out path that names the input file in other letter case success 160ms
|  +- install fairpane-lab (+1 more reused dependencies)
|  +- FP-0054 revision 1 case 3: create a fresh directory success 297ms
|     +- compile exe fairpane-lab-check debug native (reused)
+- FP-0054 revision 1 case 3: the refused command leaves the input unchanged success 247ms
|  +- compile exe fairpane-lab-check debug native (reused)
|  +- FP-0054 revision 1 case 3: create a fresh directory (+1 more reused dependencies)
|  +- FP-0054 revision 1 case 3: minimize refuses an --out path that names the input file in other letter case (+2 more reused dependencies)
+- FP-0054 revision 1 case 4: minimize writes over a separate byte-identical copy of the input file success 157ms
|  +- install fairpane-lab (+1 more reused dependencies)
|  +- FP-0054 revision 1 case 4: create a fresh directory success 306ms
|     +- compile exe fairpane-lab-check debug native (reused)
+- FP-0054 revision 1 case 4: the written case is a version 2 case derived from the input digest success 463ms
|  +- compile exe fairpane-lab-check debug native (reused)
|  +- FP-0054 revision 1 case 4: create a fresh directory (+1 more reused dependencies)
|  +- FP-0054 revision 1 case 4: minimize writes over a separate byte-identical copy of the input file (+2 more reused dependencies)
+- FP-0054 revision 1 case 5: run, minimize, and replay report files one byte above the size limit success 598ms
|  +- compile exe fairpane-lab-check debug native (reused)
|  +- FP-0054 revision 1 case 5: create a fresh directory success 251ms
|  |  +- compile exe fairpane-lab-check debug native (reused)
|  +- install fairpane-lab (+1 more reused dependencies)
+- FP-0076 case 3: minimize writes over an existing out.json whose ACL denies read-data access to Everyone success 242ms
|  +- install fairpane-lab (+1 more reused dependencies)
|  +- FP-0076 case 3: create a fresh directory success 314ms
|     +- compile exe fairpane-lab-check debug native (reused)
+- FP-0076 case 3: out.json is a version 2 case derived from the input digest success 11ms
|  +- compile exe fairpane-lab-check debug native (reused)
|  +- FP-0076 case 3: create a fresh directory (+1 more reused dependencies)
|  +- FP-0076 case 3: restore read access to out.json success 464ms
|     +- compile exe fairpane-lab-check debug native (reused)
|     +- FP-0076 case 3: create a fresh directory (+1 more reused dependencies)
|     +- FP-0076 case 3: minimize writes over an existing out.json whose ACL denies read-data access to Everyone (+2 more reused dependencies)
+- FP-0076 case 4: minimize reports the output path out|.json, which cannot be identified success 198ms
|  +- install fairpane-lab (+1 more reused dependencies)
|  +- FP-0076 case 4: create a fresh directory success 310ms
|     +- compile exe fairpane-lab-check debug native (reused)
+- FP-0076 case 4: the directory gains no file success 507ms
|  +- compile exe fairpane-lab-check debug native (reused)
|  +- FP-0076 case 4: create a fresh directory (+1 more reused dependencies)
|  +- FP-0076 case 4: minimize reports the output path out|.json, which cannot be identified (+2 more reused dependencies)
+- FP-0076 case 7: the revision 1 case 5 helper reports failing checks and removes both oversized files success 730ms
|  +- compile exe fairpane-lab-check debug native (reused)
|  +- FP-0076 case 7: create a fresh directory success 296ms
|  |  +- compile exe fairpane-lab-check debug native (reused)
|  +- compile exe fairpane-lab-check debug native (reused)
+- FP-0076 case 7: no file remains after the failing run success 9ms
|  +- compile exe fairpane-lab-check debug native (reused)
|  +- FP-0076 case 7: create a fresh directory (+1 more reused dependencies)
|  +- FP-0076 case 7: the revision 1 case 5 helper reports failing checks and removes both oversized files (+3 more reused dependencies)
+- FP-0011 case 4: leaf_invokes_to_number.zig success 413ms
+- FP-0011 case 4: leaf_invokes_number_to_string.zig success 679ms
+- FP-0011 case 4: allocation_invokes_call.zig success 464ms
+- FP-0011 case 4: leaf_allocates.zig success 391ms
+- FP-0011 case 4: mutation_throws.zig success 604ms
+- FP-0011 case 4: leaf_calls_behavior.zig success 577ms
+- FP-0011 case 4: leaf_positive.zig success 404ms
+- FP-0011 case 5: catalog_callback_alone.zig success 380ms
+- FP-0011 case 5: catalog_exception_alone.zig success 409ms
+- FP-0011 case 5: catalog_duplicate_id.zig success 644ms
+- FP-0011 case 5: kernel_wider_context.zig success 421ms
+- FP-0011 case 5: kernel_undeclared_throw.zig success 344ms
+- FP-0011 case 8: layout_undescribed_field.zig success 329ms
+- FP-0011 case 8: layout_plain_reference.zig success 642ms
+- FP-0011 case 8: layout_missing_field.zig success 360ms
+- FP-0011 case 20: abi_reference_value.zig success 631ms
+- FP-0011 case 20: abi_nan_box_value.zig success 604ms
+- FP-0011 case 20: abi_tagged_index_value.zig success 587ms
+- FP-0011 case 34: leaf_reaches_heap.zig success 640ms
+- FP-0011 case 35: leaf_widens_context.zig success 610ms
+- FP-0011 case 36: binding_missing_kernel.zig success 375ms
+- FP-0011 case 36: binding_stray_kernel.zig success 585ms
+- library-test success
|  +- run test cached
|  |  +- compile test debug native cached 88ms MaxRSS:21M
|  +- FP-0066 case 1: ReleaseSafe libraries built in two directories are byte-identical success 15ms
|  |  +- compile exe fairpane-library-check debug native cached 57ms MaxRSS:18M
|  |  +- archive fairpane.lib safe success 410ms
|  |  |  +- compile obj fairpane_zcu safe native success 4s MaxRSS:177M
|  |  |     +- WriteFile fp0066-tree-a/src success
|  |  +- archive fairpane.lib safe success 405ms
|  |     +- compile obj fairpane_zcu safe native success 4s MaxRSS:177M
|  |        +- WriteFile fp0066-tree-a/src (reused)
|  +- FP-0066 case 2: the ReleaseSafe library contains neither its build directory nor the compiler installation directory success 49ms
|  |  +- compile exe fairpane-library-check debug native (reused)
|  |  +- archive fairpane.lib safe (+1 more reused dependencies)
|  |  +- WriteFile fp0066-tree-a/src (reused)
|  +- FP-0066 case 4: the Debug library keeps debug information that names the absolute source directory success 45ms
|  |  +- compile exe fairpane-library-check debug native (reused)
|  |  +- archive fairpane.lib debug success 32ms
|  |     +- compile obj fairpane_zcu debug native success 2s MaxRSS:270M
|  +- FP-0066 case 5: the ReleaseSafe library's only member is the object, named without a directory success 8ms
|  |  +- compile exe fairpane-library-check debug native (reused)
|  |  +- archive fairpane.lib safe (+1 more reused dependencies)
|  +- FP-0066: every member header of the ReleaseSafe library has a zero time stamp, owner, and group success 9ms
|     +- compile exe fairpane-library-check debug native (reused)
|     +- archive fairpane.lib safe (+1 more reused dependencies)
+- FP-0082 case 16: valid.js exits with status 0 and prints the T9 dump success 234ms
|  +- install fairpane-js-parse success
|     +- compile exe fairpane-js-parse debug native success 3s MaxRSS:346M
|        +- WriteFile src success
+- FP-0082 case 16: syntax.js exits with status 1 and prints its syntax error success 182ms
|  +- install fairpane-js-parse (+1 more reused dependencies)
+- FP-0082 case 16: unsupported.js exits with status 2 and prints its unsupported outcome success 232ms
|  +- install fairpane-js-parse (+1 more reused dependencies)
+- FP-0082 case 16: invalid-utf8.js exits with status 3 success 178ms
|  +- install fairpane-js-parse (+1 more reused dependencies)
+- FP-0082 case 16: a missing path exits with status 3 success 184ms
|  +- install fairpane-js-parse (+1 more reused dependencies)
+- FP-0082 case 16: no arguments exits with status 3 and writes the usage success 180ms
|  +- install fairpane-js-parse (+1 more reused dependencies)
+- FP-0082 case 17: the census of the sound fixture exits with status 0 success 240ms
|  +- install fairpane-js-parse (+1 more reused dependencies)
+- FP-0082 case 17: the census of the unsound fixture exits with status 1 success 241ms
|  +- install fairpane-js-parse (+1 more reused dependencies)
+- FP-0082 case 17: the census refuses an existing output file and exits with status 3 success 236ms
   +- install fairpane-js-parse (+1 more reused dependencies)
   +- WriteFile existing.jsonl cached

error: the following build command exited with code 1:
C:\src\fairpane\.zig-cache\global\o\253f29e51d3f235ff7bb0cfb57b92bf7\maker.exe build --zig-lib=C:\src\fairpane\.tools\zig\0.18.0-dev.120+9fe22a29b\x86_64-windows\lib --zig=C:\src\fairpane\.tools\zig\0.18.0-dev.120+9fe22a29b\x86_64-windows\zig.exe --global-cache=C:\src\fairpane\.zig-cache\global --seed=0x3a26a853 test --summary all --cache-dir out/fp0111-mutation
RESULT {"executable":"C:\\src\\fairpane\\.tools\\zig\\0.18.0-dev.120+9fe22a29b\\x86_64-windows\\zig.exe","arguments":["build","test","--summary","all","--cache-dir","out/fp0111-mutation"],"cwd":"C:\\Users\\requi\\.omp\\wt\\te63ab7b1b\\m","started_at":"2026-10-09T20:50:30.137Z","exit_code":1,"signal":null,"timed_out":false,"error":null,"duration_ms":66053,"environment_overrides":{"ZIG_GLOBAL_CACHE_DIR":"C:\\src\\fairpane\\.zig-cache\\global"}}

COMMAND ["C:\\Program Files\\Git\\cmd\\git.exe","apply","-R","engineering/evidence/FP-0111/raw/mutation-M17.diff"]
RESULT {"executable":"C:\\Program Files\\Git\\cmd\\git.exe","arguments":["apply","-R","engineering/evidence/FP-0111/raw/mutation-M17.diff"],"cwd":"C:\\Users\\requi\\.omp\\wt\\te63ab7b1b\\m","started_at":"2026-10-09T20:51:36.256Z","exit_code":0,"signal":null,"timed_out":false,"error":null,"duration_ms":24}

COMMAND ["C:\\Program Files\\Git\\usr\\bin\\sha256sum.exe","src/font/layout.zig"]
204051dd978a30616ff555af4524003c7f288407904a8b454e390d7e8a2e98f9 *src/font/layout.zig
RESULT {"executable":"C:\\Program Files\\Git\\usr\\bin\\sha256sum.exe","arguments":["src/font/layout.zig"],"cwd":"C:\\Users\\requi\\.omp\\wt\\te63ab7b1b\\m","started_at":"2026-10-09T20:51:36.350Z","exit_code":0,"signal":null,"timed_out":false,"error":null,"duration_ms":16}

COMMAND ["C:\\Program Files\\Git\\usr\\bin\\sha256sum.exe","src/font/layout.zig"]
204051dd978a30616ff555af4524003c7f288407904a8b454e390d7e8a2e98f9 *src/font/layout.zig
RESULT {"executable":"C:\\Program Files\\Git\\usr\\bin\\sha256sum.exe","arguments":["src/font/layout.zig"],"cwd":"C:\\Users\\requi\\.omp\\wt\\te63ab7b1b\\m","started_at":"2026-10-09T20:51:36.442Z","exit_code":0,"signal":null,"timed_out":false,"error":null,"duration_ms":17}

COMMAND ["C:\\Program Files\\Git\\cmd\\git.exe","apply","engineering/evidence/FP-0111/raw/mutation-M18.diff"]
RESULT {"executable":"C:\\Program Files\\Git\\cmd\\git.exe","arguments":["apply","engineering/evidence/FP-0111/raw/mutation-M18.diff"],"cwd":"C:\\Users\\requi\\.omp\\wt\\te63ab7b1b\\m","started_at":"2026-10-09T20:51:36.537Z","exit_code":0,"signal":null,"timed_out":false,"error":null,"duration_ms":24}

COMMAND ["C:\\Program Files\\Git\\usr\\bin\\sha256sum.exe","src/font/layout.zig"]
21f7614bd2be5ee10b2a8fd866daa4c0d17a927f9007c74f210a89abf2dbba7d *src/font/layout.zig
RESULT {"executable":"C:\\Program Files\\Git\\usr\\bin\\sha256sum.exe","arguments":["src/font/layout.zig"],"cwd":"C:\\Users\\requi\\.omp\\wt\\te63ab7b1b\\m","started_at":"2026-10-09T20:51:36.626Z","exit_code":0,"signal":null,"timed_out":false,"error":null,"duration_ms":17}

COMMAND ["C:\\src\\fairpane\\.tools\\zig\\0.18.0-dev.120+9fe22a29b\\x86_64-windows\\zig.exe","build","test","--summary","all","--cache-dir","out/fp0111-mutation"]
test
+- FP-0082 case 16: a missing path exits with status 3 w
fairpane-js-parse: tests/js/parse/missing.js: FileNotFound
failed command: cd . && ".\\zig-out\\bin\\fairpane-js-parse.exe" file tests/js/parse/missing.js

test
+- FP-0082 case 16: invalid-utf8.js exits with status 3 w
fairpane-js-parse: .\tests\js\parse\invalid-utf8.js: InvalidUtf8
failed command: ".\\zig-out\\bin\\fairpane-js-parse.exe" file ".\\tests\\js\\parse\\invalid-utf8.js"

test
+- FP-0082 case 17: the census refuses an existing output file and exits with status 3 w
fairpane-js-parse: census: cannot create .\out\fp0111-mutation\o\0c925f44918d6f5adba948a0455992d0\existing.jsonl: PathAlreadyExists
failed command: ".\\zig-out\\bin\\fairpane-js-parse.exe" census ".\\tests\\js\\census\\sound" ".\\out\\fp0111-mutation\\o\\0c925f44918d6f5adba948a0455992d0\\existing.jsonl"

test
+- run test 85 pass, 1 fail (86 total)
error: 'layout_test.test.FP-0111 case 17: selection work is counted and limited' failed:
       expected valid, got limit_exceeded
       C:\Users\requi\.omp\wt\te63ab7b1b\m\tests\text\layout_test.zig:39:13: 0x7ff7fe36a38a in valid__func_1715 (test_zcu.obj)
                   return error.TestUnexpectedResult;
                   ^
       C:\Users\requi\.omp\wt\te63ab7b1b\m\tests\text\layout_test.zig:776:13: 0x7ff7fe36a994 in test.FP-0111 case 17: selection work is counted and limited (test_zcu.obj)
               _ = try valid(try l.selectLookups(liga_request, .{ .max_work = 10_100 }, &masks));
                   ^
failed command: cd . && ".\\out\\fp0111-mutation\\o\\359fe44238e837e64ae358a81d22297a\\test.exe" "--cache-dir=.\\out\\fp0111-mutation" --seed=0xfd56559f --listen=-

test
+- run test w
FP-0082 case 10: measured stack use 21104 bytes for 1022 terms and 20976 bytes for 1021 parentheses
failed command: cd . && ".\\out\\fp0111-mutation\\o\\051df8d3df2f153128bac496f210ca46\\test.exe" "--cache-dir=.\\out\\fp0111-mutation" --seed=0xfd56559f --listen=-

Build Summary: 99/101 steps succeeded (1 failed); 412/413 tests passed (1 failed)
test transitive failure
+- run test 327 pass (327 total) 53s MaxRSS:396M
|  +- compile test debug native success 12s MaxRSS:992M
+- run test 85 pass, 1 fail (86 total)
|  +- compile test debug native success 5s MaxRSS:506M
+- FP-0007 case 13: case 2 passes with exit status 0 success 113ms
|  +- install fairpane-lab success
|     +- compile exe fairpane-lab debug native success 4s MaxRSS:370M
+- FP-0007 case 13: case 3 fails with exit status 1 success 109ms
|  +- install fairpane-lab (+1 more reused dependencies)
+- FP-0007 case 13: case 4 is unsupported with exit status 2 success 53ms
|  +- install fairpane-lab (+1 more reused dependencies)
+- FP-0007 case 13: case 1 is a harness error with exit status 3 success 62ms
|  +- install fairpane-lab (+1 more reused dependencies)
+- FP-0007 case 13: case 8 times out with exit status 4 success 57ms
|  +- install fairpane-lab (+1 more reused dependencies)
+- FP-0007 case 13: an unknown command exits with status 64 and writes no result success 58ms
|  +- install fairpane-lab (+1 more reused dependencies)
+- FP-0008 case 26: case 18 passes with exit status 0 success 115ms
|  +- install fairpane-lab (+1 more reused dependencies)
+- FP-0008 case 26: the token_count variant of case 19 fails with exit status 1 success 110ms
|  +- install fairpane-lab (+1 more reused dependencies)
+- FP-0008 case 26: the <p> case of case 21 is unsupported with exit status 2 success 111ms
|  +- install fairpane-lab (+1 more reused dependencies)
+- FP-0123 case 15 Lab-7: the UTF-16BE tokenize case of Lab-3 passes with exit status 0 success 55ms
|  +- install fairpane-lab (+1 more reused dependencies)
+- FP-0007 case 14: minimize reduces a failing fetch case with a 4096-byte body success 107ms
|  +- install fairpane-lab (+1 more reused dependencies)
+- FP-0007 case 14: the minimized case fails the same check success 19ms
|  +- install fairpane-lab (+1 more reused dependencies)
|  +- FP-0007 case 14: minimize reduces a failing fetch case with a 4096-byte body (+1 more reused dependencies)
+- FP-0007 case 14: the minimized document body is 1-minimal success 29ms
|  +- compile exe fairpane-lab-check debug native success 3s MaxRSS:358M
|  +- FP-0007 case 14: minimize reduces a failing fetch case with a 4096-byte body (+1 more reused dependencies)
+- FP-0007 case 14: minimize refuses a passing case success 116ms
|  +- install fairpane-lab (+1 more reused dependencies)
+- FP-0007 case 14: a refused minimization writes nothing success 15ms
|  +- compile exe fairpane-lab-check debug native (reused)
|  +- FP-0007 case 14: minimize refuses a passing case (+1 more reused dependencies)
+- FP-0054 case 5: minimize refuses an --out path that names the input file through another spelling success 60ms
|  +- install fairpane-lab (+1 more reused dependencies)
|  +- FP-0054 case 5: create a fresh directory success 57ms
|  |  +- compile exe fairpane-lab-check debug native (reused)
|  +- FP-0054 case 5: create a fresh directory (+1 more reused dependencies)
+- FP-0054 case 5: the refused minimization leaves the input unchanged success 77ms
|  +- compile exe fairpane-lab-check debug native (reused)
|  +- FP-0054 case 5: create a fresh directory (+1 more reused dependencies)
|  +- FP-0054 case 5: minimize refuses an --out path that names the input file through another spelling (+3 more reused dependencies)
+- FP-0054 revision 1 case 1: minimize refuses an --out path that is a hard link to the input file success 58ms
|  +- install fairpane-lab (+1 more reused dependencies)
|  +- FP-0054 revision 1 case 1: create a fresh directory success 54ms
|     +- compile exe fairpane-lab-check debug native (reused)
+- FP-0054 revision 1 case 1: the refused command leaves the input unchanged success 77ms
|  +- compile exe fairpane-lab-check debug native (reused)
|  +- FP-0054 revision 1 case 1: create a fresh directory (+1 more reused dependencies)
|  +- FP-0054 revision 1 case 1: minimize refuses an --out path that is a hard link to the input file (+2 more reused dependencies)
+- FP-0054 revision 1 case 2: run refuses a --transcript path that is a hard link to the input file success 53ms
|  +- install fairpane-lab (+1 more reused dependencies)
|  +- FP-0054 revision 1 case 2: create a fresh directory success 58ms
|     +- compile exe fairpane-lab-check debug native (reused)
+- FP-0054 revision 1 case 2: the refused command leaves the input unchanged success 78ms
|  +- compile exe fairpane-lab-check debug native (reused)
|  +- FP-0054 revision 1 case 2: create a fresh directory (+1 more reused dependencies)
|  +- FP-0054 revision 1 case 2: run refuses a --transcript path that is a hard link to the input file (+2 more reused dependencies)
+- FP-0054 revision 1 case 3: minimize refuses an --out path that names the input file in other letter case success 57ms
|  +- install fairpane-lab (+1 more reused dependencies)
|  +- FP-0054 revision 1 case 3: create a fresh directory success 63ms
|     +- compile exe fairpane-lab-check debug native (reused)
+- FP-0054 revision 1 case 3: the refused command leaves the input unchanged success 78ms
|  +- compile exe fairpane-lab-check debug native (reused)
|  +- FP-0054 revision 1 case 3: create a fresh directory (+1 more reused dependencies)
|  +- FP-0054 revision 1 case 3: minimize refuses an --out path that names the input file in other letter case (+2 more reused dependencies)
+- FP-0054 revision 1 case 4: minimize writes over a separate byte-identical copy of the input file success 63ms
|  +- install fairpane-lab (+1 more reused dependencies)
|  +- FP-0054 revision 1 case 4: create a fresh directory success 54ms
|     +- compile exe fairpane-lab-check debug native (reused)
+- FP-0054 revision 1 case 4: the written case is a version 2 case derived from the input digest success 77ms
|  +- compile exe fairpane-lab-check debug native (reused)
|  +- FP-0054 revision 1 case 4: create a fresh directory (+1 more reused dependencies)
|  +- FP-0054 revision 1 case 4: minimize writes over a separate byte-identical copy of the input file (+2 more reused dependencies)
+- FP-0054 revision 1 case 5: run, minimize, and replay report files one byte above the size limit success 148ms
|  +- compile exe fairpane-lab-check debug native (reused)
|  +- FP-0054 revision 1 case 5: create a fresh directory success 59ms
|  |  +- compile exe fairpane-lab-check debug native (reused)
|  +- install fairpane-lab (+1 more reused dependencies)
+- FP-0076 case 3: minimize writes over an existing out.json whose ACL denies read-data access to Everyone success 51ms
|  +- install fairpane-lab (+1 more reused dependencies)
|  +- FP-0076 case 3: create a fresh directory success 57ms
|     +- compile exe fairpane-lab-check debug native (reused)
+- FP-0076 case 3: out.json is a version 2 case derived from the input digest success 15ms
|  +- compile exe fairpane-lab-check debug native (reused)
|  +- FP-0076 case 3: create a fresh directory (+1 more reused dependencies)
|  +- FP-0076 case 3: restore read access to out.json success 80ms
|     +- compile exe fairpane-lab-check debug native (reused)
|     +- FP-0076 case 3: create a fresh directory (+1 more reused dependencies)
|     +- FP-0076 case 3: minimize writes over an existing out.json whose ACL denies read-data access to Everyone (+2 more reused dependencies)
+- FP-0076 case 4: minimize reports the output path out|.json, which cannot be identified success 55ms
|  +- install fairpane-lab (+1 more reused dependencies)
|  +- FP-0076 case 4: create a fresh directory success 113ms
|     +- compile exe fairpane-lab-check debug native (reused)
+- FP-0076 case 4: the directory gains no file success 78ms
|  +- compile exe fairpane-lab-check debug native (reused)
|  +- FP-0076 case 4: create a fresh directory (+1 more reused dependencies)
|  +- FP-0076 case 4: minimize reports the output path out|.json, which cannot be identified (+2 more reused dependencies)
+- FP-0076 case 7: the revision 1 case 5 helper reports failing checks and removes both oversized files success 108ms
|  +- compile exe fairpane-lab-check debug native (reused)
|  +- FP-0076 case 7: create a fresh directory success 61ms
|  |  +- compile exe fairpane-lab-check debug native (reused)
|  +- compile exe fairpane-lab-check debug native (reused)
+- FP-0076 case 7: no file remains after the failing run success 48ms
|  +- compile exe fairpane-lab-check debug native (reused)
|  +- FP-0076 case 7: create a fresh directory (+1 more reused dependencies)
|  +- FP-0076 case 7: the revision 1 case 5 helper reports failing checks and removes both oversized files (+3 more reused dependencies)
+- FP-0011 case 4: leaf_invokes_to_number.zig success 414ms
+- FP-0011 case 4: leaf_invokes_number_to_string.zig success 618ms
+- FP-0011 case 4: allocation_invokes_call.zig success 596ms
+- FP-0011 case 4: leaf_allocates.zig success 545ms
+- FP-0011 case 4: mutation_throws.zig success 541ms
+- FP-0011 case 4: leaf_calls_behavior.zig success 521ms
+- FP-0011 case 4: leaf_positive.zig success 520ms
+- FP-0011 case 5: catalog_callback_alone.zig success 545ms
+- FP-0011 case 5: catalog_exception_alone.zig success 340ms
+- FP-0011 case 5: catalog_duplicate_id.zig success 546ms
+- FP-0011 case 5: kernel_wider_context.zig success 325ms
+- FP-0011 case 5: kernel_undeclared_throw.zig success 578ms
+- FP-0011 case 8: layout_undescribed_field.zig success 574ms
+- FP-0011 case 8: layout_plain_reference.zig success 540ms
+- FP-0011 case 8: layout_missing_field.zig success 443ms
+- FP-0011 case 20: abi_reference_value.zig success 562ms
+- FP-0011 case 20: abi_nan_box_value.zig success 568ms
+- FP-0011 case 20: abi_tagged_index_value.zig success 341ms
+- FP-0011 case 34: leaf_reaches_heap.zig success 568ms
+- FP-0011 case 35: leaf_widens_context.zig success 357ms
+- FP-0011 case 36: binding_missing_kernel.zig success 560ms
+- FP-0011 case 36: binding_stray_kernel.zig success 336ms
+- library-test success
|  +- run test cached
|  |  +- compile test debug native cached 91ms MaxRSS:19M
|  +- FP-0066 case 1: ReleaseSafe libraries built in two directories are byte-identical success 15ms
|  |  +- compile exe fairpane-library-check debug native cached 83ms MaxRSS:18M
|  |  +- archive fairpane.lib safe success 17ms
|  |  |  +- compile obj fairpane_zcu safe native success 4s MaxRSS:177M
|  |  |     +- WriteFile fp0066-tree-a/src success
|  |  +- archive fairpane.lib safe success 21ms
|  |     +- compile obj fairpane_zcu safe native success 4s MaxRSS:177M
|  |        +- WriteFile fp0066-tree-a/src (reused)
|  +- FP-0066 case 2: the ReleaseSafe library contains neither its build directory nor the compiler installation directory success 50ms
|  |  +- compile exe fairpane-library-check debug native (reused)
|  |  +- archive fairpane.lib safe (+1 more reused dependencies)
|  |  +- WriteFile fp0066-tree-a/src (reused)
|  +- FP-0066 case 4: the Debug library keeps debug information that names the absolute source directory success 50ms
|  |  +- compile exe fairpane-library-check debug native (reused)
|  |  +- archive fairpane.lib debug success 23ms
|  |     +- compile obj fairpane_zcu debug native success 2s MaxRSS:269M
|  +- FP-0066 case 5: the ReleaseSafe library's only member is the object, named without a directory success 11ms
|  |  +- compile exe fairpane-library-check debug native (reused)
|  |  +- archive fairpane.lib safe (+1 more reused dependencies)
|  +- FP-0066: every member header of the ReleaseSafe library has a zero time stamp, owner, and group success 8ms
|     +- compile exe fairpane-library-check debug native (reused)
|     +- archive fairpane.lib safe (+1 more reused dependencies)
+- FP-0082 case 16: valid.js exits with status 0 and prints the T9 dump success 49ms
|  +- install fairpane-js-parse success
|     +- compile exe fairpane-js-parse debug native success 3s MaxRSS:346M
|        +- WriteFile src success
+- FP-0082 case 16: syntax.js exits with status 1 and prints its syntax error success 46ms
|  +- install fairpane-js-parse (+1 more reused dependencies)
+- FP-0082 case 16: unsupported.js exits with status 2 and prints its unsupported outcome success 42ms
|  +- install fairpane-js-parse (+1 more reused dependencies)
+- FP-0082 case 16: invalid-utf8.js exits with status 3 success 45ms
|  +- install fairpane-js-parse (+1 more reused dependencies)
+- FP-0082 case 16: a missing path exits with status 3 success 47ms
|  +- install fairpane-js-parse (+1 more reused dependencies)
+- FP-0082 case 16: no arguments exits with status 3 and writes the usage success 42ms
|  +- install fairpane-js-parse (+1 more reused dependencies)
+- FP-0082 case 17: the census of the sound fixture exits with status 0 success 53ms
|  +- install fairpane-js-parse (+1 more reused dependencies)
+- FP-0082 case 17: the census of the unsound fixture exits with status 1 success 54ms
|  +- install fairpane-js-parse (+1 more reused dependencies)
+- FP-0082 case 17: the census refuses an existing output file and exits with status 3 success 49ms
   +- install fairpane-js-parse (+1 more reused dependencies)
   +- WriteFile existing.jsonl cached

error: the following build command exited with code 1:
C:\src\fairpane\.zig-cache\global\o\253f29e51d3f235ff7bb0cfb57b92bf7\maker.exe build --zig-lib=C:\src\fairpane\.tools\zig\0.18.0-dev.120+9fe22a29b\x86_64-windows\lib --zig=C:\src\fairpane\.tools\zig\0.18.0-dev.120+9fe22a29b\x86_64-windows\zig.exe --global-cache=C:\src\fairpane\.zig-cache\global --seed=0xfd56559f test --summary all --cache-dir out/fp0111-mutation
RESULT {"executable":"C:\\src\\fairpane\\.tools\\zig\\0.18.0-dev.120+9fe22a29b\\x86_64-windows\\zig.exe","arguments":["build","test","--summary","all","--cache-dir","out/fp0111-mutation"],"cwd":"C:\\Users\\requi\\.omp\\wt\\te63ab7b1b\\m","started_at":"2026-10-09T20:51:36.722Z","exit_code":1,"signal":null,"timed_out":false,"error":null,"duration_ms":66332,"environment_overrides":{"ZIG_GLOBAL_CACHE_DIR":"C:\\src\\fairpane\\.zig-cache\\global"}}

COMMAND ["C:\\Program Files\\Git\\cmd\\git.exe","apply","-R","engineering/evidence/FP-0111/raw/mutation-M18.diff"]
RESULT {"executable":"C:\\Program Files\\Git\\cmd\\git.exe","arguments":["apply","-R","engineering/evidence/FP-0111/raw/mutation-M18.diff"],"cwd":"C:\\Users\\requi\\.omp\\wt\\te63ab7b1b\\m","started_at":"2026-10-09T20:52:43.114Z","exit_code":0,"signal":null,"timed_out":false,"error":null,"duration_ms":22}

COMMAND ["C:\\Program Files\\Git\\usr\\bin\\sha256sum.exe","src/font/layout.zig"]
204051dd978a30616ff555af4524003c7f288407904a8b454e390d7e8a2e98f9 *src/font/layout.zig
RESULT {"executable":"C:\\Program Files\\Git\\usr\\bin\\sha256sum.exe","arguments":["src/font/layout.zig"],"cwd":"C:\\Users\\requi\\.omp\\wt\\te63ab7b1b\\m","started_at":"2026-10-09T20:52:43.198Z","exit_code":0,"signal":null,"timed_out":false,"error":null,"duration_ms":14}

COMMAND ["C:\\Program Files\\Git\\usr\\bin\\sha256sum.exe","src/font/layout.zig"]
204051dd978a30616ff555af4524003c7f288407904a8b454e390d7e8a2e98f9 *src/font/layout.zig
RESULT {"executable":"C:\\Program Files\\Git\\usr\\bin\\sha256sum.exe","arguments":["src/font/layout.zig"],"cwd":"C:\\Users\\requi\\.omp\\wt\\te63ab7b1b\\m","started_at":"2026-10-09T20:52:43.271Z","exit_code":0,"signal":null,"timed_out":false,"error":null,"duration_ms":15}

COMMAND ["C:\\Program Files\\Git\\cmd\\git.exe","apply","engineering/evidence/FP-0111/raw/mutation-M19.diff"]
RESULT {"executable":"C:\\Program Files\\Git\\cmd\\git.exe","arguments":["apply","engineering/evidence/FP-0111/raw/mutation-M19.diff"],"cwd":"C:\\Users\\requi\\.omp\\wt\\te63ab7b1b\\m","started_at":"2026-10-09T20:52:43.348Z","exit_code":0,"signal":null,"timed_out":false,"error":null,"duration_ms":23}

COMMAND ["C:\\Program Files\\Git\\usr\\bin\\sha256sum.exe","src/font/layout.zig"]
e508ec6ec6b703a4ab34d2184634b22dfb3bc8760b9254c7fe36cfb575722cd7 *src/font/layout.zig
RESULT {"executable":"C:\\Program Files\\Git\\usr\\bin\\sha256sum.exe","arguments":["src/font/layout.zig"],"cwd":"C:\\Users\\requi\\.omp\\wt\\te63ab7b1b\\m","started_at":"2026-10-09T20:52:43.434Z","exit_code":0,"signal":null,"timed_out":false,"error":null,"duration_ms":15}

COMMAND ["C:\\src\\fairpane\\.tools\\zig\\0.18.0-dev.120+9fe22a29b\\x86_64-windows\\zig.exe","build","test","--summary","all","--cache-dir","out/fp0111-mutation"]
test
+- FP-0082 case 16: a missing path exits with status 3 w
fairpane-js-parse: tests/js/parse/missing.js: FileNotFound
failed command: cd . && ".\\zig-out\\bin\\fairpane-js-parse.exe" file tests/js/parse/missing.js

test
+- FP-0082 case 16: invalid-utf8.js exits with status 3 w
fairpane-js-parse: .\tests\js\parse\invalid-utf8.js: InvalidUtf8
failed command: ".\\zig-out\\bin\\fairpane-js-parse.exe" file ".\\tests\\js\\parse\\invalid-utf8.js"

test
+- FP-0082 case 17: the census refuses an existing output file and exits with status 3 w
fairpane-js-parse: census: cannot create .\out\fp0111-mutation\o\0c925f44918d6f5adba948a0455992d0\existing.jsonl: PathAlreadyExists
failed command: ".\\zig-out\\bin\\fairpane-js-parse.exe" census ".\\tests\\js\\census\\sound" ".\\out\\fp0111-mutation\\o\\0c925f44918d6f5adba948a0455992d0\\existing.jsonl"

test
+- run test 84 pass, 2 fail (86 total)
error: 'layout_test.test.FP-0111 case 17: selection work is counted and limited' failed:
       C:\src\fairpane\.tools\zig\0.18.0-dev.120+9fe22a29b\x86_64-windows\lib\std\testing.zig:584:14: 0x7ff7919929df in expect (test_zcu.obj)
           if (!ok) return error.TestUnexpectedResult;
                    ^
       C:\Users\requi\.omp\wt\te63ab7b1b\m\tests\text\layout_test.zig:779:9: 0x7ff791a3ac0a in test.FP-0111 case 17: selection work is counted and limited (test_zcu.obj)
               try testing.expect(try l.selectLookups(liga_request, .{ .max_work = 10_099 }, &masks) == .limit_exceeded);
               ^
error: 'layout_test.test.FP-0111 case 23: selection and the walk run on a 256 KiB stack' failed:
       C:\src\fairpane\.tools\zig\0.18.0-dev.120+9fe22a29b\x86_64-windows\lib\std\testing.zig:584:14: 0x7ff7919929df in expect (test_zcu.obj)
           if (!ok) return error.TestUnexpectedResult;
                    ^
       C:\Users\requi\.omp\wt\te63ab7b1b\m\tests\text\layout_test.zig:1346:5: 0x7ff791a00371 in test.FP-0111 case 23: selection and the walk run on a 256 KiB stack (test_zcu.obj)
           try testing.expect(run.h100 == .limit_exceeded);
           ^
failed command: cd . && ".\\out\\fp0111-mutation\\o\\2fce3d579105627863fdf52bab15aba8\\test.exe" "--cache-dir=.\\out\\fp0111-mutation" --seed=0x79124dc9 --listen=-

test
+- run test w
FP-0082 case 10: measured stack use 21104 bytes for 1022 terms and 20976 bytes for 1021 parentheses
failed command: cd . && ".\\out\\fp0111-mutation\\o\\d78a77b796ac934876ae420ea1af2533\\test.exe" "--cache-dir=.\\out\\fp0111-mutation" --seed=0x79124dc9 --listen=-

Build Summary: 99/101 steps succeeded (1 failed); 411/413 tests passed (2 failed)
test transitive failure
+- run test 327 pass (327 total) 57s MaxRSS:396M
|  +- compile test debug native success 11s MaxRSS:993M
+- run test 84 pass, 2 fail (86 total)
|  +- compile test debug native success 5s MaxRSS:507M
+- FP-0007 case 13: case 2 passes with exit status 0 success 78ms
|  +- install fairpane-lab success
|     +- compile exe fairpane-lab debug native success 3s MaxRSS:371M
+- FP-0007 case 13: case 3 fails with exit status 1 success 87ms
|  +- install fairpane-lab (+1 more reused dependencies)
+- FP-0007 case 13: case 4 is unsupported with exit status 2 success 90ms
|  +- install fairpane-lab (+1 more reused dependencies)
+- FP-0007 case 13: case 1 is a harness error with exit status 3 success 80ms
|  +- install fairpane-lab (+1 more reused dependencies)
+- FP-0007 case 13: case 8 times out with exit status 4 success 79ms
|  +- install fairpane-lab (+1 more reused dependencies)
+- FP-0007 case 13: an unknown command exits with status 64 and writes no result success 83ms
|  +- install fairpane-lab (+1 more reused dependencies)
+- FP-0008 case 26: case 18 passes with exit status 0 success 88ms
|  +- install fairpane-lab (+1 more reused dependencies)
+- FP-0008 case 26: the token_count variant of case 19 fails with exit status 1 success 82ms
|  +- install fairpane-lab (+1 more reused dependencies)
+- FP-0008 case 26: the <p> case of case 21 is unsupported with exit status 2 success 83ms
|  +- install fairpane-lab (+1 more reused dependencies)
+- FP-0123 case 15 Lab-7: the UTF-16BE tokenize case of Lab-3 passes with exit status 0 success 86ms
|  +- install fairpane-lab (+1 more reused dependencies)
+- FP-0007 case 14: minimize reduces a failing fetch case with a 4096-byte body success 122ms
|  +- install fairpane-lab (+1 more reused dependencies)
+- FP-0007 case 14: the minimized case fails the same check success 29ms
|  +- install fairpane-lab (+1 more reused dependencies)
|  +- FP-0007 case 14: minimize reduces a failing fetch case with a 4096-byte body (+1 more reused dependencies)
+- FP-0007 case 14: the minimized document body is 1-minimal success 34ms
|  +- compile exe fairpane-lab-check debug native success 3s MaxRSS:359M
|  +- FP-0007 case 14: minimize reduces a failing fetch case with a 4096-byte body (+1 more reused dependencies)
+- FP-0007 case 14: minimize refuses a passing case success 93ms
|  +- install fairpane-lab (+1 more reused dependencies)
+- FP-0007 case 14: a refused minimization writes nothing success 53ms
|  +- compile exe fairpane-lab-check debug native (reused)
|  +- FP-0007 case 14: minimize refuses a passing case (+1 more reused dependencies)
+- FP-0054 case 5: minimize refuses an --out path that names the input file through another spelling success 47ms
|  +- install fairpane-lab (+1 more reused dependencies)
|  +- FP-0054 case 5: create a fresh directory success 51ms
|  |  +- compile exe fairpane-lab-check debug native (reused)
|  +- FP-0054 case 5: create a fresh directory (+1 more reused dependencies)
+- FP-0054 case 5: the refused minimization leaves the input unchanged success 65ms
|  +- compile exe fairpane-lab-check debug native (reused)
|  +- FP-0054 case 5: create a fresh directory (+1 more reused dependencies)
|  +- FP-0054 case 5: minimize refuses an --out path that names the input file through another spelling (+3 more reused dependencies)
+- FP-0054 revision 1 case 1: minimize refuses an --out path that is a hard link to the input file success 84ms
|  +- install fairpane-lab (+1 more reused dependencies)
|  +- FP-0054 revision 1 case 1: create a fresh directory success 47ms
|     +- compile exe fairpane-lab-check debug native (reused)
+- FP-0054 revision 1 case 1: the refused command leaves the input unchanged success 29ms
|  +- compile exe fairpane-lab-check debug native (reused)
|  +- FP-0054 revision 1 case 1: create a fresh directory (+1 more reused dependencies)
|  +- FP-0054 revision 1 case 1: minimize refuses an --out path that is a hard link to the input file (+2 more reused dependencies)
+- FP-0054 revision 1 case 2: run refuses a --transcript path that is a hard link to the input file success 43ms
|  +- install fairpane-lab (+1 more reused dependencies)
|  +- FP-0054 revision 1 case 2: create a fresh directory success 49ms
|     +- compile exe fairpane-lab-check debug native (reused)
+- FP-0054 revision 1 case 2: the refused command leaves the input unchanged success 63ms
|  +- compile exe fairpane-lab-check debug native (reused)
|  +- FP-0054 revision 1 case 2: create a fresh directory (+1 more reused dependencies)
|  +- FP-0054 revision 1 case 2: run refuses a --transcript path that is a hard link to the input file (+2 more reused dependencies)
+- FP-0054 revision 1 case 3: minimize refuses an --out path that names the input file in other letter case success 44ms
|  +- install fairpane-lab (+1 more reused dependencies)
|  +- FP-0054 revision 1 case 3: create a fresh directory success 56ms
|     +- compile exe fairpane-lab-check debug native (reused)
+- FP-0054 revision 1 case 3: the refused command leaves the input unchanged success 64ms
|  +- compile exe fairpane-lab-check debug native (reused)
|  +- FP-0054 revision 1 case 3: create a fresh directory (+1 more reused dependencies)
|  +- FP-0054 revision 1 case 3: minimize refuses an --out path that names the input file in other letter case (+2 more reused dependencies)
+- FP-0054 revision 1 case 4: minimize writes over a separate byte-identical copy of the input file success 47ms
|  +- install fairpane-lab (+1 more reused dependencies)
|  +- FP-0054 revision 1 case 4: create a fresh directory success 48ms
|     +- compile exe fairpane-lab-check debug native (reused)
+- FP-0054 revision 1 case 4: the written case is a version 2 case derived from the input digest success 63ms
|  +- compile exe fairpane-lab-check debug native (reused)
|  +- FP-0054 revision 1 case 4: create a fresh directory (+1 more reused dependencies)
|  +- FP-0054 revision 1 case 4: minimize writes over a separate byte-identical copy of the input file (+2 more reused dependencies)
+- FP-0054 revision 1 case 5: run, minimize, and replay report files one byte above the size limit success 169ms
|  +- compile exe fairpane-lab-check debug native (reused)
|  +- FP-0054 revision 1 case 5: create a fresh directory success 54ms
|  |  +- compile exe fairpane-lab-check debug native (reused)
|  +- install fairpane-lab (+1 more reused dependencies)
+- FP-0076 case 3: minimize writes over an existing out.json whose ACL denies read-data access to Everyone success 86ms
|  +- install fairpane-lab (+1 more reused dependencies)
|  +- FP-0076 case 3: create a fresh directory success 48ms
|     +- compile exe fairpane-lab-check debug native (reused)
+- FP-0076 case 3: out.json is a version 2 case derived from the input digest success 47ms
|  +- compile exe fairpane-lab-check debug native (reused)
|  +- FP-0076 case 3: create a fresh directory (+1 more reused dependencies)
|  +- FP-0076 case 3: restore read access to out.json success 28ms
|     +- compile exe fairpane-lab-check debug native (reused)
|     +- FP-0076 case 3: create a fresh directory (+1 more reused dependencies)
|     +- FP-0076 case 3: minimize writes over an existing out.json whose ACL denies read-data access to Everyone (+2 more reused dependencies)
+- FP-0076 case 4: minimize reports the output path out|.json, which cannot be identified success 87ms
|  +- install fairpane-lab (+1 more reused dependencies)
|  +- FP-0076 case 4: create a fresh directory success 52ms
|     +- compile exe fairpane-lab-check debug native (reused)
+- FP-0076 case 4: the directory gains no file success 72ms
|  +- compile exe fairpane-lab-check debug native (reused)
|  +- FP-0076 case 4: create a fresh directory (+1 more reused dependencies)
|  +- FP-0076 case 4: minimize reports the output path out|.json, which cannot be identified (+2 more reused dependencies)
+- FP-0076 case 7: the revision 1 case 5 helper reports failing checks and removes both oversized files success 98ms
|  +- compile exe fairpane-lab-check debug native (reused)
|  +- FP-0076 case 7: create a fresh directory success 52ms
|  |  +- compile exe fairpane-lab-check debug native (reused)
|  +- compile exe fairpane-lab-check debug native (reused)
+- FP-0076 case 7: no file remains after the failing run success 70ms
|  +- compile exe fairpane-lab-check debug native (reused)
|  +- FP-0076 case 7: create a fresh directory (+1 more reused dependencies)
|  +- FP-0076 case 7: the revision 1 case 5 helper reports failing checks and removes both oversized files (+3 more reused dependencies)
+- FP-0011 case 4: leaf_invokes_to_number.zig success 564ms
+- FP-0011 case 4: leaf_invokes_number_to_string.zig success 542ms
+- FP-0011 case 4: allocation_invokes_call.zig success 504ms
+- FP-0011 case 4: leaf_allocates.zig success 457ms
+- FP-0011 case 4: mutation_throws.zig success 415ms
+- FP-0011 case 4: leaf_calls_behavior.zig success 465ms
+- FP-0011 case 4: leaf_positive.zig success 530ms
+- FP-0011 case 5: catalog_callback_alone.zig success 530ms
+- FP-0011 case 5: catalog_exception_alone.zig success 509ms
+- FP-0011 case 5: catalog_duplicate_id.zig success 456ms
+- FP-0011 case 5: kernel_wider_context.zig success 525ms
+- FP-0011 case 5: kernel_undeclared_throw.zig success 541ms
+- FP-0011 case 8: layout_undescribed_field.zig success 433ms
+- FP-0011 case 8: layout_plain_reference.zig success 429ms
+- FP-0011 case 8: layout_missing_field.zig success 449ms
+- FP-0011 case 20: abi_reference_value.zig success 407ms
+- FP-0011 case 20: abi_nan_box_value.zig success 468ms
+- FP-0011 case 20: abi_tagged_index_value.zig success 513ms
+- FP-0011 case 34: leaf_reaches_heap.zig success 472ms
+- FP-0011 case 35: leaf_widens_context.zig success 514ms
+- FP-0011 case 36: binding_missing_kernel.zig success 539ms
+- FP-0011 case 36: binding_stray_kernel.zig success 488ms
+- library-test success
|  +- run test cached
|  |  +- compile test debug native cached 110ms MaxRSS:18M
|  +- FP-0066 case 1: ReleaseSafe libraries built in two directories are byte-identical success 15ms
|  |  +- compile exe fairpane-library-check debug native cached 99ms MaxRSS:21M
|  |  +- archive fairpane.lib safe success 17ms
|  |  |  +- compile obj fairpane_zcu safe native success 3s MaxRSS:176M
|  |  |     +- WriteFile fp0066-tree-a/src success
|  |  +- archive fairpane.lib safe success 18ms
|  |     +- compile obj fairpane_zcu safe native success 3s MaxRSS:176M
|  |        +- WriteFile fp0066-tree-a/src (reused)
|  +- FP-0066 case 2: the ReleaseSafe library contains neither its build directory nor the compiler installation directory success 37ms
|  |  +- compile exe fairpane-library-check debug native (reused)
|  |  +- archive fairpane.lib safe (+1 more reused dependencies)
|  |  +- WriteFile fp0066-tree-a/src (reused)
|  +- FP-0066 case 4: the Debug library keeps debug information that names the absolute source directory success 31ms
|  |  +- compile exe fairpane-library-check debug native (reused)
|  |  +- archive fairpane.lib debug success 20ms
|  |     +- compile obj fairpane_zcu debug native success 2s MaxRSS:270M
|  +- FP-0066 case 5: the ReleaseSafe library's only member is the object, named without a directory success 9ms
|  |  +- compile exe fairpane-library-check debug native (reused)
|  |  +- archive fairpane.lib safe (+1 more reused dependencies)
|  +- FP-0066: every member header of the ReleaseSafe library has a zero time stamp, owner, and group success 6ms
|     +- compile exe fairpane-library-check debug native (reused)
|     +- archive fairpane.lib safe (+1 more reused dependencies)
+- FP-0082 case 16: valid.js exits with status 0 and prints the T9 dump success 42ms
|  +- install fairpane-js-parse success
|     +- compile exe fairpane-js-parse debug native success 3s MaxRSS:345M
|        +- WriteFile src success
+- FP-0082 case 16: syntax.js exits with status 1 and prints its syntax error success 40ms
|  +- install fairpane-js-parse (+1 more reused dependencies)
+- FP-0082 case 16: unsupported.js exits with status 2 and prints its unsupported outcome success 38ms
|  +- install fairpane-js-parse (+1 more reused dependencies)
+- FP-0082 case 16: invalid-utf8.js exits with status 3 success 37ms
|  +- install fairpane-js-parse (+1 more reused dependencies)
+- FP-0082 case 16: a missing path exits with status 3 success 41ms
|  +- install fairpane-js-parse (+1 more reused dependencies)
+- FP-0082 case 16: no arguments exits with status 3 and writes the usage success 35ms
|  +- install fairpane-js-parse (+1 more reused dependencies)
+- FP-0082 case 17: the census of the sound fixture exits with status 0 success 47ms
|  +- install fairpane-js-parse (+1 more reused dependencies)
+- FP-0082 case 17: the census of the unsound fixture exits with status 1 success 44ms
|  +- install fairpane-js-parse (+1 more reused dependencies)
+- FP-0082 case 17: the census refuses an existing output file and exits with status 3 success 43ms
   +- install fairpane-js-parse (+1 more reused dependencies)
   +- WriteFile existing.jsonl cached

error: the following build command exited with code 1:
C:\src\fairpane\.zig-cache\global\o\253f29e51d3f235ff7bb0cfb57b92bf7\maker.exe build --zig-lib=C:\src\fairpane\.tools\zig\0.18.0-dev.120+9fe22a29b\x86_64-windows\lib --zig=C:\src\fairpane\.tools\zig\0.18.0-dev.120+9fe22a29b\x86_64-windows\zig.exe --global-cache=C:\src\fairpane\.zig-cache\global --seed=0x79124dc9 test --summary all --cache-dir out/fp0111-mutation
RESULT {"executable":"C:\\src\\fairpane\\.tools\\zig\\0.18.0-dev.120+9fe22a29b\\x86_64-windows\\zig.exe","arguments":["build","test","--summary","all","--cache-dir","out/fp0111-mutation"],"cwd":"C:\\Users\\requi\\.omp\\wt\\te63ab7b1b\\m","started_at":"2026-10-09T20:52:43.528Z","exit_code":1,"signal":null,"timed_out":false,"error":null,"duration_ms":68564,"environment_overrides":{"ZIG_GLOBAL_CACHE_DIR":"C:\\src\\fairpane\\.zig-cache\\global"}}

COMMAND ["C:\\Program Files\\Git\\cmd\\git.exe","apply","-R","engineering/evidence/FP-0111/raw/mutation-M19.diff"]
RESULT {"executable":"C:\\Program Files\\Git\\cmd\\git.exe","arguments":["apply","-R","engineering/evidence/FP-0111/raw/mutation-M19.diff"],"cwd":"C:\\Users\\requi\\.omp\\wt\\te63ab7b1b\\m","started_at":"2026-10-09T20:53:52.154Z","exit_code":0,"signal":null,"timed_out":false,"error":null,"duration_ms":39}

COMMAND ["C:\\Program Files\\Git\\usr\\bin\\sha256sum.exe","src/font/layout.zig"]
204051dd978a30616ff555af4524003c7f288407904a8b454e390d7e8a2e98f9 *src/font/layout.zig
RESULT {"executable":"C:\\Program Files\\Git\\usr\\bin\\sha256sum.exe","arguments":["src/font/layout.zig"],"cwd":"C:\\Users\\requi\\.omp\\wt\\te63ab7b1b\\m","started_at":"2026-10-09T20:53:52.256Z","exit_code":0,"signal":null,"timed_out":false,"error":null,"duration_ms":15}

COMMAND ["C:\\Program Files\\Git\\usr\\bin\\sha256sum.exe","src/font/layout.zig"]
204051dd978a30616ff555af4524003c7f288407904a8b454e390d7e8a2e98f9 *src/font/layout.zig
RESULT {"executable":"C:\\Program Files\\Git\\usr\\bin\\sha256sum.exe","arguments":["src/font/layout.zig"],"cwd":"C:\\Users\\requi\\.omp\\wt\\te63ab7b1b\\m","started_at":"2026-10-09T20:53:52.332Z","exit_code":0,"signal":null,"timed_out":false,"error":null,"duration_ms":21}

COMMAND ["C:\\Program Files\\Git\\cmd\\git.exe","apply","engineering/evidence/FP-0111/raw/mutation-M20.diff"]
RESULT {"executable":"C:\\Program Files\\Git\\cmd\\git.exe","arguments":["apply","engineering/evidence/FP-0111/raw/mutation-M20.diff"],"cwd":"C:\\Users\\requi\\.omp\\wt\\te63ab7b1b\\m","started_at":"2026-10-09T20:53:52.416Z","exit_code":0,"signal":null,"timed_out":false,"error":null,"duration_ms":23}

COMMAND ["C:\\Program Files\\Git\\usr\\bin\\sha256sum.exe","src/font/layout.zig"]
ff2931d850b49398a91c7391750de4eca8a6c07a464341ee9c2b662a6c56ae5b *src/font/layout.zig
RESULT {"executable":"C:\\Program Files\\Git\\usr\\bin\\sha256sum.exe","arguments":["src/font/layout.zig"],"cwd":"C:\\Users\\requi\\.omp\\wt\\te63ab7b1b\\m","started_at":"2026-10-09T20:53:52.499Z","exit_code":0,"signal":null,"timed_out":false,"error":null,"duration_ms":34}

COMMAND ["C:\\src\\fairpane\\.tools\\zig\\0.18.0-dev.120+9fe22a29b\\x86_64-windows\\zig.exe","build","test","--summary","all","--cache-dir","out/fp0111-mutation"]
test
+- FP-0082 case 16: a missing path exits with status 3 w
fairpane-js-parse: tests/js/parse/missing.js: FileNotFound
failed command: cd . && ".\\zig-out\\bin\\fairpane-js-parse.exe" file tests/js/parse/missing.js

test
+- FP-0082 case 16: invalid-utf8.js exits with status 3 w
fairpane-js-parse: .\tests\js\parse\invalid-utf8.js: InvalidUtf8
failed command: ".\\zig-out\\bin\\fairpane-js-parse.exe" file ".\\tests\\js\\parse\\invalid-utf8.js"

test
+- FP-0082 case 17: the census refuses an existing output file and exits with status 3 w
fairpane-js-parse: census: cannot create .\out\fp0111-mutation\o\0c925f44918d6f5adba948a0455992d0\existing.jsonl: PathAlreadyExists
failed command: ".\\zig-out\\bin\\fairpane-js-parse.exe" census ".\\tests\\js\\census\\sound" ".\\out\\fp0111-mutation\\o\\0c925f44918d6f5adba948a0455992d0\\existing.jsonl"

test
+- run test 85 pass, 1 fail (86 total)
error: 'layout_test.test.FP-0111 case 12: a FeatureVariations table is reported, and the default lookups are selected' failed:
       C:\src\fairpane\.tools\zig\0.18.0-dev.120+9fe22a29b\x86_64-windows\lib\std\testing.zig:584:14: 0x7ff61aae29df in expect (test_zcu.obj)
           if (!ok) return error.TestUnexpectedResult;
                    ^
       C:\Users\requi\.omp\wt\te63ab7b1b\m\tests\text\layout_test.zig:517:5: 0x7ff61aba0c66 in test.FP-0111 case 12: a FeatureVariations table is reported, and the default lookups are selected (test_zcu.obj)
           try testing.expect(l.feature_variations != 0);
           ^
failed command: cd . && ".\\out\\fp0111-mutation\\o\\f1e2e3e68caf763977a81ed72c3993da\\test.exe" "--cache-dir=.\\out\\fp0111-mutation" --seed=0xfe2da718 --listen=-

test
+- run test w
FP-0082 case 10: measured stack use 21104 bytes for 1022 terms and 20976 bytes for 1021 parentheses
failed command: cd . && ".\\out\\fp0111-mutation\\o\\e7a37ef4ce2d59e7a011fce269edc74a\\test.exe" "--cache-dir=.\\out\\fp0111-mutation" --seed=0xfe2da718 --listen=-

Build Summary: 99/101 steps succeeded (1 failed); 412/413 tests passed (1 failed)
test transitive failure
+- run test 327 pass (327 total) 1m MaxRSS:396M
|  +- compile test debug native success 14s MaxRSS:992M
+- run test 85 pass, 1 fail (86 total)
|  +- compile test debug native success 7s MaxRSS:507M
+- FP-0007 case 13: case 2 passes with exit status 0 success 158ms
|  +- install fairpane-lab success
|     +- compile exe fairpane-lab debug native success 4s MaxRSS:370M
+- FP-0007 case 13: case 3 fails with exit status 1 success 107ms
|  +- install fairpane-lab (+1 more reused dependencies)
+- FP-0007 case 13: case 4 is unsupported with exit status 2 success 108ms
|  +- install fairpane-lab (+1 more reused dependencies)
+- FP-0007 case 13: case 1 is a harness error with exit status 3 success 106ms
|  +- install fairpane-lab (+1 more reused dependencies)
+- FP-0007 case 13: case 8 times out with exit status 4 success 104ms
|  +- install fairpane-lab (+1 more reused dependencies)
+- FP-0007 case 13: an unknown command exits with status 64 and writes no result success 94ms
|  +- install fairpane-lab (+1 more reused dependencies)
+- FP-0008 case 26: case 18 passes with exit status 0 success 94ms
|  +- install fairpane-lab (+1 more reused dependencies)
+- FP-0008 case 26: the token_count variant of case 19 fails with exit status 1 success 106ms
|  +- install fairpane-lab (+1 more reused dependencies)
+- FP-0008 case 26: the <p> case of case 21 is unsupported with exit status 2 success 98ms
|  +- install fairpane-lab (+1 more reused dependencies)
+- FP-0123 case 15 Lab-7: the UTF-16BE tokenize case of Lab-3 passes with exit status 0 success 96ms
|  +- install fairpane-lab (+1 more reused dependencies)
+- FP-0007 case 14: minimize reduces a failing fetch case with a 4096-byte body success 143ms
|  +- install fairpane-lab (+1 more reused dependencies)
+- FP-0007 case 14: the minimized case fails the same check success 32ms
|  +- install fairpane-lab (+1 more reused dependencies)
|  +- FP-0007 case 14: minimize reduces a failing fetch case with a 4096-byte body (+1 more reused dependencies)
+- FP-0007 case 14: the minimized document body is 1-minimal success 41ms
|  +- compile exe fairpane-lab-check debug native success 4s MaxRSS:359M
|  +- FP-0007 case 14: minimize reduces a failing fetch case with a 4096-byte body (+1 more reused dependencies)
+- FP-0007 case 14: minimize refuses a passing case success 109ms
|  +- install fairpane-lab (+1 more reused dependencies)
+- FP-0007 case 14: a refused minimization writes nothing success 63ms
|  +- compile exe fairpane-lab-check debug native (reused)
|  +- FP-0007 case 14: minimize refuses a passing case (+1 more reused dependencies)
+- FP-0054 case 5: minimize refuses an --out path that names the input file through another spelling success 98ms
|  +- install fairpane-lab (+1 more reused dependencies)
|  +- FP-0054 case 5: create a fresh directory success 66ms
|  |  +- compile exe fairpane-lab-check debug native (reused)
|  +- FP-0054 case 5: create a fresh directory (+1 more reused dependencies)
+- FP-0054 case 5: the refused minimization leaves the input unchanged success 85ms
|  +- compile exe fairpane-lab-check debug native (reused)
|  +- FP-0054 case 5: create a fresh directory (+1 more reused dependencies)
|  +- FP-0054 case 5: minimize refuses an --out path that names the input file through another spelling (+3 more reused dependencies)
+- FP-0054 revision 1 case 1: minimize refuses an --out path that is a hard link to the input file success 49ms
|  +- install fairpane-lab (+1 more reused dependencies)
|  +- FP-0054 revision 1 case 1: create a fresh directory success 52ms
|     +- compile exe fairpane-lab-check debug native (reused)
+- FP-0054 revision 1 case 1: the refused command leaves the input unchanged success 124ms
|  +- compile exe fairpane-lab-check debug native (reused)
|  +- FP-0054 revision 1 case 1: create a fresh directory (+1 more reused dependencies)
|  +- FP-0054 revision 1 case 1: minimize refuses an --out path that is a hard link to the input file (+2 more reused dependencies)
+- FP-0054 revision 1 case 2: run refuses a --transcript path that is a hard link to the input file success 52ms
|  +- install fairpane-lab (+1 more reused dependencies)
|  +- FP-0054 revision 1 case 2: create a fresh directory success 62ms
|     +- compile exe fairpane-lab-check debug native (reused)
+- FP-0054 revision 1 case 2: the refused command leaves the input unchanged success 122ms
|  +- compile exe fairpane-lab-check debug native (reused)
|  +- FP-0054 revision 1 case 2: create a fresh directory (+1 more reused dependencies)
|  +- FP-0054 revision 1 case 2: run refuses a --transcript path that is a hard link to the input file (+2 more reused dependencies)
+- FP-0054 revision 1 case 3: minimize refuses an --out path that names the input file in other letter case success 55ms
|  +- install fairpane-lab (+1 more reused dependencies)
|  +- FP-0054 revision 1 case 3: create a fresh directory success 59ms
|     +- compile exe fairpane-lab-check debug native (reused)
+- FP-0054 revision 1 case 3: the refused command leaves the input unchanged success 121ms
|  +- compile exe fairpane-lab-check debug native (reused)
|  +- FP-0054 revision 1 case 3: create a fresh directory (+1 more reused dependencies)
|  +- FP-0054 revision 1 case 3: minimize refuses an --out path that names the input file in other letter case (+2 more reused dependencies)
+- FP-0054 revision 1 case 4: minimize writes over a separate byte-identical copy of the input file success 56ms
|  +- install fairpane-lab (+1 more reused dependencies)
|  +- FP-0054 revision 1 case 4: create a fresh directory success 59ms
|     +- compile exe fairpane-lab-check debug native (reused)
+- FP-0054 revision 1 case 4: the written case is a version 2 case derived from the input digest success 122ms
|  +- compile exe fairpane-lab-check debug native (reused)
|  +- FP-0054 revision 1 case 4: create a fresh directory (+1 more reused dependencies)
|  +- FP-0054 revision 1 case 4: minimize writes over a separate byte-identical copy of the input file (+2 more reused dependencies)
+- FP-0054 revision 1 case 5: run, minimize, and replay report files one byte above the size limit success 201ms
|  +- compile exe fairpane-lab-check debug native (reused)
|  +- FP-0054 revision 1 case 5: create a fresh directory success 54ms
|  |  +- compile exe fairpane-lab-check debug native (reused)
|  +- install fairpane-lab (+1 more reused dependencies)
+- FP-0076 case 3: minimize writes over an existing out.json whose ACL denies read-data access to Everyone success 58ms
|  +- install fairpane-lab (+1 more reused dependencies)
|  +- FP-0076 case 3: create a fresh directory success 66ms
|     +- compile exe fairpane-lab-check debug native (reused)
+- FP-0076 case 3: out.json is a version 2 case derived from the input digest success 12ms
|  +- compile exe fairpane-lab-check debug native (reused)
|  +- FP-0076 case 3: create a fresh directory (+1 more reused dependencies)
|  +- FP-0076 case 3: restore read access to out.json success 122ms
|     +- compile exe fairpane-lab-check debug native (reused)
|     +- FP-0076 case 3: create a fresh directory (+1 more reused dependencies)
|     +- FP-0076 case 3: minimize writes over an existing out.json whose ACL denies read-data access to Everyone (+2 more reused dependencies)
+- FP-0076 case 4: minimize reports the output path out|.json, which cannot be identified success 99ms
|  +- install fairpane-lab (+1 more reused dependencies)
|  +- FP-0076 case 4: create a fresh directory success 54ms
|     +- compile exe fairpane-lab-check debug native (reused)
+- FP-0076 case 4: the directory gains no file success 84ms
|  +- compile exe fairpane-lab-check debug native (reused)
|  +- FP-0076 case 4: create a fresh directory (+1 more reused dependencies)
|  +- FP-0076 case 4: minimize reports the output path out|.json, which cannot be identified (+2 more reused dependencies)
+- FP-0076 case 7: the revision 1 case 5 helper reports failing checks and removes both oversized files success 124ms
|  +- compile exe fairpane-lab-check debug native (reused)
|  +- FP-0076 case 7: create a fresh directory success 51ms
|  |  +- compile exe fairpane-lab-check debug native (reused)
|  +- compile exe fairpane-lab-check debug native (reused)
+- FP-0076 case 7: no file remains after the failing run success 147ms
|  +- compile exe fairpane-lab-check debug native (reused)
|  +- FP-0076 case 7: create a fresh directory (+1 more reused dependencies)
|  +- FP-0076 case 7: the revision 1 case 5 helper reports failing checks and removes both oversized files (+3 more reused dependencies)
+- FP-0011 case 4: leaf_invokes_to_number.zig success 802ms
+- FP-0011 case 4: leaf_invokes_number_to_string.zig success 992ms
+- FP-0011 case 4: allocation_invokes_call.zig success 884ms
+- FP-0011 case 4: leaf_allocates.zig success 895ms
+- FP-0011 case 4: mutation_throws.zig success 717ms
+- FP-0011 case 4: leaf_calls_behavior.zig success 800ms
+- FP-0011 case 4: leaf_positive.zig success 734ms
+- FP-0011 case 5: catalog_callback_alone.zig success 738ms
+- FP-0011 case 5: catalog_exception_alone.zig success 747ms
+- FP-0011 case 5: catalog_duplicate_id.zig success 875ms
+- FP-0011 case 5: kernel_wider_context.zig success 761ms
+- FP-0011 case 5: kernel_undeclared_throw.zig success 814ms
+- FP-0011 case 8: layout_undescribed_field.zig success 669ms
+- FP-0011 case 8: layout_plain_reference.zig success 776ms
+- FP-0011 case 8: layout_missing_field.zig success 738ms
+- FP-0011 case 20: abi_reference_value.zig success 776ms
+- FP-0011 case 20: abi_nan_box_value.zig success 791ms
+- FP-0011 case 20: abi_tagged_index_value.zig success 867ms
+- FP-0011 case 34: leaf_reaches_heap.zig success 738ms
+- FP-0011 case 35: leaf_widens_context.zig success 931ms
+- FP-0011 case 36: binding_missing_kernel.zig success 738ms
+- FP-0011 case 36: binding_stray_kernel.zig success 784ms
+- library-test success
|  +- run test cached
|  |  +- compile test debug native cached 131ms MaxRSS:21M
|  +- FP-0066 case 1: ReleaseSafe libraries built in two directories are byte-identical success 17ms
|  |  +- compile exe fairpane-library-check debug native cached 179ms MaxRSS:18M
|  |  +- archive fairpane.lib safe success 17ms
|  |  |  +- compile obj fairpane_zcu safe native success 4s MaxRSS:177M
|  |  |     +- WriteFile fp0066-tree-a/src success
|  |  +- archive fairpane.lib safe success 61ms
|  |     +- compile obj fairpane_zcu safe native success 4s MaxRSS:176M
|  |        +- WriteFile fp0066-tree-a/src (reused)
|  +- FP-0066 case 2: the ReleaseSafe library contains neither its build directory nor the compiler installation directory success 46ms
|  |  +- compile exe fairpane-library-check debug native (reused)
|  |  +- archive fairpane.lib safe (+1 more reused dependencies)
|  |  +- WriteFile fp0066-tree-a/src (reused)
|  +- FP-0066 case 4: the Debug library keeps debug information that names the absolute source directory success 38ms
|  |  +- compile exe fairpane-library-check debug native (reused)
|  |  +- archive fairpane.lib debug success 22ms
|  |     +- compile obj fairpane_zcu debug native success 3s MaxRSS:270M
|  +- FP-0066 case 5: the ReleaseSafe library's only member is the object, named without a directory success 10ms
|  |  +- compile exe fairpane-library-check debug native (reused)
|  |  +- archive fairpane.lib safe (+1 more reused dependencies)
|  +- FP-0066: every member header of the ReleaseSafe library has a zero time stamp, owner, and group success 12ms
|     +- compile exe fairpane-library-check debug native (reused)
|     +- archive fairpane.lib safe (+1 more reused dependencies)
+- FP-0082 case 16: valid.js exits with status 0 and prints the T9 dump success 74ms
|  +- install fairpane-js-parse success
|     +- compile exe fairpane-js-parse debug native success 4s MaxRSS:346M
|        +- WriteFile src success
+- FP-0082 case 16: syntax.js exits with status 1 and prints its syntax error success 77ms
|  +- install fairpane-js-parse (+1 more reused dependencies)
+- FP-0082 case 16: unsupported.js exits with status 2 and prints its unsupported outcome success 69ms
|  +- install fairpane-js-parse (+1 more reused dependencies)
+- FP-0082 case 16: invalid-utf8.js exits with status 3 success 77ms
|  +- install fairpane-js-parse (+1 more reused dependencies)
+- FP-0082 case 16: a missing path exits with status 3 success 74ms
|  +- install fairpane-js-parse (+1 more reused dependencies)
+- FP-0082 case 16: no arguments exits with status 3 and writes the usage success 70ms
|  +- install fairpane-js-parse (+1 more reused dependencies)
+- FP-0082 case 17: the census of the sound fixture exits with status 0 success 84ms
|  +- install fairpane-js-parse (+1 more reused dependencies)
+- FP-0082 case 17: the census of the unsound fixture exits with status 1 success 82ms
|  +- install fairpane-js-parse (+1 more reused dependencies)
+- FP-0082 case 17: the census refuses an existing output file and exits with status 3 success 79ms
   +- install fairpane-js-parse (+1 more reused dependencies)
   +- WriteFile existing.jsonl cached

error: the following build command exited with code 1:
C:\src\fairpane\.zig-cache\global\o\253f29e51d3f235ff7bb0cfb57b92bf7\maker.exe build --zig-lib=C:\src\fairpane\.tools\zig\0.18.0-dev.120+9fe22a29b\x86_64-windows\lib --zig=C:\src\fairpane\.tools\zig\0.18.0-dev.120+9fe22a29b\x86_64-windows\zig.exe --global-cache=C:\src\fairpane\.zig-cache\global --seed=0xfe2da718 test --summary all --cache-dir out/fp0111-mutation
RESULT {"executable":"C:\\src\\fairpane\\.tools\\zig\\0.18.0-dev.120+9fe22a29b\\x86_64-windows\\zig.exe","arguments":["build","test","--summary","all","--cache-dir","out/fp0111-mutation"],"cwd":"C:\\Users\\requi\\.omp\\wt\\te63ab7b1b\\m","started_at":"2026-10-09T20:53:52.595Z","exit_code":1,"signal":null,"timed_out":false,"error":null,"duration_ms":75865,"environment_overrides":{"ZIG_GLOBAL_CACHE_DIR":"C:\\src\\fairpane\\.zig-cache\\global"}}

COMMAND ["C:\\Program Files\\Git\\cmd\\git.exe","apply","-R","engineering/evidence/FP-0111/raw/mutation-M20.diff"]
RESULT {"executable":"C:\\Program Files\\Git\\cmd\\git.exe","arguments":["apply","-R","engineering/evidence/FP-0111/raw/mutation-M20.diff"],"cwd":"C:\\Users\\requi\\.omp\\wt\\te63ab7b1b\\m","started_at":"2026-10-09T20:55:08.566Z","exit_code":0,"signal":null,"timed_out":false,"error":null,"duration_ms":26}

COMMAND ["C:\\Program Files\\Git\\usr\\bin\\sha256sum.exe","src/font/layout.zig"]
204051dd978a30616ff555af4524003c7f288407904a8b454e390d7e8a2e98f9 *src/font/layout.zig
RESULT {"executable":"C:\\Program Files\\Git\\usr\\bin\\sha256sum.exe","arguments":["src/font/layout.zig"],"cwd":"C:\\Users\\requi\\.omp\\wt\\te63ab7b1b\\m","started_at":"2026-10-09T20:55:08.666Z","exit_code":0,"signal":null,"timed_out":false,"error":null,"duration_ms":15}

COMMAND ["C:\\Program Files\\Git\\usr\\bin\\sha256sum.exe","src/font/gdef.zig"]
d3e7904d29900fa0861236dae9458ea7c79497d5531e257b18904b63d2fcc612 *src/font/gdef.zig
RESULT {"executable":"C:\\Program Files\\Git\\usr\\bin\\sha256sum.exe","arguments":["src/font/gdef.zig"],"cwd":"C:\\Users\\requi\\.omp\\wt\\te63ab7b1b\\m","started_at":"2026-10-09T20:55:08.738Z","exit_code":0,"signal":null,"timed_out":false,"error":null,"duration_ms":14}

COMMAND ["C:\\Program Files\\Git\\cmd\\git.exe","apply","engineering/evidence/FP-0111/raw/mutation-M21.diff"]
RESULT {"executable":"C:\\Program Files\\Git\\cmd\\git.exe","arguments":["apply","engineering/evidence/FP-0111/raw/mutation-M21.diff"],"cwd":"C:\\Users\\requi\\.omp\\wt\\te63ab7b1b\\m","started_at":"2026-10-09T20:55:08.811Z","exit_code":0,"signal":null,"timed_out":false,"error":null,"duration_ms":22}

COMMAND ["C:\\Program Files\\Git\\usr\\bin\\sha256sum.exe","src/font/gdef.zig"]
8d4433f69330cbe5d6d9e7e50f6a69177f432fb36b94810896fcf05e113f3c75 *src/font/gdef.zig
RESULT {"executable":"C:\\Program Files\\Git\\usr\\bin\\sha256sum.exe","arguments":["src/font/gdef.zig"],"cwd":"C:\\Users\\requi\\.omp\\wt\\te63ab7b1b\\m","started_at":"2026-10-09T20:55:08.891Z","exit_code":0,"signal":null,"timed_out":false,"error":null,"duration_ms":15}

COMMAND ["C:\\src\\fairpane\\.tools\\zig\\0.18.0-dev.120+9fe22a29b\\x86_64-windows\\zig.exe","build","test","--summary","all","--cache-dir","out/fp0111-mutation"]
test
+- FP-0082 case 16: a missing path exits with status 3 w
fairpane-js-parse: tests/js/parse/missing.js: FileNotFound
failed command: cd . && ".\\zig-out\\bin\\fairpane-js-parse.exe" file tests/js/parse/missing.js

test
+- FP-0082 case 16: invalid-utf8.js exits with status 3 w
fairpane-js-parse: .\tests\js\parse\invalid-utf8.js: InvalidUtf8
failed command: ".\\zig-out\\bin\\fairpane-js-parse.exe" file ".\\tests\\js\\parse\\invalid-utf8.js"

test
+- FP-0082 case 17: the census refuses an existing output file and exits with status 3 w
fairpane-js-parse: census: cannot create .\out\fp0111-mutation\o\0c925f44918d6f5adba948a0455992d0\existing.jsonl: PathAlreadyExists
failed command: ".\\zig-out\\bin\\fairpane-js-parse.exe" census ".\\tests\\js\\census\\sound" ".\\out\\fp0111-mutation\\o\\0c925f44918d6f5adba948a0455992d0\\existing.jsonl"

test
+- run test 84 pass, 2 fail (86 total)
error: 'layout_test.test.FP-0111 case 18: GDEF glyph classes, mark attachment classes, mark glyph sets, and ligature carets' failed:
       expected .{ .unsupported_device = .{ .start_size = 12, .end_size = 17, .delta_format = 2 } }, found null
       C:\src\fairpane\.tools\zig\0.18.0-dev.120+9fe22a29b\x86_64-windows\lib\std\testing.zig:173:21: 0x7ff76298fb62 in expectEqualInner__func_1650 (test_zcu.obj)
                           return error.TestExpectedEqual;
                           ^
       C:\src\fairpane\.tools\zig\0.18.0-dev.120+9fe22a29b\x86_64-windows\lib\std\testing.zig:57: 0x7ff76298fd36 in expectEqual (test_zcu.obj)
           return expectEqualInner(T, expected, actual);
       
       C:\src\fairpane\.tools\zig\0.18.0-dev.120+9fe22a29b\x86_64-windows\lib\std\testing.zig:128:17: 0x7ff76298fd5e in expectEqualInner__func_1649 (test_zcu.obj)
                       try expectEqual(@field(expected, field_name), @field(actual, field_name));
                       ^
       C:\src\fairpane\.tools\zig\0.18.0-dev.120+9fe22a29b\x86_64-windows\lib\std\testing.zig:57: 0x7ff762990083 in expectEqual (test_zcu.obj)
           return expectEqualInner(T, expected, actual);
       
       C:\src\fairpane\.tools\zig\0.18.0-dev.120+9fe22a29b\x86_64-windows\lib\std\testing.zig:161:25: 0x7ff7629900ae in expectEqualInner__func_1643 (test_zcu.obj)
                               try expectEqual(expected_payload, actual_payload);
                               ^
       C:\src\fairpane\.tools\zig\0.18.0-dev.120+9fe22a29b\x86_64-windows\lib\std\testing.zig:57: 0x7ff7629903d0 in expectEqual (test_zcu.obj)
           return expectEqualInner(T, expected, actual);
       
       C:\src\fairpane\.tools\zig\0.18.0-dev.120+9fe22a29b\x86_64-windows\lib\std\testing.zig:161:25: 0x7ff7629903fb in expectEqualInner__func_1637 (test_zcu.obj)
                               try expectEqual(expected_payload, actual_payload);
                               ^
       C:\src\fairpane\.tools\zig\0.18.0-dev.120+9fe22a29b\x86_64-windows\lib\std\testing.zig:57: 0x7ff76299052a in expectEqual (test_zcu.obj)
           return expectEqualInner(T, expected, actual);
       
       C:\src\fairpane\.tools\zig\0.18.0-dev.120+9fe22a29b\x86_64-windows\lib\std\testing.zig:170:21: 0x7ff762990555 in expectEqualInner__func_1636 (test_zcu.obj)
                           try expectEqual(expected_payload, actual_payload);
                           ^
       C:\src\fairpane\.tools\zig\0.18.0-dev.120+9fe22a29b\x86_64-windows\lib\std\testing.zig:57: 0x7ff762999450 in expectEqual (test_zcu.obj)
           return expectEqualInner(T, expected, actual);
       
       C:\Users\requi\.omp\wt\te63ab7b1b\m\tests\text\layout_test.zig:824:5: 0x7ff7629994d2 in test.FP-0111 case 18: GDEF glyph classes, mark attachment classes, mark glyph sets, and ligature carets (test_zcu.obj)
           try testing.expectEqual(@as(?layout.CaretStatus, .{ .valid = .{ .coordinate_device = .{
           ^
error: 'layout_test.test.FP-0111 case 20: malformed GDEF subtables are rejected or unsupported' failed:
       expected a value, got null
       C:\Users\requi\.omp\wt\te63ab7b1b\m\tests\text\layout_test.zig:47:9: 0x7ff762990d99 in some__func_1664 (test_zcu.obj)
               return error.TestUnexpectedResult;
               ^
       C:\Users\requi\.omp\wt\te63ab7b1b\m\tests\text\layout_test.zig:901:44: 0x7ff762991f21 in test.FP-0111 case 20: malformed GDEF subtables are rejected or unsupported (test_zcu.obj)
               try expectRejected(.invalid_range, try some(try caret2Device(&fx)));
                                                  ^
failed command: cd . && ".\\out\\fp0111-mutation\\o\\b417862c215debc721c9f9567df91eda\\test.exe" "--cache-dir=.\\out\\fp0111-mutation" --seed=0x57f9085e --listen=-

test
+- run test w
FP-0082 case 10: measured stack use 21104 bytes for 1022 terms and 20976 bytes for 1021 parentheses
failed command: cd . && ".\\out\\fp0111-mutation\\o\\004f2cd6ca8269d3ae51f4cea0701150\\test.exe" "--cache-dir=.\\out\\fp0111-mutation" --seed=0x57f9085e --listen=-

Build Summary: 99/101 steps succeeded (1 failed); 411/413 tests passed (2 failed)
test transitive failure
+- run test 327 pass (327 total) 1m MaxRSS:396M
|  +- compile test debug native success 11s MaxRSS:994M
+- run test 84 pass, 2 fail (86 total)
|  +- compile test debug native success 5s MaxRSS:507M
+- FP-0007 case 13: case 2 passes with exit status 0 success 72ms
|  +- install fairpane-lab success
|     +- compile exe fairpane-lab debug native success 3s MaxRSS:371M
+- FP-0007 case 13: case 3 fails with exit status 1 success 124ms
|  +- install fairpane-lab (+1 more reused dependencies)
+- FP-0007 case 13: case 4 is unsupported with exit status 2 success 129ms
|  +- install fairpane-lab (+1 more reused dependencies)
+- FP-0007 case 13: case 1 is a harness error with exit status 3 success 74ms
|  +- install fairpane-lab (+1 more reused dependencies)
+- FP-0007 case 13: case 8 times out with exit status 4 success 70ms
|  +- install fairpane-lab (+1 more reused dependencies)
+- FP-0007 case 13: an unknown command exits with status 64 and writes no result success 121ms
|  +- install fairpane-lab (+1 more reused dependencies)
+- FP-0008 case 26: case 18 passes with exit status 0 success 130ms
|  +- install fairpane-lab (+1 more reused dependencies)
+- FP-0008 case 26: the token_count variant of case 19 fails with exit status 1 success 126ms
|  +- install fairpane-lab (+1 more reused dependencies)
+- FP-0008 case 26: the <p> case of case 21 is unsupported with exit status 2 success 127ms
|  +- install fairpane-lab (+1 more reused dependencies)
+- FP-0123 case 15 Lab-7: the UTF-16BE tokenize case of Lab-3 passes with exit status 0 success 122ms
|  +- install fairpane-lab (+1 more reused dependencies)
+- FP-0007 case 14: minimize reduces a failing fetch case with a 4096-byte body success 170ms
|  +- install fairpane-lab (+1 more reused dependencies)
+- FP-0007 case 14: the minimized case fails the same check success 13ms
|  +- install fairpane-lab (+1 more reused dependencies)
|  +- FP-0007 case 14: minimize reduces a failing fetch case with a 4096-byte body (+1 more reused dependencies)
+- FP-0007 case 14: the minimized document body is 1-minimal success 21ms
|  +- compile exe fairpane-lab-check debug native success 3s MaxRSS:358M
|  +- FP-0007 case 14: minimize reduces a failing fetch case with a 4096-byte body (+1 more reused dependencies)
+- FP-0007 case 14: minimize refuses a passing case success 132ms
|  +- install fairpane-lab (+1 more reused dependencies)
+- FP-0007 case 14: a refused minimization writes nothing success 13ms
|  +- compile exe fairpane-lab-check debug native (reused)
|  +- FP-0007 case 14: minimize refuses a passing case (+1 more reused dependencies)
+- FP-0054 case 5: minimize refuses an --out path that names the input file through another spelling success 70ms
|  +- install fairpane-lab (+1 more reused dependencies)
|  +- FP-0054 case 5: create a fresh directory success 56ms
|  |  +- compile exe fairpane-lab-check debug native (reused)
|  +- FP-0054 case 5: create a fresh directory (+1 more reused dependencies)
+- FP-0054 case 5: the refused minimization leaves the input unchanged success 78ms
|  +- compile exe fairpane-lab-check debug native (reused)
|  +- FP-0054 case 5: create a fresh directory (+1 more reused dependencies)
|  +- FP-0054 case 5: minimize refuses an --out path that names the input file through another spelling (+3 more reused dependencies)
+- FP-0054 revision 1 case 1: minimize refuses an --out path that is a hard link to the input file success 67ms
|  +- install fairpane-lab (+1 more reused dependencies)
|  +- FP-0054 revision 1 case 1: create a fresh directory success 50ms
|     +- compile exe fairpane-lab-check debug native (reused)
+- FP-0054 revision 1 case 1: the refused command leaves the input unchanged success 78ms
|  +- compile exe fairpane-lab-check debug native (reused)
|  +- FP-0054 revision 1 case 1: create a fresh directory (+1 more reused dependencies)
|  +- FP-0054 revision 1 case 1: minimize refuses an --out path that is a hard link to the input file (+2 more reused dependencies)
+- FP-0054 revision 1 case 2: run refuses a --transcript path that is a hard link to the input file success 71ms
|  +- install fairpane-lab (+1 more reused dependencies)
|  +- FP-0054 revision 1 case 2: create a fresh directory success 56ms
|     +- compile exe fairpane-lab-check debug native (reused)
+- FP-0054 revision 1 case 2: the refused command leaves the input unchanged success 78ms
|  +- compile exe fairpane-lab-check debug native (reused)
|  +- FP-0054 revision 1 case 2: create a fresh directory (+1 more reused dependencies)
|  +- FP-0054 revision 1 case 2: run refuses a --transcript path that is a hard link to the input file (+2 more reused dependencies)
+- FP-0054 revision 1 case 3: minimize refuses an --out path that names the input file in other letter case success 76ms
|  +- install fairpane-lab (+1 more reused dependencies)
|  +- FP-0054 revision 1 case 3: create a fresh directory success 53ms
|     +- compile exe fairpane-lab-check debug native (reused)
+- FP-0054 revision 1 case 3: the refused command leaves the input unchanged success 79ms
|  +- compile exe fairpane-lab-check debug native (reused)
|  +- FP-0054 revision 1 case 3: create a fresh directory (+1 more reused dependencies)
|  +- FP-0054 revision 1 case 3: minimize refuses an --out path that names the input file in other letter case (+2 more reused dependencies)
+- FP-0054 revision 1 case 4: minimize writes over a separate byte-identical copy of the input file success 74ms
|  +- install fairpane-lab (+1 more reused dependencies)
|  +- FP-0054 revision 1 case 4: create a fresh directory success 61ms
|     +- compile exe fairpane-lab-check debug native (reused)
+- FP-0054 revision 1 case 4: the written case is a version 2 case derived from the input digest success 76ms
|  +- compile exe fairpane-lab-check debug native (reused)
|  +- FP-0054 revision 1 case 4: create a fresh directory (+1 more reused dependencies)
|  +- FP-0054 revision 1 case 4: minimize writes over a separate byte-identical copy of the input file (+2 more reused dependencies)
+- FP-0054 revision 1 case 5: run, minimize, and replay report files one byte above the size limit success 158ms
|  +- compile exe fairpane-lab-check debug native (reused)
|  +- FP-0054 revision 1 case 5: create a fresh directory success 61ms
|  |  +- compile exe fairpane-lab-check debug native (reused)
|  +- install fairpane-lab (+1 more reused dependencies)
+- FP-0076 case 3: minimize writes over an existing out.json whose ACL denies read-data access to Everyone success 79ms
|  +- install fairpane-lab (+1 more reused dependencies)
|  +- FP-0076 case 3: create a fresh directory success 61ms
|     +- compile exe fairpane-lab-check debug native (reused)
+- FP-0076 case 3: out.json is a version 2 case derived from the input digest success 8ms
|  +- compile exe fairpane-lab-check debug native (reused)
|  +- FP-0076 case 3: create a fresh directory (+1 more reused dependencies)
|  +- FP-0076 case 3: restore read access to out.json success 78ms
|     +- compile exe fairpane-lab-check debug native (reused)
|     +- FP-0076 case 3: create a fresh directory (+1 more reused dependencies)
|     +- FP-0076 case 3: minimize writes over an existing out.json whose ACL denies read-data access to Everyone (+2 more reused dependencies)
+- FP-0076 case 4: minimize reports the output path out|.json, which cannot be identified success 74ms
|  +- install fairpane-lab (+1 more reused dependencies)
|  +- FP-0076 case 4: create a fresh directory success 51ms
|     +- compile exe fairpane-lab-check debug native (reused)
+- FP-0076 case 4: the directory gains no file success 78ms
|  +- compile exe fairpane-lab-check debug native (reused)
|  +- FP-0076 case 4: create a fresh directory (+1 more reused dependencies)
|  +- FP-0076 case 4: minimize reports the output path out|.json, which cannot be identified (+2 more reused dependencies)
+- FP-0076 case 7: the revision 1 case 5 helper reports failing checks and removes both oversized files success 67ms
|  +- compile exe fairpane-lab-check debug native (reused)
|  +- FP-0076 case 7: create a fresh directory success 48ms
|  |  +- compile exe fairpane-lab-check debug native (reused)
|  +- compile exe fairpane-lab-check debug native (reused)
+- FP-0076 case 7: no file remains after the failing run success 42ms
|  +- compile exe fairpane-lab-check debug native (reused)
|  +- FP-0076 case 7: create a fresh directory (+1 more reused dependencies)
|  +- FP-0076 case 7: the revision 1 case 5 helper reports failing checks and removes both oversized files (+3 more reused dependencies)
+- FP-0011 case 4: leaf_invokes_to_number.zig success 899ms
+- FP-0011 case 4: leaf_invokes_number_to_string.zig success 911ms
+- FP-0011 case 4: allocation_invokes_call.zig success 910ms
+- FP-0011 case 4: leaf_allocates.zig success 775ms
+- FP-0011 case 4: mutation_throws.zig success 817ms
+- FP-0011 case 4: leaf_calls_behavior.zig success 859ms
+- FP-0011 case 4: leaf_positive.zig success 896ms
+- FP-0011 case 5: catalog_callback_alone.zig success 891ms
+- FP-0011 case 5: catalog_exception_alone.zig success 804ms
+- FP-0011 case 5: catalog_duplicate_id.zig success 742ms
+- FP-0011 case 5: kernel_wider_context.zig success 764ms
+- FP-0011 case 5: kernel_undeclared_throw.zig success 912ms
+- FP-0011 case 8: layout_undescribed_field.zig success 754ms
+- FP-0011 case 8: layout_plain_reference.zig success 780ms
+- FP-0011 case 8: layout_missing_field.zig success 806ms
+- FP-0011 case 20: abi_reference_value.zig success 856ms
+- FP-0011 case 20: abi_nan_box_value.zig success 809ms
+- FP-0011 case 20: abi_tagged_index_value.zig success 863ms
+- FP-0011 case 34: leaf_reaches_heap.zig success 811ms
+- FP-0011 case 35: leaf_widens_context.zig success 818ms
+- FP-0011 case 36: binding_missing_kernel.zig success 886ms
+- FP-0011 case 36: binding_stray_kernel.zig success 750ms
+- library-test success
|  +- run test cached
|  |  +- compile test debug native cached 268ms MaxRSS:21M
|  +- FP-0066 case 1: ReleaseSafe libraries built in two directories are byte-identical success 14ms
|  |  +- compile exe fairpane-library-check debug native cached 211ms MaxRSS:21M
|  |  +- archive fairpane.lib safe success 16ms
|  |  |  +- compile obj fairpane_zcu safe native success 4s MaxRSS:175M
|  |  |     +- WriteFile fp0066-tree-a/src success
|  |  +- archive fairpane.lib safe success 18ms
|  |     +- compile obj fairpane_zcu safe native success 3s MaxRSS:176M
|  |        +- WriteFile fp0066-tree-a/src (reused)
|  +- FP-0066 case 2: the ReleaseSafe library contains neither its build directory nor the compiler installation directory success 38ms
|  |  +- compile exe fairpane-library-check debug native (reused)
|  |  +- archive fairpane.lib safe (+1 more reused dependencies)
|  |  +- WriteFile fp0066-tree-a/src (reused)
|  +- FP-0066 case 4: the Debug library keeps debug information that names the absolute source directory success 38ms
|  |  +- compile exe fairpane-library-check debug native (reused)
|  |  +- archive fairpane.lib debug success 24ms
|  |     +- compile obj fairpane_zcu debug native success 2s MaxRSS:269M
|  +- FP-0066 case 5: the ReleaseSafe library's only member is the object, named without a directory success 7ms
|  |  +- compile exe fairpane-library-check debug native (reused)
|  |  +- archive fairpane.lib safe (+1 more reused dependencies)
|  +- FP-0066: every member header of the ReleaseSafe library has a zero time stamp, owner, and group success 10ms
|     +- compile exe fairpane-library-check debug native (reused)
|     +- archive fairpane.lib safe (+1 more reused dependencies)
+- FP-0082 case 16: valid.js exits with status 0 and prints the T9 dump success 44ms
|  +- install fairpane-js-parse success
|     +- compile exe fairpane-js-parse debug native success 3s MaxRSS:345M
|        +- WriteFile src success
+- FP-0082 case 16: syntax.js exits with status 1 and prints its syntax error success 46ms
|  +- install fairpane-js-parse (+1 more reused dependencies)
+- FP-0082 case 16: unsupported.js exits with status 2 and prints its unsupported outcome success 40ms
|  +- install fairpane-js-parse (+1 more reused dependencies)
+- FP-0082 case 16: invalid-utf8.js exits with status 3 success 42ms
|  +- install fairpane-js-parse (+1 more reused dependencies)
+- FP-0082 case 16: a missing path exits with status 3 success 45ms
|  +- install fairpane-js-parse (+1 more reused dependencies)
+- FP-0082 case 16: no arguments exits with status 3 and writes the usage success 38ms
|  +- install fairpane-js-parse (+1 more reused dependencies)
+- FP-0082 case 17: the census of the sound fixture exits with status 0 success 98ms
|  +- install fairpane-js-parse (+1 more reused dependencies)
+- FP-0082 case 17: the census of the unsound fixture exits with status 1 success 96ms
|  +- install fairpane-js-parse (+1 more reused dependencies)
+- FP-0082 case 17: the census refuses an existing output file and exits with status 3 success 94ms
   +- install fairpane-js-parse (+1 more reused dependencies)
   +- WriteFile existing.jsonl cached

error: the following build command exited with code 1:
C:\src\fairpane\.zig-cache\global\o\253f29e51d3f235ff7bb0cfb57b92bf7\maker.exe build --zig-lib=C:\src\fairpane\.tools\zig\0.18.0-dev.120+9fe22a29b\x86_64-windows\lib --zig=C:\src\fairpane\.tools\zig\0.18.0-dev.120+9fe22a29b\x86_64-windows\zig.exe --global-cache=C:\src\fairpane\.zig-cache\global --seed=0x57f9085e test --summary all --cache-dir out/fp0111-mutation
RESULT {"executable":"C:\\src\\fairpane\\.tools\\zig\\0.18.0-dev.120+9fe22a29b\\x86_64-windows\\zig.exe","arguments":["build","test","--summary","all","--cache-dir","out/fp0111-mutation"],"cwd":"C:\\Users\\requi\\.omp\\wt\\te63ab7b1b\\m","started_at":"2026-10-09T20:55:08.963Z","exit_code":1,"signal":null,"timed_out":false,"error":null,"duration_ms":73301,"environment_overrides":{"ZIG_GLOBAL_CACHE_DIR":"C:\\src\\fairpane\\.zig-cache\\global"}}

COMMAND ["C:\\Program Files\\Git\\cmd\\git.exe","apply","-R","engineering/evidence/FP-0111/raw/mutation-M21.diff"]
RESULT {"executable":"C:\\Program Files\\Git\\cmd\\git.exe","arguments":["apply","-R","engineering/evidence/FP-0111/raw/mutation-M21.diff"],"cwd":"C:\\Users\\requi\\.omp\\wt\\te63ab7b1b\\m","started_at":"2026-10-09T20:56:22.323Z","exit_code":0,"signal":null,"timed_out":false,"error":null,"duration_ms":23}

COMMAND ["C:\\Program Files\\Git\\usr\\bin\\sha256sum.exe","src/font/gdef.zig"]
d3e7904d29900fa0861236dae9458ea7c79497d5531e257b18904b63d2fcc612 *src/font/gdef.zig
RESULT {"executable":"C:\\Program Files\\Git\\usr\\bin\\sha256sum.exe","arguments":["src/font/gdef.zig"],"cwd":"C:\\Users\\requi\\.omp\\wt\\te63ab7b1b\\m","started_at":"2026-10-09T20:56:22.406Z","exit_code":0,"signal":null,"timed_out":false,"error":null,"duration_ms":15}

COMMAND ["C:\\Program Files\\Git\\usr\\bin\\sha256sum.exe","src/font/gdef.zig"]
d3e7904d29900fa0861236dae9458ea7c79497d5531e257b18904b63d2fcc612 *src/font/gdef.zig
RESULT {"executable":"C:\\Program Files\\Git\\usr\\bin\\sha256sum.exe","arguments":["src/font/gdef.zig"],"cwd":"C:\\Users\\requi\\.omp\\wt\\te63ab7b1b\\m","started_at":"2026-10-09T20:56:23.382Z","exit_code":0,"signal":null,"timed_out":false,"error":null,"duration_ms":18}

COMMAND ["C:\\Program Files\\Git\\cmd\\git.exe","apply","engineering/evidence/FP-0111/raw/mutation-M22.diff"]
RESULT {"executable":"C:\\Program Files\\Git\\cmd\\git.exe","arguments":["apply","engineering/evidence/FP-0111/raw/mutation-M22.diff"],"cwd":"C:\\Users\\requi\\.omp\\wt\\te63ab7b1b\\m","started_at":"2026-10-09T20:56:23.461Z","exit_code":0,"signal":null,"timed_out":false,"error":null,"duration_ms":33}

COMMAND ["C:\\Program Files\\Git\\usr\\bin\\sha256sum.exe","src/font/gdef.zig"]
b0bd6f54bba68dc5424b8f28352a9de385f1e1ff39231c82c39b189edb63db35 *src/font/gdef.zig
RESULT {"executable":"C:\\Program Files\\Git\\usr\\bin\\sha256sum.exe","arguments":["src/font/gdef.zig"],"cwd":"C:\\Users\\requi\\.omp\\wt\\te63ab7b1b\\m","started_at":"2026-10-09T20:56:23.564Z","exit_code":0,"signal":null,"timed_out":false,"error":null,"duration_ms":16}

COMMAND ["C:\\src\\fairpane\\.tools\\zig\\0.18.0-dev.120+9fe22a29b\\x86_64-windows\\zig.exe","build","test","--summary","all","--cache-dir","out/fp0111-mutation"]
test
+- FP-0082 case 16: a missing path exits with status 3 w
fairpane-js-parse: tests/js/parse/missing.js: FileNotFound
failed command: cd . && ".\\zig-out\\bin\\fairpane-js-parse.exe" file tests/js/parse/missing.js

test
+- FP-0082 case 16: invalid-utf8.js exits with status 3 w
fairpane-js-parse: .\tests\js\parse\invalid-utf8.js: InvalidUtf8
failed command: ".\\zig-out\\bin\\fairpane-js-parse.exe" file ".\\tests\\js\\parse\\invalid-utf8.js"

test
+- FP-0082 case 17: the census refuses an existing output file and exits with status 3 w
fairpane-js-parse: census: cannot create .\out\fp0111-mutation\o\0c925f44918d6f5adba948a0455992d0\existing.jsonl: PathAlreadyExists
failed command: ".\\zig-out\\bin\\fairpane-js-parse.exe" census ".\\tests\\js\\census\\sound" ".\\out\\fp0111-mutation\\o\\0c925f44918d6f5adba948a0455992d0\\existing.jsonl"

test
+- run test 83 pass, 3 fail (86 total)
error: 'layout_test.test.FP-0111 case 18: GDEF glyph classes, mark attachment classes, mark glyph sets, and ligature carets' failed:
       expected valid, got rejected .null_offset
       C:\Users\requi\.omp\wt\te63ab7b1b\m\tests\text\layout_test.zig:39:13: 0x7ff73f849f24 in valid__func_1604 (test_zcu.obj)
                   return error.TestUnexpectedResult;
                   ^
       C:\Users\requi\.omp\wt\te63ab7b1b\m\tests\text\layout_test.zig:816:24: 0x7ff73f859155 in test.FP-0111 case 18: GDEF glyph classes, mark attachment classes, mark glyph sets, and ligature carets (test_zcu.obj)
           try expectCoverage(try valid(try some(sets.set(0))), 1, &.{3});
                              ^
error: 'layout_test.test.FP-0111 case 20: malformed GDEF subtables are rejected or unsupported' failed:
       expected rejected offset_out_of_bounds, got rejected .null_offset
       C:\Users\requi\.omp\wt\te63ab7b1b\m\tests\text\layout_test.zig:58:5: 0x7ff73f84f568 in expectRejected__func_1635 (test_zcu.obj)
           return error.TestUnexpectedResult;
           ^
       C:\Users\requi\.omp\wt\te63ab7b1b\m\tests\text\layout_test.zig:885:9: 0x7ff73f851b93 in test.FP-0111 case 20: malformed GDEF subtables are rejected or unsupported (test_zcu.obj)
               try expectRejected(.offset_out_of_bounds, try some((try valid((try fx.gdef()).markGlyphSets())).set(0)));
               ^
error: 'layout_fixture_test.test.FP-0111 case 25: each fixture's GDEF, GSUB, and GPOS structures equal its version 2 fontTools dump' failed:
       noto-sans gdef .mark_glyph_sets.sets[0]: expected valid, parser rejected
       C:\Users\requi\.omp\wt\te63ab7b1b\m\tests\text\layout_fixture_test.zig:26:9: 0x7ff73f7ee847 in fail__func_838 (test_zcu.obj)
               return error.TestUnexpectedResult;
               ^
       C:\Users\requi\.omp\wt\te63ab7b1b\m\tests\text\layout_fixture_test.zig:49:9: 0x7ff73f7a7a05 in valid__func_911 (test_zcu.obj)
               return switch (status) {
               ^
       C:\Users\requi\.omp\wt\te63ab7b1b\m\tests\text\layout_fixture_test.zig:314:40: 0x7ff73f7b141f in checkGdef (test_zcu.obj)
                   try checkCoverage(ws, set, try ws.valid(try ws.some(parsed.set(@intCast(i)))));
                                              ^
       C:\Users\requi\.omp\wt\te63ab7b1b\m\tests\text\layout_fixture_test.zig:362:5: 0x7ff73f7b299f in checkFixture (test_zcu.obj)
           try checkGdef(arena, .{ .font = f.dir, .table = "gdef", .path = "" }, e.get("gdef").?, parsed.gdef(), num_glyphs);
           ^
       C:\Users\requi\.omp\wt\te63ab7b1b\m\tests\text\layout_fixture_test.zig:369:9: 0x7ff73f7b2b7b in test.FP-0111 case 25: each fixture's GDEF, GSUB, and GPOS structures equal its version 2 fontTools dump (test_zcu.obj)
               try checkFixture(arena.allocator(), f);
               ^
failed command: cd . && ".\\out\\fp0111-mutation\\o\\4d633771f921f5910ded866b8da92541\\test.exe" "--cache-dir=.\\out\\fp0111-mutation" --seed=0xe3fee9d8 --listen=-

test
+- run test w
FP-0082 case 10: measured stack use 21104 bytes for 1022 terms and 20976 bytes for 1021 parentheses
failed command: cd . && ".\\out\\fp0111-mutation\\o\\8667bd310d017836b536c2d87c3e1165\\test.exe" "--cache-dir=.\\out\\fp0111-mutation" --seed=0xe3fee9d8 --listen=-

Build Summary: 99/101 steps succeeded (1 failed); 410/413 tests passed (3 failed)
test transitive failure
+- run test 327 pass (327 total) 1m MaxRSS:396M
|  +- compile test debug native success 15s MaxRSS:994M
+- run test 83 pass, 3 fail (86 total)
|  +- compile test debug native success 7s MaxRSS:508M
+- FP-0007 case 13: case 2 passes with exit status 0 success 94ms
|  +- install fairpane-lab success
|     +- compile exe fairpane-lab debug native success 5s MaxRSS:370M
+- FP-0007 case 13: case 3 fails with exit status 1 success 88ms
|  +- install fairpane-lab (+1 more reused dependencies)
+- FP-0007 case 13: case 4 is unsupported with exit status 2 success 91ms
|  +- install fairpane-lab (+1 more reused dependencies)
+- FP-0007 case 13: case 1 is a harness error with exit status 3 success 108ms
|  +- install fairpane-lab (+1 more reused dependencies)
+- FP-0007 case 13: case 8 times out with exit status 4 success 98ms
|  +- install fairpane-lab (+1 more reused dependencies)
+- FP-0007 case 13: an unknown command exits with status 64 and writes no result success 100ms
|  +- install fairpane-lab (+1 more reused dependencies)
+- FP-0008 case 26: case 18 passes with exit status 0 success 106ms
|  +- install fairpane-lab (+1 more reused dependencies)
+- FP-0008 case 26: the token_count variant of case 19 fails with exit status 1 success 110ms
|  +- install fairpane-lab (+1 more reused dependencies)
+- FP-0008 case 26: the <p> case of case 21 is unsupported with exit status 2 success 95ms
|  +- install fairpane-lab (+1 more reused dependencies)
+- FP-0123 case 15 Lab-7: the UTF-16BE tokenize case of Lab-3 passes with exit status 0 success 104ms
|  +- install fairpane-lab (+1 more reused dependencies)
+- FP-0007 case 14: minimize reduces a failing fetch case with a 4096-byte body success 168ms
|  +- install fairpane-lab (+1 more reused dependencies)
+- FP-0007 case 14: the minimized case fails the same check success 18ms
|  +- install fairpane-lab (+1 more reused dependencies)
|  +- FP-0007 case 14: minimize reduces a failing fetch case with a 4096-byte body (+1 more reused dependencies)
+- FP-0007 case 14: the minimized document body is 1-minimal success 26ms
|  +- compile exe fairpane-lab-check debug native success 5s MaxRSS:359M
|  +- FP-0007 case 14: minimize reduces a failing fetch case with a 4096-byte body (+1 more reused dependencies)
+- FP-0007 case 14: minimize refuses a passing case success 115ms
|  +- install fairpane-lab (+1 more reused dependencies)
+- FP-0007 case 14: a refused minimization writes nothing success 67ms
|  +- compile exe fairpane-lab-check debug native (reused)
|  +- FP-0007 case 14: minimize refuses a passing case (+1 more reused dependencies)
+- FP-0054 case 5: minimize refuses an --out path that names the input file through another spelling success 92ms
|  +- install fairpane-lab (+1 more reused dependencies)
|  +- FP-0054 case 5: create a fresh directory success 75ms
|  |  +- compile exe fairpane-lab-check debug native (reused)
|  +- FP-0054 case 5: create a fresh directory (+1 more reused dependencies)
+- FP-0054 case 5: the refused minimization leaves the input unchanged success 98ms
|  +- compile exe fairpane-lab-check debug native (reused)
|  +- FP-0054 case 5: create a fresh directory (+1 more reused dependencies)
|  +- FP-0054 case 5: minimize refuses an --out path that names the input file through another spelling (+3 more reused dependencies)
+- FP-0054 revision 1 case 1: minimize refuses an --out path that is a hard link to the input file success 86ms
|  +- install fairpane-lab (+1 more reused dependencies)
|  +- FP-0054 revision 1 case 1: create a fresh directory success 63ms
|     +- compile exe fairpane-lab-check debug native (reused)
+- FP-0054 revision 1 case 1: the refused command leaves the input unchanged success 44ms
|  +- compile exe fairpane-lab-check debug native (reused)
|  +- FP-0054 revision 1 case 1: create a fresh directory (+1 more reused dependencies)
|  +- FP-0054 revision 1 case 1: minimize refuses an --out path that is a hard link to the input file (+2 more reused dependencies)
+- FP-0054 revision 1 case 2: run refuses a --transcript path that is a hard link to the input file success 82ms
|  +- install fairpane-lab (+1 more reused dependencies)
|  +- FP-0054 revision 1 case 2: create a fresh directory success 70ms
|     +- compile exe fairpane-lab-check debug native (reused)
+- FP-0054 revision 1 case 2: the refused command leaves the input unchanged success 47ms
|  +- compile exe fairpane-lab-check debug native (reused)
|  +- FP-0054 revision 1 case 2: create a fresh directory (+1 more reused dependencies)
|  +- FP-0054 revision 1 case 2: run refuses a --transcript path that is a hard link to the input file (+2 more reused dependencies)
+- FP-0054 revision 1 case 3: minimize refuses an --out path that names the input file in other letter case success 96ms
|  +- install fairpane-lab (+1 more reused dependencies)
|  +- FP-0054 revision 1 case 3: create a fresh directory success 69ms
|     +- compile exe fairpane-lab-check debug native (reused)
+- FP-0054 revision 1 case 3: the refused command leaves the input unchanged success 96ms
|  +- compile exe fairpane-lab-check debug native (reused)
|  +- FP-0054 revision 1 case 3: create a fresh directory (+1 more reused dependencies)
|  +- FP-0054 revision 1 case 3: minimize refuses an --out path that names the input file in other letter case (+2 more reused dependencies)
+- FP-0054 revision 1 case 4: minimize writes over a separate byte-identical copy of the input file success 101ms
|  +- install fairpane-lab (+1 more reused dependencies)
|  +- FP-0054 revision 1 case 4: create a fresh directory success 68ms
|     +- compile exe fairpane-lab-check debug native (reused)
+- FP-0054 revision 1 case 4: the written case is a version 2 case derived from the input digest success 96ms
|  +- compile exe fairpane-lab-check debug native (reused)
|  +- FP-0054 revision 1 case 4: create a fresh directory (+1 more reused dependencies)
|  +- FP-0054 revision 1 case 4: minimize writes over a separate byte-identical copy of the input file (+2 more reused dependencies)
+- FP-0054 revision 1 case 5: run, minimize, and replay report files one byte above the size limit success 224ms
|  +- compile exe fairpane-lab-check debug native (reused)
|  +- FP-0054 revision 1 case 5: create a fresh directory success 67ms
|  |  +- compile exe fairpane-lab-check debug native (reused)
|  +- install fairpane-lab (+1 more reused dependencies)
+- FP-0076 case 3: minimize writes over an existing out.json whose ACL denies read-data access to Everyone success 101ms
|  +- install fairpane-lab (+1 more reused dependencies)
|  +- FP-0076 case 3: create a fresh directory success 80ms
|     +- compile exe fairpane-lab-check debug native (reused)
+- FP-0076 case 3: out.json is a version 2 case derived from the input digest success 12ms
|  +- compile exe fairpane-lab-check debug native (reused)
|  +- FP-0076 case 3: create a fresh directory (+1 more reused dependencies)
|  +- FP-0076 case 3: restore read access to out.json success 93ms
|     +- compile exe fairpane-lab-check debug native (reused)
|     +- FP-0076 case 3: create a fresh directory (+1 more reused dependencies)
|     +- FP-0076 case 3: minimize writes over an existing out.json whose ACL denies read-data access to Everyone (+2 more reused dependencies)
+- FP-0076 case 4: minimize reports the output path out|.json, which cannot be identified success 90ms
|  +- install fairpane-lab (+1 more reused dependencies)
|  +- FP-0076 case 4: create a fresh directory success 73ms
|     +- compile exe fairpane-lab-check debug native (reused)
+- FP-0076 case 4: the directory gains no file success 44ms
|  +- compile exe fairpane-lab-check debug native (reused)
|  +- FP-0076 case 4: create a fresh directory (+1 more reused dependencies)
|  +- FP-0076 case 4: minimize reports the output path out|.json, which cannot be identified (+2 more reused dependencies)
+- FP-0076 case 7: the revision 1 case 5 helper reports failing checks and removes both oversized files success 141ms
|  +- compile exe fairpane-lab-check debug native (reused)
|  +- FP-0076 case 7: create a fresh directory success 61ms
|  |  +- compile exe fairpane-lab-check debug native (reused)
|  +- compile exe fairpane-lab-check debug native (reused)
+- FP-0076 case 7: no file remains after the failing run success 50ms
|  +- compile exe fairpane-lab-check debug native (reused)
|  +- FP-0076 case 7: create a fresh directory (+1 more reused dependencies)
|  +- FP-0076 case 7: the revision 1 case 5 helper reports failing checks and removes both oversized files (+3 more reused dependencies)
+- FP-0011 case 4: leaf_invokes_to_number.zig success 816ms
+- FP-0011 case 4: leaf_invokes_number_to_string.zig success 972ms
+- FP-0011 case 4: allocation_invokes_call.zig success 914ms
+- FP-0011 case 4: leaf_allocates.zig success 864ms
+- FP-0011 case 4: mutation_throws.zig success 758ms
+- FP-0011 case 4: leaf_calls_behavior.zig success 858ms
+- FP-0011 case 4: leaf_positive.zig success 715ms
+- FP-0011 case 5: catalog_callback_alone.zig success 749ms
+- FP-0011 case 5: catalog_exception_alone.zig success 854ms
+- FP-0011 case 5: catalog_duplicate_id.zig success 587ms
+- FP-0011 case 5: kernel_wider_context.zig success 657ms
+- FP-0011 case 5: kernel_undeclared_throw.zig success 802ms
+- FP-0011 case 8: layout_undescribed_field.zig success 709ms
+- FP-0011 case 8: layout_plain_reference.zig success 656ms
+- FP-0011 case 8: layout_missing_field.zig success 709ms
+- FP-0011 case 20: abi_reference_value.zig success 816ms
+- FP-0011 case 20: abi_nan_box_value.zig success 796ms
+- FP-0011 case 20: abi_tagged_index_value.zig success 827ms
+- FP-0011 case 34: leaf_reaches_heap.zig success 723ms
+- FP-0011 case 35: leaf_widens_context.zig success 912ms
+- FP-0011 case 36: binding_missing_kernel.zig success 687ms
+- FP-0011 case 36: binding_stray_kernel.zig success 700ms
+- library-test success
|  +- run test cached
|  |  +- compile test debug native cached 70ms MaxRSS:21M
|  +- FP-0066 case 1: ReleaseSafe libraries built in two directories are byte-identical success 18ms
|  |  +- compile exe fairpane-library-check debug native cached 133ms MaxRSS:21M
|  |  +- archive fairpane.lib safe success 25ms
|  |  |  +- compile obj fairpane_zcu safe native success 5s MaxRSS:176M
|  |  |     +- WriteFile fp0066-tree-a/src success
|  |  +- archive fairpane.lib safe success 23ms
|  |     +- compile obj fairpane_zcu safe native success 5s MaxRSS:177M
|  |        +- WriteFile fp0066-tree-a/src (reused)
|  +- FP-0066 case 2: the ReleaseSafe library contains neither its build directory nor the compiler installation directory success 57ms
|  |  +- compile exe fairpane-library-check debug native (reused)
|  |  +- archive fairpane.lib safe (+1 more reused dependencies)
|  |  +- WriteFile fp0066-tree-a/src (reused)
|  +- FP-0066 case 4: the Debug library keeps debug information that names the absolute source directory success 52ms
|  |  +- compile exe fairpane-library-check debug native (reused)
|  |  +- archive fairpane.lib debug success 25ms
|  |     +- compile obj fairpane_zcu debug native success 3s MaxRSS:271M
|  +- FP-0066 case 5: the ReleaseSafe library's only member is the object, named without a directory success 9ms
|  |  +- compile exe fairpane-library-check debug native (reused)
|  |  +- archive fairpane.lib safe (+1 more reused dependencies)
|  +- FP-0066: every member header of the ReleaseSafe library has a zero time stamp, owner, and group success 10ms
|     +- compile exe fairpane-library-check debug native (reused)
|     +- archive fairpane.lib safe (+1 more reused dependencies)
+- FP-0082 case 16: valid.js exits with status 0 and prints the T9 dump success 80ms
|  +- install fairpane-js-parse success
|     +- compile exe fairpane-js-parse debug native success 4s MaxRSS:343M
|        +- WriteFile src success
+- FP-0082 case 16: syntax.js exits with status 1 and prints its syntax error success 81ms
|  +- install fairpane-js-parse (+1 more reused dependencies)
+- FP-0082 case 16: unsupported.js exits with status 2 and prints its unsupported outcome success 78ms
|  +- install fairpane-js-parse (+1 more reused dependencies)
+- FP-0082 case 16: invalid-utf8.js exits with status 3 success 85ms
|  +- install fairpane-js-parse (+1 more reused dependencies)
+- FP-0082 case 16: a missing path exits with status 3 success 83ms
|  +- install fairpane-js-parse (+1 more reused dependencies)
+- FP-0082 case 16: no arguments exits with status 3 and writes the usage success 85ms
|  +- install fairpane-js-parse (+1 more reused dependencies)
+- FP-0082 case 17: the census of the sound fixture exits with status 0 success 90ms
|  +- install fairpane-js-parse (+1 more reused dependencies)
+- FP-0082 case 17: the census of the unsound fixture exits with status 1 success 93ms
|  +- install fairpane-js-parse (+1 more reused dependencies)
+- FP-0082 case 17: the census refuses an existing output file and exits with status 3 success 92ms
   +- install fairpane-js-parse (+1 more reused dependencies)
   +- WriteFile existing.jsonl cached

error: the following build command exited with code 1:
C:\src\fairpane\.zig-cache\global\o\253f29e51d3f235ff7bb0cfb57b92bf7\maker.exe build --zig-lib=C:\src\fairpane\.tools\zig\0.18.0-dev.120+9fe22a29b\x86_64-windows\lib --zig=C:\src\fairpane\.tools\zig\0.18.0-dev.120+9fe22a29b\x86_64-windows\zig.exe --global-cache=C:\src\fairpane\.zig-cache\global --seed=0xe3fee9d8 test --summary all --cache-dir out/fp0111-mutation
RESULT {"executable":"C:\\src\\fairpane\\.tools\\zig\\0.18.0-dev.120+9fe22a29b\\x86_64-windows\\zig.exe","arguments":["build","test","--summary","all","--cache-dir","out/fp0111-mutation"],"cwd":"C:\\Users\\requi\\.omp\\wt\\te63ab7b1b\\m","started_at":"2026-10-09T20:56:23.654Z","exit_code":1,"signal":null,"timed_out":false,"error":null,"duration_ms":81854,"environment_overrides":{"ZIG_GLOBAL_CACHE_DIR":"C:\\src\\fairpane\\.zig-cache\\global"}}

COMMAND ["C:\\Program Files\\Git\\cmd\\git.exe","apply","-R","engineering/evidence/FP-0111/raw/mutation-M22.diff"]
RESULT {"executable":"C:\\Program Files\\Git\\cmd\\git.exe","arguments":["apply","-R","engineering/evidence/FP-0111/raw/mutation-M22.diff"],"cwd":"C:\\Users\\requi\\.omp\\wt\\te63ab7b1b\\m","started_at":"2026-10-09T20:57:45.576Z","exit_code":0,"signal":null,"timed_out":false,"error":null,"duration_ms":23}

COMMAND ["C:\\Program Files\\Git\\usr\\bin\\sha256sum.exe","src/font/gdef.zig"]
d3e7904d29900fa0861236dae9458ea7c79497d5531e257b18904b63d2fcc612 *src/font/gdef.zig
RESULT {"executable":"C:\\Program Files\\Git\\usr\\bin\\sha256sum.exe","arguments":["src/font/gdef.zig"],"cwd":"C:\\Users\\requi\\.omp\\wt\\te63ab7b1b\\m","started_at":"2026-10-09T20:57:45.663Z","exit_code":0,"signal":null,"timed_out":false,"error":null,"duration_ms":16}
